video_id,base_id,is_original,class_label,num_frames,active_side_detected,elbow_angle_active_mean,elbow_angle_other_mean,wrist_height_active_mean,torso_lean_angle_mean,elbow_forward_drift_active_mean,elbow_angle_active_vel_mean,wrist_height_active_vel_mean,torso_lean_vel_mean,elbow_angle_active_std,elbow_angle_other_std,wrist_height_active_std,torso_lean_angle_std,elbow_forward_drift_active_std,elbow_angle_active_vel_std,wrist_height_active_vel_std,torso_lean_vel_std,elbow_angle_active_min,elbow_angle_other_min,wrist_height_active_min,torso_lean_angle_min,elbow_forward_drift_active_min,elbow_angle_active_vel_min,wrist_height_active_vel_min,torso_lean_vel_min,elbow_angle_active_max,elbow_angle_other_max,wrist_height_active_max,torso_lean_angle_max,elbow_forward_drift_active_max,elbow_angle_active_vel_max,wrist_height_active_vel_max,torso_lean_vel_max,elbow_angle_active_range,elbow_angle_other_range,wrist_height_active_range,torso_lean_angle_range,elbow_forward_drift_active_range,elbow_angle_active_vel_range,wrist_height_active_vel_range,torso_lean_vel_range,sequence_length
vid_0001_aug_0,vid_0001,False,Drag,69,left,105.58757330512363,124.78083608486997,-0.8217336142718156,18.04371564380694,-0.19523030783550138,-0.13561688620975917,0.0034723589405992296,-0.0022886019233710276,28.31713506400174,23.655104640613867,0.21117535831686243,6.314671426897547,0.17208729062003983,6.126267307387539,0.039745545325041626,2.115529840095222,65.37352356967827,80.71014292700276,-1.1631028438875868,6.075191681735728,-0.46381151056850656,-14.32725528332486,-0.09666026355705382,-5.899796200288248,166.06266599928085,177.98062597351083,-0.4742553002511449,30.788695684666237,0.17744203507814907,14.816156348221767,0.10460751526490042,5.2847478451000764,100.68914242960258,97.27048304650806,0.6888475436364419,24.71350400293051,0.6412535456466556,29.143411631546627,0.20126777882195424,11.184544045388325,69.0
vid_0001_aug_1,vid_0001,False,Drag,78,left,105.6861998525635,124.86589203664046,-0.8139547090552153,18.046057486270875,-0.183192273261487,-0.2509128815612892,0.0015919367937976099,-0.06825119308585777,27.541775244771934,22.330931042926583,0.20954508762733134,5.536394069431134,0.17144001314677315,6.049898470546527,0.038094299528454494,1.6967190398326175,61.77725855897844,84.42947720828845,-1.1597424473658813,7.1850460301407955,-0.474473530398583,-16.042944617117342,-0.11095682211984748,-4.723050508008598,156.50273708203392,172.03288371816356,-0.47016818949466654,30.022294257662868,0.13543734835780485,10.875588613520534,0.1309609909288602,4.794298521156559,94.72547852305547,87.60340650987511,0.6895742578712147,22.83724822752207,0.6099108787563878,26.918533230637877,0.24191781304870769,9.517349029165157,78.0
vid_0001_aug_2,vid_0001,False,Drag,65,left,106.22414265197125,124.59198289914184,-0.8335602423760547,18.452265063727634,-0.20072972281733023,-0.22390336762724383,0.0019316718474887524,-0.07966345813873052,28.743458495616316,23.494608773474212,0.2272040711259434,6.275700092051266,0.15811247379299845,5.925770678579086,0.040424272512994054,2.078512452548206,57.6952363538375,93.7003479466926,-1.2103422584867118,6.525380369256357,-0.4869999379300914,-12.971845395973858,-0.11034299532838027,-5.479294148176816,165.37905483187612,173.46087162862628,-0.4782268943586965,30.911679128255805,0.10573996526260493,18.559403267201567,0.10834811629694474,3.748895465133833,107.68381847803862,79.76052368193368,0.7321153641280154,24.386298758999448,0.5927399031926963,31.531248663175425,0.218691111625325,9.228189613310649,65.0
vid_0001_aug_3,vid_0001,False,Drag,69,left,105.83367291002624,125.8189447457497,-0.8337658675862303,17.83533604885512,-0.1754701168068669,-0.36849515959793144,0.0016635088032142362,-0.11477730668213573,27.752063792286226,23.744385450536626,0.21634027052768795,6.562376189583864,0.1731288516916502,5.826456203367483,0.040682544097284,2.2437977810292318,61.993975562940484,80.85883531187405,-1.2189221600314615,4.618980434595427,-0.4693124849389569,-19.451415002665485,-0.09397678376927177,-9.49889486231967,170.30521481906493,173.19609409658483,-0.44941412718626783,29.916857923828886,0.09443465287052266,12.119093512234421,0.08301814021359083,4.35841341801501,108.31123925612445,92.33725878471078,0.7695080328451936,25.297877489233457,0.5637471378094796,31.570508514899906,0.1769949239828626,13.85730828033468,69.0
vid_0001_aug_4,vid_0001,False,Drag,80,left,106.64908979911327,123.27122665035142,-0.8392773201861472,17.91958493078943,-0.20551376708641386,-0.04384438237702941,0.0027533544551601547,0.08196744959381115,28.524474726737235,24.23291954893627,0.22147861713247136,5.871894856900215,0.15994849355566373,6.024531371088007,0.04611643865586286,1.8728297358464667,63.89430001306961,84.94300385624533,-1.243783855822292,5.17284576321988,-0.47246954878115555,-12.910821637638868,-0.09999908344176911,-4.877075318889544,170.85913587151947,177.84779327368267,-0.4878269613390207,29.631818448476317,0.0976901377853282,28.329595904051672,0.1022126698386,5.46110677180015,106.96483585844986,92.90478941743734,0.7559568944832713,24.458972685256438,0.5701596865664837,41.24041754169054,0.2022117532803691,10.338182090689694,80.0
vid_0001_aug_5,vid_0001,False,Drag,78,left,107.2059047474633,123.4180567544074,-0.8358474244030604,18.224243362545256,-0.19113182297169634,-0.10635694710531815,0.0024745598880517063,0.061273097446148,27.963811242776988,23.646688755313104,0.22486400918802793,5.735717562379628,0.16440078527799903,6.796324256354076,0.04672703385844274,1.9241463320510865,62.36953579741699,87.96941803373373,-1.3984099103876841,6.48557232285045,-0.44414893389073723,-12.265731206663034,-0.1671728303870159,-5.261356510851959,168.2562712943815,176.62457371815404,-0.4894845805214334,29.254098505061368,0.15996703591016803,23.84500478760097,0.09790249983257893,4.062783080732165,105.8867354969645,88.65515568442031,0.9089253298662507,22.76852618221092,0.6041159698009053,36.110735994264004,0.26507533021959484,9.324139591584125,78.0
vid_0001_aug_6,vid_0001,False,Drag,72,left,105.91249598124043,122.96873163999233,-0.8242670276883787,18.26395600612999,-0.1976775731501339,-0.5477987050114399,0.004155062290447337,-0.022768897347842067,29.913729265921255,24.020723174567966,0.2434600935626573,5.96984812314485,0.168148239519298,5.500741852997117,0.047599965262158817,2.088120519159197,59.041061538645565,84.20188859647835,-1.3090583044447826,7.31672606938018,-0.5173019424998659,-11.605558961349232,-0.1135607365680883,-5.932621608979341,159.434209141672,174.68125351317826,-0.4759607213385665,31.96269548662454,0.16057587879219304,14.249783477733182,0.12284720147314276,6.393581339315686,100.39314760302643,90.47936491669991,0.8330975831062161,24.64596941724436,0.677877821292059,25.855342439082413,0.23640793804123106,12.326202948295027,72.0
vid_0001_aug_7,vid_0001,False,Drag,60,left,105.35850335271171,123.90642017881842,-0.8241281162695471,18.015048734780464,-0.18846158047456338,-0.30169912180116293,0.003299615424465991,-0.055821813453793175,26.662969184607366,21.590399288688744,0.21773697002643577,5.811639456090888,0.16534708856953445,6.285422810972025,0.043151001547979476,1.7254584524767445,52.810856025655085,83.43696556771094,-1.20625624428888,4.774519902356845,-0.432048104678858,-20.165597581008207,-0.07078546942303088,-3.5024632481063573,161.9233496215481,170.8630821814596,-0.4359968696704643,27.269751431189224,0.12600369921646826,12.64904485574067,0.09239805502665921,4.580915431931899,109.11249359589303,87.42611661374865,0.7702593746184156,22.495231528832377,0.5580518038953263,32.814642436748876,0.1631835244496901,8.083378680038257,60.0
vid_0001_aug_8,vid_0001,False,Drag,83,left,105.85068880711192,123.49633482801818,-0.8226562643905402,18.289650428051424,-0.19868274824971616,-0.4214449519427129,0.0026776114286242527,0.0052505823644559855,29.132092064935115,24.617272421991558,0.21596714413889964,6.035456316078356,0.16173849480521815,5.756073427957492,0.041471634411200754,1.6866145619801252,56.356265779265506,88.2159229355585,-1.1978967917229164,5.509182378620015,-0.4754514710239174,-12.814780018786927,-0.10457339150604533,-4.487692365162371,157.97232284854007,177.06191435029666,-0.4872752308214286,30.286555783973146,0.10466756300927506,12.010747511403771,0.09489232475315773,3.2739659186287966,101.61605706927458,88.84599141473817,0.7106215609014879,24.77737340535313,0.5801190340331924,24.825527530190698,0.19946571625920306,7.761658283791167,83.0
vid_0001_aug_9,vid_0001,False,Drag,83,left,106.07981233455104,124.7123419361776,-0.8323498299126296,18.68915078968393,-0.20119322484807334,-0.16915703017439937,0.002757291733942361,-0.039239950208721196,28.073583920568748,22.618508880679904,0.21909752049971049,5.848951050937772,0.16482164589067108,5.581598762213625,0.0401638325956849,1.6502694668685065,61.93619607296908,95.7037396603075,-1.2995384208083616,6.951547360764043,-0.45827855048074223,-13.546911658504882,-0.07986412231417739,-3.813270433756818,156.3263589398427,178.44752408870386,-0.4996134227008299,29.44734431426084,0.1622883553456734,16.88276471364307,0.10411981687067151,4.4358417818013045,94.39016286687361,82.74378442839635,0.7999249981075316,22.495796953496797,0.6205669058264156,30.429676372147952,0.1839839391848489,8.249112215558123,83.0
vid_0001_orig,vid_0001,True,Drag,72,left,106.41048183304855,125.41677805877018,-0.8301342445063233,18.04751950802013,-0.19915248007633649,-0.42584527078688406,0.003419708825579252,-0.0012000329488242405,27.61498632015368,22.76204785364663,0.21717218177171532,5.761911052422072,0.16159891407927482,2.748499654153433,0.025387881951345437,1.4076221338645194,69.95094779916778,96.11614009077317,-1.1752280038840492,6.845200275097736,-0.43877978790263056,-6.156934064685707,-0.057764598360899144,-3.13935193983718,155.47518229704983,172.88958833273747,-0.5492000899191819,28.706333663944083,0.10510736677881889,6.920129037935851,0.0676210634992242,3.1545999580135575,85.52423449788205,76.7734482419643,0.6260279139648673,21.861133388846348,0.5438871546814494,13.077063102621558,0.12538566186012334,6.293951897850738,72.0
vid_0002_aug_0,vid_0002,False,Drag,77,left,84.58405478283838,118.73886749414064,-0.6800470830297062,12.246650335598744,-0.2616229132167263,0.4132040583379818,-0.0004638295052070537,-0.07944020383695284,37.44472489754545,15.543222356204982,0.2954134059000592,7.5363919356858915,0.18876933442109012,6.8763528807515195,0.04627550614363134,1.93571778469402,37.06229062279328,79.90517487779022,-1.315828916545788,0.8014553971828833,-0.4994614215007714,-19.021402443202362,-0.09684778069326816,-6.08432137753476,175.24708383861082,157.810001277823,-0.30285380212822455,27.94142238119469,0.12016819656378756,17.76904070410452,0.15836181093158225,3.5188473933514333,138.18479321581754,77.90482640003279,1.0129751144175634,27.139966984011807,0.619629618064559,36.79044314730688,0.2552095916248504,9.603168770886192,77.0
vid_0002_aug_1,vid_0002,False,Drag,64,left,86.57575347195564,116.39418562393816,-0.6768994318117281,12.14998388224322,-0.2555306242081602,0.627202486259935,-4.725246681587178e-05,-0.13053861632258928,38.44149019685689,15.91250907604913,0.2943431814384445,7.313512155558856,0.19770596465182635,6.116199827953681,0.050089173140079914,2.2434516801873188,38.67621601366612,77.17719019019874,-1.310297431475799,1.0977073115530873,-0.49579048935927683,-16.774375691859184,-0.09657363037644767,-8.193216888660587,172.905910208826,149.91453336772568,-0.24549558376068947,27.448817665957584,0.1179654610976615,13.293035724375045,0.13988850260971897,3.647994876558987,134.22969419515988,72.73734317752694,1.0648018477151093,26.351110354404497,0.6137559504569383,30.06741141623423,0.23646213298616664,11.841211765219573,64.0
vid_0002_aug_2,vid_0002,False,Drag,82,left,83.81297419328506,118.666782392424,-0.6599450218967686,12.587239267074493,-0.26445751418682184,0.28895840097092845,-0.0014840288423269884,-0.0954812072737366,37.24725666589871,14.848560285347666,0.291805721649411,7.194042373935504,0.18794195970650462,5.779613458958886,0.04978328836922049,2.2768459178107086,35.70544656130481,82.71260623719088,-1.3506642087103775,0.6636436418721552,-0.5402209851038063,-18.514829852461276,-0.10771880776338144,-9.704685670242228,171.2019099430335,153.57362911268353,-0.2827988023884017,27.152265748836292,0.1256125319807938,13.662953758453938,0.1490549873651818,5.093722290163189,135.4964633817287,70.86102287549265,1.067865406321976,26.488622106964137,0.6658335170846001,32.17778361091521,0.25677379512856324,14.798407960405417,82.0
vid_0002_aug_3,vid_0002,False,Drag,69,left,85.75396960438778,118.80495309067558,-0.6699052780530154,11.943075569263117,-0.2584941906443795,0.2516894180294301,-9.95706199019781e-05,-0.057980864554461484,37.10574579881016,15.086301120678893,0.28026427962864875,7.050895312809791,0.1861864276035896,6.354888771827112,0.04612676917317146,2.2743036587215664,37.47078979706209,80.19543436398513,-1.3198709834141855,2.0578703351309686,-0.5008214989141807,-24.250834609637387,-0.10859475311846745,-7.293398020144017,161.01074481552342,150.76498850311515,-0.26130863514342706,28.771495050879683,0.11386598502933439,14.12079979387456,0.1310831374402579,4.37680980040388,123.53995501846134,70.56955413913002,1.0585623482707585,26.713624715748715,0.6146874839435151,38.37163440351195,0.23967789055872535,11.670207820547898,69.0
vid_0002_aug_4,vid_0002,False,Drag,73,left,84.0939083906416,118.14337704561358,-0.6720988715382212,11.950595113291696,-0.26402594594446044,0.5881397013174933,-0.0017874097242910655,-0.11331591156062021,36.53602811567273,16.43491634968372,0.2940187256266623,7.361981323682433,0.18593506985773772,6.365077586508443,0.046620493388327196,2.1212918321389997,28.784240605697455,75.95964332907216,-1.322793791406773,1.8229054299100682,-0.5411301368406116,-20.38044559609837,-0.08596850902342928,-8.21389052884402,163.16210614969285,158.39973708370647,-0.23100168849633906,28.537293056470308,0.1232019018931668,12.917560832001392,0.1392915129965182,4.058572987984945,134.3778655439954,82.4400937546343,1.0917921029104338,26.71438762656024,0.6643320387337784,33.29800642809976,0.2252600220199475,12.272463516828966,73.0
vid_0002_aug_5,vid_0002,False,Drag,82,left,84.44020185810811,116.919104430865,-0.6754593650992231,12.096488021753052,-0.27377078624404216,0.2360991298750761,-0.0004784787492271942,-0.031926306005561296,36.65870660663588,16.318628765141533,0.2884052565139944,7.0635933586453525,0.18475546650993988,6.849886215424353,0.04864749567478896,1.9484479029056867,37.2153056805262,66.48046228851983,-1.283716873828236,1.2655492754965494,-0.514541912980523,-23.910582080764577,-0.1097141933297239,-6.637053704911419,165.2324889339921,152.70848489672605,-0.27608554905078864,25.775881594167064,0.1239798614191908,13.790178265835344,0.16155102259495613,4.898240052247661,128.0171832534659,86.22802260820622,1.0076313247774475,24.510332318670514,0.6385217743997138,37.70076034659992,0.27126521592468,11.53529375715908,82.0
vid_0002_aug_6,vid_0002,False,Drag,71,left,86.31817265845679,118.27033437356594,-0.6739481828202627,11.902031406979871,-0.2593371449223183,0.48569604235951985,-0.0004824431628771545,0.0032360440800780926,38.251245473939235,15.783015791973847,0.28472043909404227,7.026719007675935,0.1910411166204204,7.316880947565231,0.051708285091290405,1.9533044384443878,36.943751589038214,82.02022474488561,-1.287009472799643,1.0879989080193768,-0.5279440335008504,-27.458152571337358,-0.10428007717107829,-6.900115533019639,172.7087355141096,156.12639088033538,-0.2999906863562637,25.974533892634916,0.13592776622964134,12.073521105365991,0.175663988233684,3.588840822786861,135.7649839250714,74.10616613544977,0.9870187864433794,24.88653498461554,0.6638717997304917,39.53167367670335,0.2799440654047623,10.4889563558065,71.0
vid_0002_aug_7,vid_0002,False,Drag,78,left,85.45458174039322,118.61425365736442,-0.6723497546157244,12.116046862229792,-0.2608434078231596,0.6685029422529657,-0.0016515096594863648,-0.10853548262729674,37.388708478316126,15.356378474366968,0.28660946253175207,7.033003544463028,0.19074822087218835,6.0812530698475324,0.04593598765817304,1.855043229363393,35.84567320536192,67.88376549572203,-1.2968853980571389,0.3381450189533232,-0.5364419715922383,-24.11438946447128,-0.0940208717935423,-5.765112457602846,178.22786933430936,153.83475920621242,-0.27747846901807216,27.132052410538797,0.1318402995386885,16.156100979841554,0.142448435948904,3.251886640215125,142.38219612894744,85.9509937104904,1.0194069290390666,26.793907391585474,0.6682822711309268,40.270490444312834,0.2364693077424463,9.01699909781797,78.0
vid_0002_aug_8,vid_0002,False,Drag,77,left,86.2611037942455,117.12358619323844,-0.6720495789206323,11.934117865210297,-0.2613296075662077,0.7011437369179508,-0.001575578340068948,-0.042275472014114794,37.08686590626446,15.321485427597631,0.2808067798166945,7.2882758865196555,0.18808137994257604,6.2250720229072085,0.042320095340862264,1.862618981075907,40.36582977928866,80.6293301991683,-1.1862100520934833,1.5507217030507245,-0.5146762803576153,-21.266093722572393,-0.09910933718320764,-8.326423624711975,166.89429189319011,147.63776370341137,-0.3215172445153479,28.394468167431487,0.11730258707910222,17.81895096860353,0.11023751506694593,4.21433764673991,126.52846211390145,67.00843350424307,0.8646928075781354,26.843746464380764,0.6319788674367175,39.08504469117592,0.20934685225015356,12.540761271451885,77.0
vid_0002_aug_9,vid_0002,False,Drag,82,left,84.53197534579242,118.10254069126464,-0.6654469931773386,11.707431028853287,-0.2627743011397324,0.2050183631909072,-0.00017632586182978255,-0.08378345325066819,37.516084322249654,14.93499634814499,0.30544087372858586,7.4574729311776204,0.17321250563331278,6.482340115536992,0.050425252105212794,2.115646900301389,36.20586599378835,82.53237704472187,-1.331116069825148,0.38715239241455507,-0.4832622922943508,-27.87917991530793,-0.11215966802833288,-6.94391159848319,164.91603418797567,147.8572381530226,-0.28868653494381513,25.840877334307123,0.09024641945957168,15.928852370188572,0.1679590585450348,5.388623406826884,128.7101681941873,65.32486110830072,1.0424295348813328,25.453724941892567,0.5735087117539225,43.8080322854965,0.28011872657336767,12.332535005310074,82.0
vid_0002_orig,vid_0002,True,Drag,72,left,85.57366203800505,118.56257611590507,-0.6730995042820378,11.81186081665853,-0.26048043986775843,0.44425964054849804,-0.0010399232776930364,-0.07599541051502122,37.17610084653732,13.598865374663387,0.29068586125962037,7.343550223349303,0.18632531170468009,4.852630481290012,0.03372067729864085,1.8614755749339729,43.57246658230244,82.87694200267114,-1.2778755836486029,1.3728004961731766,-0.4670828695901431,-21.532255180100087,-0.07853791779161001,-8.443070222649062,163.62143995154335,148.55360381068897,-0.344571848780042,25.3620875358592,0.069007927940434,10.284355470364467,0.11137070579233638,3.9003136313554405,120.04897336924091,65.67666180801783,0.9333037348685609,23.989287039686022,0.5360907975305771,31.816610650464554,0.1899086235839464,12.343383854004504,72.0
vid_0003_aug_0,vid_0003,False,Drag,69,left,88.11866465292937,122.21322951665542,-0.7033435228151375,11.155406494505566,-0.2745693021951686,-0.6206613835206015,0.0018955990869732593,0.09474789739130067,35.31373549463184,20.314184267590427,0.2850947820929061,7.489888556052246,0.16993531222961117,6.053962105511986,0.050780524928775245,2.026355592031445,39.77564688558875,89.79641452006243,-1.2843510143415577,0.6561484950560162,-0.5126727459410665,-16.86470308600358,-0.09682237963862078,-5.070586814479628,159.2450784010724,174.87321167551542,-0.32011381084735346,25.732007346930722,0.13961575076410218,17.99834157752236,0.1286311490309704,5.565490846382901,119.46943151548365,85.076797155453,0.9642372034942043,25.075858851874706,0.6522884967051686,34.86304466352594,0.22545352866959117,10.63607766086253,69.0
vid_0003_aug_1,vid_0003,False,Drag,84,left,89.25383782726787,124.00505523771989,-0.6936184367643706,11.4209395904133,-0.27053784868818426,-0.6848165625772017,0.0009370535267679274,0.20662005958172283,36.42742081498229,19.441309303212734,0.2663290311085609,7.460643901800399,0.1554993025811261,6.430120813339332,0.04319612459877307,2.0680340415638083,41.50935301285191,91.50220393451438,-1.319377480813375,1.023505794735263,-0.5009682932249803,-18.73643152920704,-0.08920501684848292,-6.215821646729568,176.87936655044746,177.90305773393825,-0.28370931155662915,25.197383607999246,0.12370537544289101,10.786684408697973,0.11195198278224688,6.905967695188699,135.37001353759555,86.40085379942387,1.0356681692567458,24.17387781326398,0.6246736686678713,29.52311593790501,0.2011569996307298,13.121789341918266,84.0
vid_0003_aug_2,vid_0003,False,Drag,63,left,89.38808534278783,123.3283429903501,-0.7081653141613344,11.097255527260273,-0.28644402353098136,-0.2322038512373229,0.0037753508495239987,0.0557997335559568,37.209118191249715,20.426588620557908,0.2729122956976424,7.075110997637053,0.1571915967953926,6.794184592821084,0.044190076705406874,2.0600424904526853,39.37994844441856,93.30369654936818,-1.331497338106651,0.45752739462461284,-0.506157437049495,-15.901198924804,-0.091118961084243,-5.393368995996321,165.5371986411116,177.35251347838627,-0.3100133976439733,23.92121567570356,0.11900656043753778,16.174149513331667,0.11692129526239692,6.685879522194154,126.15725019669303,84.04881692901809,1.0214839404626779,23.463688281078948,0.6251639974870328,32.07534843813566,0.20804025634663992,12.079248518190475,63.0
vid_0003_aug_3,vid_0003,False,Drag,65,left,87.64250117234985,123.16182320759413,-0.7043801439435667,11.053782405202222,-0.2782404097656827,-0.45241497774555517,-0.0003980813109801627,0.23410331889837432,34.65996861629988,19.865941627740742,0.2719052535576474,7.244448884060488,0.16228341673990715,5.6069261172401585,0.053268430408351795,2.1837030917541114,37.67018807016499,87.14303531856328,-1.3445538055585764,0.5070405604353767,-0.488926589318566,-12.588572105144458,-0.13488975036911,-3.8594448375617114,157.0655618446507,176.03027565060546,-0.3153466714283317,23.098232959443468,0.15053524038223998,10.757396493090639,0.11337651714869379,9.458816150602376,119.3953737744857,88.88724033204218,1.0292071341302447,22.59119239900809,0.6394618297008059,23.345968598235096,0.24826626751780378,13.318260988164088,65.0
vid_0003_aug_4,vid_0003,False,Drag,75,left,89.14764878072705,123.38044335519925,-0.7014368310025066,11.182308598394954,-0.2841656000779249,-0.46841784543040205,0.0017251611458443034,0.11106994945248606,35.814641278714475,18.22676384688398,0.27691043072302807,7.155391001673887,0.150666639235713,5.844902614949776,0.046058643830445334,1.944299117586565,44.01871694307187,88.98323891390618,-1.3786854228544432,0.4422751099858879,-0.47271056035393816,-13.223353541748892,-0.1528293177332236,-5.974224478269311,165.70681649130486,170.50165912850153,-0.37102702960099254,22.584374395110128,0.051846174562361014,13.171653109986252,0.09846384065818437,4.886893503190979,121.688099548233,81.51842021459535,1.0076583932534506,22.14209928512424,0.5245567349162992,26.395006651735144,0.251293158391408,10.86111798146029,75.0
vid_0003_aug_5,vid_0003,False,Drag,66,left,90.0922754376077,123.28909518589757,-0.702847262593765,11.072774266099175,-0.25586542111441424,-0.6594071641694302,0.0033351275481477097,0.07829572581810665,38.08716539406457,20.07039987077839,0.27447412687763717,7.194869529429645,0.18058308169540083,7.634266360152074,0.048643876751938535,2.023865242236599,35.37202874126083,90.51809717340379,-1.3573521661367436,1.231863899685532,-0.4525307117582792,-31.661603339856654,-0.09127726018305088,-5.345209855461703,176.15530407417754,170.29084451824286,-0.30329972590979026,25.023048874870707,0.120892864532395,16.673161632942286,0.13147555533617428,4.8508977324340155,140.7832753329167,79.77274734483908,1.0540524402269533,23.791184975185175,0.5734235762906742,48.334764972798936,0.22275281551922516,10.196107587895717,66.0
vid_0003_aug_6,vid_0003,False,Drag,83,left,87.31033269562155,123.7274532848517,-0.6973952262226232,11.277304723272737,-0.26803481365869064,-0.27586413989191705,0.0013753636611492474,0.10312378677950076,35.742493259635474,19.430087438238633,0.2753306974904394,7.342849351744018,0.18137563499685577,5.97113515431905,0.04407683812410121,1.7836035582421235,37.66851989516311,90.48767965146664,-1.296490105278446,0.27062932159507025,-0.4969799554764135,-13.963150737350379,-0.0934658961014378,-4.021013368484211,169.19032842659058,174.16590240128215,-0.30620900147328234,24.176834977058554,0.17206340565272324,19.833835320668207,0.0995356312808145,4.525837459418826,131.52180853142747,83.67822274981552,0.9902811038051638,23.906205655463484,0.6690433611291368,33.79698605801859,0.1930015273822523,8.546850827903036,83.0
vid_0003_aug_7,vid_0003,False,Drag,63,left,86.58841165893982,124.16923581176233,-0.6982340455378124,11.142391562123567,-0.27987423055519145,-0.5749661689966181,0.0022627516434275655,0.10086183306791374,35.051576453942154,19.525147361636073,0.2789216488673224,7.525211068404992,0.16299501916830206,6.18661452541431,0.04317740247227471,1.8776028036845926,44.19674273956372,89.21944161015725,-1.2778622474274948,0.4207977204629219,-0.492612643373541,-19.50766900411373,-0.09587155199705033,-3.995913042290101,161.21631272195026,172.64114107575563,-0.350143402900724,24.616219971082877,0.1823343993397938,11.50567336290954,0.09407804978638157,5.941293911553075,117.01956998238654,83.42169946559838,0.9277188445267708,24.195422250619956,0.6749470427133348,31.01334236702327,0.1899496017834319,9.937206953843177,63.0
vid_0003_aug_8,vid_0003,False,Drag,70,left,90.23883948722589,121.80228849616269,-0.7054484200396346,11.14574725110817,-0.26867661646837654,-0.7868730565666444,0.0027380679886550873,0.019786800688577407,36.76239933771335,19.174046641718146,0.26530736512104697,7.314969035373482,0.16610011107901695,5.914275131258696,0.040643029277753706,1.8154509993715298,44.296785343189015,84.49720622398821,-1.3038463289849416,0.4907998324226966,-0.48124469597071706,-15.668940893485058,-0.09713985769718936,-3.9923032150230395,170.5706885644132,169.96829237448418,-0.3521927242538,26.797601342531664,0.11835151992360377,13.257766003283642,0.11003420497616401,4.637802195353126,126.27390322122417,85.47108615049596,0.9516536047311416,26.30680151010897,0.5995962158943209,28.9267068967687,0.20717406267335337,8.630105410376165,70.0
vid_0003_aug_9,vid_0003,False,Drag,71,left,90.69338903336512,123.8475251941227,-0.7082036376263682,11.411029828814375,-0.2718555679939662,-0.4512520062580766,0.001523605800833444,0.09811376706567013,34.959065202747304,19.262929038541298,0.2589194513842766,7.367208710832955,0.15378872440821456,5.5034126968253325,0.04555451360883111,1.8982144424385379,47.697771593809335,91.68976753709204,-1.2570778357282715,0.5532696566957748,-0.4700285811888568,-12.491563685795658,-0.09405838917868725,-3.878799236267758,158.74926264710174,172.29725761390108,-0.3222090089239964,25.322388178133007,0.11340546847605655,13.847418254984895,0.10080806467011383,4.886295240241761,111.05149105329241,80.60749007680904,0.9348688268042751,24.769118521437232,0.5834340496649134,26.338981940780553,0.19486645384880108,8.76509447650952,71.0
vid_0003_orig,vid_0003,True,Drag,72,left,89.53939051962477,123.94134131748842,-0.7017920232325927,10.813943997640594,-0.27617946663289544,-0.4616704927704455,0.0022891094427895434,0.08830870409509753,35.736873070425624,18.683677092018687,0.2654479851738487,7.519686122788008,0.15449974991308735,3.5740348637844774,0.02921199671951597,1.6971323351025194,46.890698770795325,95.09845519782998,-1.2519817709434518,0.9020465596319651,-0.45257880930306915,-8.39517248532919,-0.05995862219516668,-5.8321837655450235,156.4375391710284,168.1328439175654,-0.3787780203854263,23.029246023505323,0.12343473690093934,8.724130286080424,0.08018383322407563,4.363840097532075,109.54684040023307,73.03438871973542,0.8732037505580255,22.127199463873357,0.5760135462040085,17.119302771409615,0.1401424554192423,10.196023863077098,72.0
vid_0004_aug_0,vid_0004,False,Drag,82,left,96.12702375505374,118.74180654727446,-0.736089051909453,16.967480303896643,-0.1998318717517099,-0.9005182781192012,0.005454813384248653,-0.046549863174779944,28.28307310048715,24.335343847581647,0.2518214950059994,5.4178618115786366,0.15483527485586115,4.898104646169943,0.0410127561842795,1.8423994042839709,61.6263679647573,81.61262594980738,-1.2347460474997156,6.355624034382568,-0.4249237740878965,-16.23729019245515,-0.10134095949204572,-4.3866041713165895,165.59903044632298,178.06633052137983,-0.42656824343952965,28.12321235393242,0.1040405320827276,9.678932925720417,0.11199055215036213,4.329291605853704,103.97266248156569,96.45370457157244,0.8081778040601859,21.76758831954985,0.5289643061706241,25.916223118175566,0.21333151164240785,8.715895777170292,82.0
vid_0004_aug_1,vid_0004,False,Drag,80,left,98.49430646014176,119.93031377743485,-0.742515918264267,17.10820841954192,-0.19543241928961685,-0.9101549137178597,0.006268903518329566,0.05887703371607088,29.173265552875694,23.221528757577506,0.2617574956117616,5.588547981986122,0.14507950678132006,5.052538491609096,0.04162581523846245,2.2552076020764327,61.982072475115125,78.55813276925807,-1.265498514485841,3.079239350690431,-0.430485879530389,-13.439542454824164,-0.11287031467958364,-5.312171812763094,159.17141126390425,173.82542015196574,-0.3982261422228107,30.63012801881819,0.08985011823700881,8.486265207101187,0.09278155733389115,5.143341244768237,97.18933878878912,95.26728738270768,0.8672723722630303,27.550888668127758,0.5203359977673978,21.92580766192535,0.2056518720134748,10.45551305753133,80.0
vid_0004_aug_2,vid_0004,False,Drag,75,left,98.2817752593994,117.18517792919742,-0.7385822470087544,17.399011022729994,-0.1962584273069882,-1.2878019153432552,0.006116181585340564,0.046246309417597595,28.8334780360717,24.211407869590793,0.25801114110901435,5.351224330297619,0.14721127510602683,5.411387088849032,0.04402926768176846,2.1081881862342255,64.44015926140467,82.34583063024884,-1.2382915427657295,8.085509085766308,-0.41504916050460006,-18.500281779540472,-0.10005785266971243,-4.641536751411922,169.41359910797385,172.1336905625001,-0.4327509237570379,28.300705963239686,0.09424285758424081,9.863136962457155,0.11003343618763461,7.024529012925489,104.97343984656918,89.78785993225127,0.8055406190086916,20.215196877473378,0.5092920180888408,28.363418741997627,0.21009128885734704,11.66606576433741,75.0
vid_0004_aug_3,vid_0004,False,Drag,68,left,96.49730792818978,119.51964116608389,-0.7455820648176876,16.946487258768858,-0.20505542319176112,-1.075012951525148,0.008674246486128157,-0.020828305643505827,27.793597641860284,22.943739326769744,0.26164798801445543,5.36469312104643,0.15809864004662053,5.484667693013282,0.04031981097643792,1.9991063650551,57.79209302645049,80.23839811027368,-1.2560667135927384,4.366018899313148,-0.4501353495946985,-15.028757802763714,-0.10394970889958971,-4.118346888189759,155.60649642106318,176.65734167049422,-0.42625910221128505,30.60168097468234,0.11864515636287529,9.707387172828788,0.11126954896685792,4.202940030574311,97.8144033946127,96.41894356022054,0.8298076113814533,26.23566207536919,0.5687805059575738,24.736144975592502,0.21521925786644763,8.32128691876407,68.0
vid_0004_aug_4,vid_0004,False,Drag,82,left,95.46283299631743,118.99750927702182,-0.7409626220471998,17.378432377034155,-0.2043631144128183,-1.2128295962367126,0.007528427706062481,0.021469489399355304,28.869032851400153,25.714418636328503,0.2616409001463533,5.632935226906411,0.15176623366312073,6.0890867648540015,0.03686451968529509,1.8787543571523542,63.23404212599784,80.04908761923483,-1.2913372134824748,4.5804466487820825,-0.42422023485648735,-27.03450864602823,-0.10172476611856318,-3.622008641810714,169.17923169988677,176.8354864689375,-0.35790472943006413,29.21938831712207,0.09291368127099828,9.745078039488547,0.07286080115546933,6.072976958570024,105.94518957388894,96.78639884970266,0.9334324840524106,24.63894166833999,0.5171339161274856,36.779586685516776,0.17458556727403252,9.694985600380738,82.0
vid_0004_aug_5,vid_0004,False,Drag,65,left,98.20005677326242,117.76378051179144,-0.7388123030967703,17.073513349277288,-0.2048100588716299,-1.4812083489635113,0.007926354114750428,0.10361433811239944,30.438712743837996,25.916219583012396,0.2460992288835612,5.58250424854098,0.15017750131611787,5.899393514038028,0.038626916584962846,2.5421502695210005,62.85718489875994,80.6264717482299,-1.2207090231214273,5.528051804725457,-0.4439713707449247,-18.449106470598196,-0.10044460784667097,-8.58185090984613,161.0915254471492,176.60079879361004,-0.4412718619881876,29.12194625261413,0.05726847862843,8.615284423454256,0.08871993793583949,9.47960619434547,98.23434054838926,95.97432704538014,0.7794371611332397,23.593894447888673,0.5012398493733548,27.06439089405245,0.18916454578251046,18.0614571041916,65.0
vid_0004_aug_6,vid_0004,False,Drag,59,left,97.10100763751821,117.33702638143328,-0.7410276687201175,17.235622019173867,-0.21007739171680953,-1.4250871542001644,0.009785347597710374,-0.010128436522483747,28.69225727897999,26.481382081798234,0.24941543749962444,5.698328253344521,0.1490381923183451,5.821416119208523,0.04138569940000842,2.4194928540145653,57.087806434132666,73.5043928600746,-1.2314503697179155,2.767658916464853,-0.4827617828911777,-13.570877623799788,-0.0794322989597055,-4.802188398156668,160.83684055209267,178.19702853117332,-0.42029445419457845,29.636450257718188,0.09819458147454684,15.78058732284471,0.14204877262045934,5.528090780587139,103.74903411796001,104.69263567109871,0.8111559155233371,26.868791341253335,0.5809563643657245,29.351464946644498,0.22148107158016483,10.330279178743806,59.0
vid_0004_aug_7,vid_0004,False,Drag,64,left,97.44716064267855,118.09193967680118,-0.7450858660142157,17.344167505461872,-0.20396673529231066,-0.671619135251464,0.006004882808214799,-0.023568857019314562,30.61078491809671,23.798390739052135,0.2572717157828921,5.160374370867976,0.15588246238013026,7.389129494876826,0.04903557627342535,2.233715331666746,59.27061049099983,79.00387646917711,-1.3324053600683263,4.4303945085122525,-0.4112680371391806,-26.841077772749756,-0.11186991444475147,-5.067635453729538,173.0404919698335,173.59173480033854,-0.4366689371866763,27.78216075086786,0.11938831053783268,18.103461305508645,0.14986424118641672,3.8974270364182706,113.76988147883368,94.58785833116143,0.89573642288165,23.35176624235561,0.5306563476770133,44.9445390782584,0.2617341556311682,8.965062490147808,64.0
vid_0004_aug_8,vid_0004,False,Drag,64,left,95.52542377667729,115.87259964871245,-0.7373487933260247,17.215435549338313,-0.20056592937132373,-1.1557896236930691,0.006225183002746385,0.0005408325167892553,28.866095158451948,24.676137201827945,0.2588267891186353,5.547708417502317,0.16331015531003099,5.590825773017018,0.05026135073437985,2.1027643204367847,59.859831006823995,75.52045526521853,-1.2700170810911804,6.6997841331841155,-0.46573037210366924,-19.759751897952704,-0.235313025226769,-5.491746696325838,160.11107178716287,167.56351165890678,-0.43164424716565575,29.340146942889284,0.1407246455724526,13.796519458470861,0.10703730281345478,4.8141366673215895,100.25124078033888,92.04305639368825,0.8383728339255246,22.640362809705167,0.6064550176761219,33.556271356423565,0.3423503280402238,10.305883363647428,64.0
vid_0004_aug_9,vid_0004,False,Drag,65,left,98.35162992276578,120.29154183756498,-0.7481726267009048,17.000686196621768,-0.20598814551637215,-1.0598247248874724,0.008441967315548542,-0.020008213520348584,30.19135901501207,23.812039025316263,0.2637867330531721,5.406710195283847,0.1476170998911447,5.677198430894802,0.042461895723978946,2.1454409378575794,62.99563647841267,80.46958281134512,-1.269328723311647,7.870349567066302,-0.47302991317779314,-17.473399093174862,-0.10340346476764417,-4.891062771826479,162.88318565195803,177.86354888088024,-0.44826792916199765,30.186091812508316,0.08149671561290549,10.64863071052116,0.11336205334160943,6.458899060519116,99.88754917354535,97.39396606953513,0.8210607941496494,22.315742245442014,0.5545266287906986,28.122029803696023,0.2167655181092536,11.349961832345596,65.0
vid_0004_orig,vid_0004,True,Drag,72,left,97.12418379855679,119.30887505045101,-0.739061963138265,17.084489069736364,-0.19920618968324597,-0.9679558416848946,0.007182228786624875,-0.006765724831800096,27.873903271638564,24.373296809360212,0.2504728013005285,5.293790428268516,0.14752036088748885,2.883307817009609,0.022572406935481123,1.6897385924289496,65.48795252813692,87.98302262203124,-1.1975165142409985,5.84537074797376,-0.4194501669602307,-7.865086960613837,-0.05615410480248029,-3.352777335920061,151.4242292963528,168.23806953744253,-0.47413872001842805,27.354993837433994,0.0652669493502386,5.2214352232913015,0.05361588486495861,4.575424774538416,85.93627676821588,80.25504691541128,0.7233777942225704,21.509623089460234,0.4847171163104693,13.086522183905139,0.1097699896674389,7.928202110458477,72.0
vid_0005_aug_0,vid_0005,False,Drag,61,left,89.62589474027453,116.89904440339588,-0.6784527866901917,18.758398542179222,-0.2343487245428539,-0.6229449195060479,0.005524933795831126,-0.103988942656388,32.3908103830026,23.79673808795041,0.2698662395895978,5.37194916800508,0.15808030855018027,6.494340495746644,0.04959663691731003,2.5304759885710597,43.792831843274435,76.60362445143154,-1.2127140906714502,6.498180696466449,-0.4796950384615165,-15.431490142195244,-0.10524098075405264,-5.74959889329261,167.59314632151603,176.72384130947574,-0.29028211724718367,31.07800279481071,0.12014211875250715,14.786538569123707,0.1269955987589349,6.054685157659151,123.8003144782416,100.1202168580442,0.9224319734242665,24.579822098344263,0.5998371572140236,30.21802871131895,0.23223657951298754,11.804284050951761,61.0
vid_0005_aug_1,vid_0005,False,Drag,81,left,88.83490615797976,119.31681982750908,-0.6696016536167412,18.60343437222794,-0.2290627220262196,-0.6887598827553653,0.0037462645290734418,-0.11151418962978622,30.286875274997545,24.69809454250635,0.2550507504929424,5.3509054679722645,0.1528151597105834,5.681952230378582,0.04283809802697274,2.178107626896581,50.305659362548845,63.544378902264334,-1.122157585542026,7.582591153915398,-0.43727163555540133,-17.714908101582278,-0.09480711709634299,-5.144495628404195,157.0026985661669,174.8315210993415,-0.31252523860140935,29.723340719233025,0.10367707567896084,8.680299143663426,0.10608082868022184,6.694640799238923,106.69703920361806,111.28714219707717,0.8096323469406167,22.140749565317627,0.5409487112343622,26.395207245245704,0.20088794577656482,11.839136427643119,81.0
vid_0005_aug_2,vid_0005,False,Drag,60,left,89.27173846860886,117.59968557643597,-0.6831594105244051,18.289201048552936,-0.2360008658728602,-0.8508757551255897,0.00440432144044398,-0.25702456251153644,31.45658389441149,24.527088943678976,0.25907969287897836,5.320357355820493,0.14758338051185554,5.746797405848504,0.044581971077176145,2.695275799753718,49.040163751556946,76.67926279211996,-1.126500681353514,6.39606484691409,-0.4687103942285029,-12.57883541984802,-0.0950693235911057,-7.206906920233337,151.6471733662444,167.13195515683827,-0.3521231059803046,30.33081353629422,0.0678828304407133,12.938884472800602,0.10871600520629282,9.365015787744344,102.60700961468746,90.45269236471832,0.7743775753732095,23.93474868938013,0.5365932246692162,25.51771989264862,0.20378532879739852,16.57192270797768,60.0
vid_0005_aug_3,vid_0005,False,Drag,84,left,88.60116751989442,117.36679359304782,-0.6707909659869045,18.927437645371214,-0.22886399960181125,-0.47863157257469335,0.004072559331549678,-0.16624615039867982,29.627460021660305,24.2148492978087,0.25957412763256726,5.292718822196794,0.14604208836762217,6.066231701309232,0.04534294672543902,2.096915410333253,50.21832887795372,62.80176573328495,-1.1554223946444107,6.8393495441099,-0.4433694573722088,-17.973730640737784,-0.1177141938960457,-4.93663800416188,153.7129986506015,177.93823830057943,-0.30539271451876515,29.195632332693833,0.0989882170927842,13.215016248724815,0.11490087209575145,6.425923104215556,103.49466977264777,115.13647256729448,0.8500296801256455,22.356282788583933,0.542357674464993,31.1887468894626,0.23261506599179715,11.362561108377436,84.0
vid_0005_aug_4,vid_0005,False,Drag,83,left,88.0307704538053,120.28161842633457,-0.6731489341702109,18.60515384922706,-0.23534642608799547,-0.4977693707502094,0.005828415825793472,-0.10197309297180727,31.513899518614664,24.73838025215747,0.26735019996635206,5.35851244613923,0.1473160731555707,5.750830037699637,0.0420018761126116,2.056771237416601,46.72025908634518,68.99423485567323,-1.1653735009344153,7.110054654394601,-0.4537658311702291,-16.909646929697644,-0.06914699485019324,-4.3996481946364625,161.30491664971674,173.03710697681325,-0.2955126495978303,30.262943611276526,0.09999972369089147,11.018368160520104,0.11558534603636827,6.699044641533922,114.58465756337156,104.04287212114002,0.869860851336585,23.152888956881924,0.5537655548611206,27.928015090217748,0.1847323408865615,11.098692836170384,83.0
vid_0005_aug_5,vid_0005,False,Drag,58,left,90.4290821446036,118.02531588200746,-0.6842831981787615,18.7148431635811,-0.2288656096192808,-0.8061317490902956,0.005988121285573086,-0.22847593381865663,31.757383226561473,25.536547353351967,0.25506124182020135,5.265583892902686,0.14189404242839088,6.719692619067666,0.05616643241230654,2.298678146372824,49.58630127510248,62.425512010894316,-1.1971301621987682,8.134423449229912,-0.4046363638945321,-15.858844267488276,-0.1287957672824383,-6.53280971558887,159.2194140769551,175.9109530513775,-0.3045805043056108,29.516762637820037,0.11014131011987337,12.958613436635826,0.17651558759937297,7.6728031279090025,109.63311280185263,113.48544104048318,0.8925496578931574,21.382339188590123,0.5147776740144054,28.817457704124102,0.30531135488181127,14.205612843497873,58.0
vid_0005_aug_6,vid_0005,False,Drag,68,left,88.532737505786,118.8781798976625,-0.6569594147619435,19.171504616758607,-0.21566128049918445,-0.3548862646998974,0.0033123795610165863,-0.16249719593522008,29.359388509025624,25.40365004993959,0.24852268519859766,5.495741613975736,0.14832096007365658,5.915359126613206,0.04339258660603581,2.2372372643950005,50.425200283040375,69.04248007370869,-1.0920615046682465,5.830189569930707,-0.45157182201904345,-14.064349279151351,-0.09035177799840394,-6.325881821238912,149.27741938985548,170.29672524750384,-0.298260491143568,30.870425544991214,0.09047706252506318,15.312288825686863,0.12547761729766743,5.914347074560336,98.85221910681511,101.25424517379516,0.7938010135246785,25.040235975060508,0.5420488845441066,29.376638104838214,0.21582939529607137,12.240228895799248,68.0
vid_0005_aug_7,vid_0005,False,Drag,68,left,89.62039805955115,118.92413180058352,-0.6732948334159546,18.682172299464586,-0.22774946675175384,-0.6071841047093259,0.006116711593830138,-0.09834767220656854,30.59750877364959,24.44191744305601,0.2659662016728878,5.320720216537417,0.13694572436620628,5.337309161746083,0.046453847301466455,2.1732040608926586,47.96920187138377,83.25526081991067,-1.1685178266620238,6.99848971985595,-0.4377890021075015,-11.783395870837985,-0.0954519471091213,-6.509260265033722,158.30221562585723,177.9525118936953,-0.30762681501690503,29.356703448343435,0.13079747885354326,14.901159105714228,0.09942368510012167,6.894950482046764,110.33301375447346,94.69725107378461,0.8608910116451187,22.358213728487485,0.5685864809610448,26.684554976552214,0.19487563220924298,13.404210747080487,68.0
vid_0005_aug_8,vid_0005,False,Drag,84,left,88.92056246535428,117.85055633955848,-0.6555743766811803,18.857196494380997,-0.2297454747339272,-0.6550237621088715,0.003932739209300901,-0.07506769849827945,31.695451482430602,24.196345937463494,0.2617438993666573,5.392736740595591,0.14222018112545637,5.356923991039185,0.04095392570638196,2.0942489407172227,47.771450289750284,68.35793090871513,-1.2277662213099727,8.075338098732907,-0.4376323114356664,-10.759348605283805,-0.08111313975390522,-5.682225384954594,153.58457021483335,172.37150665600774,-0.3166154544214318,29.688024669015487,0.08000750048142596,13.494353617392328,0.10496274374948628,5.875011399911178,105.81311992508307,104.0135757472926,0.9111507668885409,21.61268657028258,0.5176398119170924,24.253702222676132,0.1860758835033915,11.557236784865772,84.0
vid_0005_aug_9,vid_0005,False,Drag,63,left,90.66439322396265,119.2795651658269,-0.6733779737929769,19.559383530525903,-0.2297786124019562,-0.6845717605203097,0.0037111317387571903,-0.1907435695616569,30.234488078582547,24.530955618164825,0.25109563128896134,5.516446957569412,0.14152395514132146,7.341336171657411,0.04519071277121727,2.459138507662833,45.62123577590243,70.08724650521644,-1.1568516504097242,6.086101573878137,-0.4340199703358944,-17.86246534437891,-0.09533608665693488,-6.539611322667293,150.75227353860572,175.92887043517098,-0.32345911253228243,31.73397785529271,0.07589073195839582,16.781059556521885,0.09658867373469421,6.47266218971383,105.1310377627033,105.84162392995454,0.8333925378774417,25.647876281414575,0.5099107022942903,34.6435249009008,0.1919247603916291,13.012273512381123,63.0
vid_0005_orig,vid_0005,True,Drag,72,left,90.02108566296442,118.9486961152944,-0.6735560097132919,18.594112023729267,-0.23327648277154436,-0.6922377106673457,0.004415057343637969,-0.13829969026182037,30.996738570484702,24.196108676862107,0.25720548680466454,5.199417275671809,0.13899359236079656,4.157375012534924,0.03200219720129564,2.0792357351658675,55.219341513660495,76.63320683557036,-1.1606251030835875,7.974998501828788,-0.4334942637061006,-11.549811083267915,-0.056372135514164284,-6.123956367155014,148.28248507310812,170.78275121942877,-0.3607617935622175,29.84597927758764,0.05619653200862847,9.983679793497743,0.07278425780850323,7.859970785945016,93.06314355944762,94.14954438385841,0.79986330952137,21.870980775758852,0.48969079571472907,21.533490876765658,0.1291563933226675,13.98392715310003,72.0
vid_0006_aug_0,vid_0006,False,Drag,83,left,82.79016159443867,116.04867850155024,-0.5753914368771413,15.950937731862668,-0.2684544584249922,0.21507537006470737,-0.0011024636127768327,-0.003794601677179405,28.010879544661975,12.80689259287064,0.22169784246700938,4.38079877761101,0.09179439558968427,4.930996736394977,0.038289660684753056,2.069162354173874,49.316192738137836,85.41395474550131,-1.0789568901066144,7.078408616774359,-0.4019214792417838,-13.378872531769318,-0.10326039106097051,-6.808060939223908,146.953136889619,138.550539191525,-0.2974727350228016,26.988156590727534,-0.050052356815399546,13.25051151919159,0.08346054154564603,5.005649190616206,97.63694415148117,53.136584446023676,0.7814841550838129,19.909747973953174,0.35186912242638424,26.62938405096091,0.18672093260661654,11.813710129840114,83.0
vid_0006_aug_1,vid_0006,False,Drag,61,left,84.6525319488905,113.84535071925976,-0.5834973760906237,16.076473744390256,-0.2586125173728706,0.5948071513169267,-0.004306005627026515,0.0679261442005778,29.433433984126868,13.05493755473754,0.24651538138115306,4.513513713344506,0.0957959684616117,6.708613382523869,0.043920142779047655,2.4465841463322087,50.64720987323705,74.82034762769321,-1.1288258469785482,6.258867488155957,-0.41929321791731194,-16.417126370895268,-0.09564697985260467,-6.517291175003335,153.03660313156686,140.26122603098545,-0.2965704033918847,27.86749581280695,-0.05279051780626773,15.709774963176251,0.08044524691289501,6.6056381945547145,102.38939325832982,65.44087840329225,0.8322554435866635,21.608628324650994,0.36650270011104424,32.12690133407152,0.17609222676549968,13.12292936955805,61.0
vid_0006_aug_2,vid_0006,False,Drag,59,left,84.3113822922108,115.87561432919458,-0.586948898747101,16.112156493343157,-0.262196756385062,0.5083659090838882,-0.003320233344725735,0.1254140148168747,28.34462853512093,13.471354249774032,0.23041729198149297,4.094045830610157,0.09940900024961999,6.77458259593099,0.05296326435689211,2.118330475209717,45.34158006117992,72.6212788615411,-1.1347140810860326,8.611046068877673,-0.4159605095355681,-12.930821891823406,-0.0931455039211091,-4.231889465747261,156.19463311881663,140.78297992638372,-0.2857182006881227,26.24340473941707,0.0011273999381685767,13.982977860947951,0.11861715966521214,5.605792229789276,110.85305305763671,68.16170106484262,0.8489958803979099,17.632358670539396,0.4170879094737367,26.913799752771357,0.21176266358632123,9.837681695536537,59.0
vid_0006_aug_3,vid_0006,False,Drag,67,left,83.948306286587,116.24100877889153,-0.5829795872365396,15.768129393739464,-0.26168087846991617,0.5520528243664167,-0.00305667031473024,-0.04238431931052905,29.581940259264087,13.509357756324828,0.2259992426850718,4.474898626725837,0.10718668619132388,6.234214861284146,0.04120935742941545,2.492083204522328,47.683091574394076,81.70984525322936,-1.110454030135613,8.335655774934349,-0.4920260730452123,-17.0207806337557,-0.07867405558242585,-6.156945614531275,152.3375650146614,139.07592021298652,-0.2652603867072322,26.194870084216245,-0.03225271253020257,17.28835717200971,0.14258246623159054,8.741301639912445,104.65447344026734,57.36607495975716,0.8451936434283808,17.859214309281896,0.4597733605150097,34.30913780576541,0.2212565218140164,14.89824725444372,67.0
vid_0006_aug_4,vid_0006,False,Drag,84,left,99.0228213043797,100.61914659009078,-0.6949915888651728,16.07964912497978,-0.18733236215883103,0.2650135772101793,-0.0018058013616384417,-0.04244368839464962,30.833578213378072,25.00316048945815,0.23733396354336045,4.512557860358289,0.13493042043248635,11.764785042833296,0.08949729965172698,2.4612255188117285,47.18717931426098,47.203866189960415,-1.2661287901235592,6.480587548031369,-0.4311324320367915,-43.361620204951635,-0.2523103664565265,-9.317892385533334,152.32810316397055,134.70538391765214,-0.2712968416739444,31.643190576622583,0.09201592983249568,26.673888889890513,0.3144021035807092,8.277368208425205,105.14092384970957,87.50151772769172,0.9948319484496148,25.162603028591214,0.5231483618692871,70.03550909484215,0.5667124700372357,17.59526059395854,84.0
vid_0006_aug_5,vid_0006,False,Drag,84,left,82.143103557271,116.72078578927638,-0.5691188659723978,15.562381836535364,-0.26670271151560454,0.3461659519473508,-0.0018400968897779345,0.08303644676827471,29.109917542051353,13.16235857969268,0.24147606407109376,4.199874077177602,0.09673465134957278,6.032880461208495,0.041041598121167956,2.204629663284576,43.805846518354564,86.13540070973049,-1.225566275342779,8.314482804430028,-0.4537393170577402,-19.58925198031769,-0.12155996464374197,-6.647508415535509,155.4643289981398,145.67033183781822,-0.2611159457485477,26.528618335425534,-0.04049147993738681,14.828347236668293,0.11110821631524159,5.736730748278821,111.65848247978522,59.534931128087734,0.9644503295942313,18.214135530995506,0.41324783712035335,34.417599216985984,0.23266818095898356,12.38423916381433,84.0
vid_0006_aug_6,vid_0006,False,Drag,59,left,84.02730551342827,114.63105160929292,-0.5935945504581579,15.733252952424007,-0.2595914306756157,0.25205839389344303,-0.003686817229045314,0.031786030674323236,27.04005156698644,11.928183144849646,0.2356273915806642,4.592096864878603,0.10086602908517427,7.243456202572269,0.04891128937887105,2.2262222241950727,48.25951108947115,84.29078592084123,-1.1370385778111147,7.824335171987029,-0.46409650261792534,-19.29806131786124,-0.11568060710040146,-4.17149624375474,145.67692952924068,141.33484896222288,-0.2955082363776885,26.546937108914747,-6.23237984249958e-06,16.89828007563563,0.10567788768229291,5.759778208818738,97.41741843976953,57.04406304138165,0.8415303414334262,18.722601936927717,0.46409027023808286,36.196341393496866,0.22135849478269437,9.93127445257348,59.0
vid_0006_aug_7,vid_0006,False,Drag,83,left,82.79781464743907,115.56735649801858,-0.5747963364302717,15.994711529150567,-0.2735899929848066,0.45161130737117466,-0.003059571991908323,0.026245551131393884,29.647893402488243,14.318754333344781,0.23240813664285243,4.711296232878397,0.09683786797430187,5.97205009632825,0.040671882041007905,2.1506794564834357,43.979594179337084,84.72064065976876,-1.1374902075231497,4.6672558795643635,-0.4385530708552582,-21.957622568220884,-0.0873486506300557,-5.286560621433978,145.9077116508306,141.5772234241905,-0.2624942641022183,26.187897208220438,-0.06592692162845105,13.475179100333328,0.13895079730089616,4.332190981992814,101.92811747149352,56.85658276442173,0.8749959434209313,21.520641328656076,0.37262614922680715,35.43280166855421,0.22629944793095186,9.61875160342679,83.0
vid_0006_aug_8,vid_0006,False,Drag,59,left,84.44762502982744,115.28235420035834,-0.5933173079430873,16.077301333186742,-0.2594581277768102,0.27393084484539143,-0.0003062977606112017,0.028480328262524193,28.558755483340644,14.0212667191649,0.2370754661073262,4.534479700495883,0.09786550255410342,6.405243463620862,0.05147601566562174,2.5550076946666542,50.77968493729538,80.62348204372972,-1.1043310376766324,6.625957892373184,-0.41241533660063723,-19.518713170025222,-0.09119360074875121,-5.395610986571205,143.0948950176405,143.3835916250207,-0.26893778084093745,24.480798654557184,-0.06850033282708087,15.957630751760995,0.17071819919283093,6.9162798334359366,92.31521008034514,62.760109581290976,0.835393256835695,17.854840762184,0.3439150037735563,35.47634392178622,0.26191179994158215,12.311890820007141,59.0
vid_0006_aug_9,vid_0006,False,Drag,67,left,83.65149448558766,114.45285229647926,-0.5752850047248136,15.47167065740984,-0.26556387507796025,0.44318800516535933,-0.0025519198039821484,-0.049593376683920845,27.877830726666645,13.865177575925639,0.2226995336713125,4.382707919114847,0.09497467579402004,5.324723480053064,0.04044693730980002,2.2874740985776842,47.98013483676396,79.74178003310537,-1.105962288618188,6.440945949111069,-0.4257062059020277,-16.51363458988486,-0.09189440948117239,-4.919801990768418,145.68350282507018,149.31953264460964,-0.28004920671892064,25.41021268489991,-0.037733566964278,10.594247088864954,0.10668904864143247,6.6018281322859425,97.70336798830621,69.57775261150427,0.8259130818992673,18.969266735788842,0.3879726389377497,27.107881678749813,0.19858345812260486,11.521630123054361,67.0
vid_0006_orig,vid_0006,True,Drag,72,left,83.33886655165915,115.64878652572389,-0.5766737017303916,15.839585783182867,-0.26624866599933267,0.3086097063830755,-0.0023203395159547093,0.010905775335491592,28.54838931031369,11.276906689267976,0.22999687423230633,4.256367755759874,0.09174341307634995,4.1153406462290105,0.03194615081510924,2.2374122426560237,54.03674331305876,88.30501705357538,-1.0847944797460047,7.686236457397807,-0.38466315616032126,-12.746859894157325,-0.06990331959852736,-8.011276857063775,146.48930188612204,130.0276877780483,-0.35217577483479123,29.72318905165985,-0.07822073324096539,9.38030264438072,0.09084929268313036,7.566345427860922,92.45255857306327,41.722670724472906,0.7326187049112135,22.036952594262043,0.30644242291935586,22.127162538538045,0.16075261228165771,15.577622284924697,72.0
vid_0007_aug_0,vid_0007,False,Drag,81,left,93.00840415435103,112.07885541552125,-0.7036642978975831,17.539122798283127,-0.20660686125478622,-0.0484753927227969,-0.001329940400475212,0.07172681009662008,24.161611493642447,19.858561401846686,0.2502793440609307,4.7591872099035655,0.11836462936098985,5.127544202313361,0.039652433644302196,1.8822834224778036,58.19631643226292,72.22190019051884,-1.1954124936112662,6.551468510678146,-0.3954914123697962,-12.338032546087604,-0.09091692627729919,-5.216899210180073,143.56460477505766,163.78454302052975,-0.38312472688762855,25.784833054396167,0.11154988069163749,9.145805413745954,0.08645132004468892,5.064317592666011,85.36828834279474,91.56264283001092,0.8122877667236377,19.23336454371802,0.5070412930614336,21.483837959833558,0.1773682463219881,10.281216802846085,81.0
vid_0007_aug_1,vid_0007,False,Drag,62,left,91.90549886262383,113.66355308021046,-0.6866530979455417,17.605567618000222,-0.20035943815774987,0.007464783796942082,0.0006671992829608528,0.07999254394536794,23.80064612077051,18.43875324756494,0.23055681702683808,4.178148143538509,0.11096973430891999,5.688469375658389,0.039868565568069725,1.6050341810770672,52.73872225325534,68.41735653614164,-1.1207683862932127,9.933320150922826,-0.36474217465990766,-12.788782600280918,-0.09350991226568717,-4.299587937283997,138.97163442547995,162.28456270037833,-0.36137251217120014,27.439336548908337,0.06608750963785373,13.120054713096629,0.08512929228906235,4.15088137336616,86.23291217222462,93.86720616423669,0.7593958741220126,17.506016397985512,0.43082968429776136,25.908837313377546,0.17863920455474952,8.450469310650156,62.0
vid_0007_aug_2,vid_0007,False,Drag,69,left,92.71534065399801,114.20908034002777,-0.6858982341627589,17.04684337236678,-0.1968805764382625,-0.09614163028775977,-7.868613778668556e-05,0.10499394626873816,24.2536760629214,18.324336165626715,0.22223590757763467,4.6959660517220065,0.11752449926015328,6.037062430146272,0.04381228407202558,2.059105005583229,50.534828754925485,73.59903575289994,-1.128529905047454,8.246789722454421,-0.3726054415663213,-13.46189217454478,-0.08608090394157653,-4.214177127322511,142.4239075555085,164.45091491144592,-0.3493448611395098,27.69294965896391,0.10003258240578489,14.73914721227412,0.1130673799583945,6.308391502036635,91.88907880058301,90.85187915854598,0.7791850439079442,19.44615993650949,0.4726380239721062,28.2010393868189,0.19914828389997102,10.522568629359146,69.0
vid_0007_aug_3,vid_0007,False,Drag,75,left,93.63349534765143,114.40727104777264,-0.690611092856527,17.467830838826117,-0.200574028625227,-0.2900909173306429,-0.0009779088477885585,0.09098020523380652,25.07098739764431,18.428911746051778,0.23279595518346893,5.414273029810847,0.11885160538023316,5.886484026288911,0.04141277439438971,2.2342269339992313,55.592015216651795,85.20925073354553,-1.1668045086294696,5.458590752229353,-0.4578308618119517,-18.869097006112185,-0.11380354107864732,-4.423693187666083,142.68344495728556,168.27882630941824,-0.392021604056107,29.091661045097837,0.07511756324491813,9.40616483044544,0.09981889762462415,5.1931069980499025,87.09142974063377,83.0695755758727,0.7747829045733626,23.633070292868485,0.5329484250568698,28.275261836557625,0.21362243870327147,9.616800185715984,75.0
vid_0007_aug_4,vid_0007,False,Drag,70,left,92.82962301395143,113.32534672765375,-0.6871557190608143,17.451579517164628,-0.20276264330686736,-0.19102143758659673,-0.002993946950732264,0.07935870564797783,24.61863312078696,19.743319931421716,0.23990171609067543,3.9743183385448773,0.12608598364815415,4.830246074410651,0.04410846024634737,1.76063243343204,56.31182484351518,72.02742051633582,-1.1535778500903946,10.71602368444029,-0.39003559971088975,-10.108627252735047,-0.1393624546867943,-4.855208871660286,143.8270426465898,168.82038432965393,-0.35145482658184746,30.416109639516204,0.13367458533571885,11.310517891568217,0.09702050390889999,5.44210997004687,87.51521780307462,96.79296381331811,0.8021230235085471,19.700085955075913,0.5237101850466086,21.419145144303265,0.2363829585956943,10.297318841707156,70.0
vid_0007_aug_5,vid_0007,False,Drag,81,left,94.31443707309552,112.39459473873738,-0.6977392408133388,17.311226237572043,-0.20661553974450464,0.033415043924923477,-0.00020568136619459874,0.009430631695708708,25.506274781087665,18.598856542470493,0.23915334916621955,4.562470983924817,0.108448137031974,5.553260605970599,0.04388869729247935,1.8629667012142772,54.17764005449485,78.2060070741604,-1.1477072318905843,8.333214008361153,-0.3663327594689822,-14.749182197235605,-0.09120577653451001,-3.6119460902399654,148.43503397978375,171.1589763250358,-0.36497689908350917,27.25520437104627,0.05214975516770223,15.332262154770227,0.11719408471134052,5.910437245366912,94.25739392528891,92.95296925087541,0.7827303328070752,18.921990362685115,0.4184825146366844,30.081444352005832,0.20839986124585053,9.522383335606877,81.0
vid_0007_aug_6,vid_0007,False,Drag,64,left,92.47309297582382,114.03061069304016,-0.6852421770449032,16.830848302022144,-0.20154586174081549,0.07303488925332724,-0.0012545399926527992,0.06766745184729742,24.050615259929174,18.479425585813463,0.22975630609328998,4.412023822492681,0.1224776903427118,5.302580653542463,0.044883939841012604,1.8884006687778838,61.325572432443785,77.07932116697056,-1.111766725391293,7.2267791113193605,-0.3761114803486361,-13.110756723917596,-0.13479545056206754,-3.8282571236706318,142.36472994895425,166.307869873045,-0.359086117444823,25.835162194498345,0.054227068833684694,16.009361522324987,0.09203973960422723,5.505779892521666,81.03915751651047,89.22854870607445,0.7526806079464701,18.608383083178985,0.43033854918232084,29.120118246242583,0.22683519016629478,9.334037016192298,64.0
vid_0007_aug_7,vid_0007,False,Drag,64,left,93.43755016166129,114.15659902641919,-0.695861908737129,17.35611106322617,-0.19795292433933792,-0.1342281024100732,-0.0012937443538085028,0.03201207122208692,22.819294407373853,19.12459733793372,0.23879703183124545,4.738664350803743,0.113110257016374,4.902652023829023,0.04476778134347152,1.8003774869807267,60.74487023803309,82.53669391702041,-1.103089191829274,6.161019922430986,-0.3724136475340961,-11.79857553172885,-0.0906780581704501,-4.007676701420272,136.21652262629885,169.46054981877873,-0.3716510304442887,26.767412923587102,0.09679024123134387,10.093425044403453,0.12027101469953833,4.60598268847514,75.47165238826577,86.92385590175832,0.7314381613849853,20.606393001156114,0.46920388876544,21.892000576132304,0.21094907286998843,8.613659389895412,64.0
vid_0007_aug_8,vid_0007,False,Drag,74,left,92.88607710158753,113.08521104077143,-0.6890462973193305,17.52276140874199,-0.20399397922805043,-0.016612709300215973,-0.0020659333808361506,0.0889431730058671,25.538707135967936,19.136253294268794,0.2425087593495664,4.371064696132345,0.1182379555512514,5.035719606769917,0.04448531766630543,1.6407992935352478,56.438131670604854,78.79487276472547,-1.1327361714090163,7.159465639030534,-0.38563434868907964,-13.959858004052464,-0.16989088180539513,-3.881716023925626,137.97229407629553,165.15278265534465,-0.34698344857975766,26.680072674986274,0.11768163902809382,12.19119133580029,0.08828747142546356,3.959547162181776,81.53416240569067,86.35790989061918,0.7857527228292587,19.52060703595574,0.5033159877171735,26.151049339852754,0.2581783532308587,7.841263186107402,74.0
vid_0007_aug_9,vid_0007,False,Drag,85,left,92.55085087180201,114.28129500985659,-0.6965532074993289,17.008017860406852,-0.20520221705734518,-0.27415462081503167,-0.00016589253332504768,0.029965019426906638,24.784314996226165,19.123015504769032,0.23908769084849718,4.752108619489973,0.12123855709308205,5.757540905105506,0.03864228089891712,1.5401777823928375,55.38466070999632,74.33608615517717,-1.1525296307920518,5.2208238732860925,-0.39434328555080983,-18.947140646534677,-0.09888091325339105,-3.4855582634366105,147.49191842768275,170.25511909035404,-0.39112365236712443,26.214679333380264,0.09205700537128209,12.738228782123326,0.066742968547159,4.580830565390297,92.10725771768642,95.91903293517687,0.7614059784249274,20.99385546009417,0.4864002909220919,31.685369428658003,0.16562388180055004,8.066388828826907,85.0
vid_0007_orig,vid_0007,True,Drag,72,left,93.76088091152037,113.43484675086462,-0.694697848507071,17.197286599824665,-0.20055649993775188,-0.029475297103157178,-0.00139015209084633,0.0405769806976776,23.88231051406865,17.1508739837158,0.2303597692277216,4.269696701583902,0.11288413868267022,3.074065248418145,0.02836000103072515,1.3328172492853025,63.550623086050756,87.19467154709096,-1.0983484670629529,8.671029373582574,-0.35009580993839223,-7.456232855083641,-0.07686122963682607,-3.893276361359778,138.01046506881664,164.6433098878582,-0.4201083471021847,26.545466140150648,0.058406937459980775,8.454611264859345,0.06423935840713069,3.3578732345105244,74.45984198276588,77.44863834076725,0.6782401199607682,17.874436766568074,0.408502747398373,15.910844119942986,0.14110058804395675,7.251149595870302,72.0
vid_0008_aug_0,vid_0008,False,Drag,80,left,82.81059054877109,105.14985471551945,-0.5797096747031683,18.193675612575493,-0.16532784899324576,-0.07774393222715696,0.002946101432730462,-0.11547944984051817,18.80897437412147,15.43751281131151,0.17651777304461153,6.561903229717531,0.07873845027980604,4.14678277722612,0.03617404552693112,2.2727210364203927,55.22190811477248,70.48328906071774,-0.9827228553368655,8.505034005231167,-0.3334502473250313,-10.775122787748984,-0.07241142771429099,-6.955602595391188,125.49280139095433,134.38086615347834,-0.3250855672553776,36.890781367155405,0.006565651129017469,8.881716191304037,0.0994000565474139,4.796007788969355,70.27089327618185,63.8975770927606,0.6576372880814879,28.38574736192424,0.3400158984540488,19.65683897905302,0.1718114842617049,11.751610384360543,80.0
vid_0008_aug_1,vid_0008,False,Drag,67,left,82.53371305932527,108.35986929716623,-0.5751495623748307,18.27457009876094,-0.1635032321353214,0.004551128579871627,0.001756369639778385,-0.07759868557853677,19.438647972175918,15.819732804578745,0.17458952084771256,6.493767473016201,0.09156719701616609,5.85994080164452,0.04140327394774485,2.734048285909498,55.1824441666224,75.99939805536336,-0.9451523515386283,9.212652691906394,-0.29617651900537445,-15.015613376364875,-0.10010967770752266,-8.674720336687752,135.25346341283034,139.80853405000326,-0.3498510276089307,36.37608167861253,0.01446767750474513,16.332307788471127,0.09889649395444255,6.812734691057459,80.07101924620794,63.8091359946399,0.5953013239296976,27.163428986706137,0.3106441965101196,31.347921164836002,0.19900617166196521,15.487455027745211,67.0
vid_0008_aug_2,vid_0008,False,Drag,71,left,82.06522453451784,107.18625775483379,-0.5745682123220025,18.329983545165224,-0.1609562763740042,0.09286127072989914,0.0025992869250990127,-0.10010069211527949,17.16656844922019,14.42955941327592,0.18090113585021295,6.577320100958811,0.08805958111725053,5.403708401544356,0.04811796343647407,2.436582447393656,52.24053396708495,74.80777064814467,-1.0173419731046707,9.68430140709635,-0.28751361389492447,-15.404435023812152,-0.09637845492450714,-8.250990029815606,121.9803567267865,148.7048825949427,-0.260816596802086,37.58237655264647,0.06608256634811092,16.5739911315678,0.14755043870801782,6.774647049409898,69.73982275970155,73.89711194679802,0.7565253763025847,27.898075145550123,0.3535961802430354,31.978426155379953,0.24392889363252496,15.025637079225504,71.0
vid_0008_aug_3,vid_0008,False,Drag,65,left,83.4685068904736,106.44600676841378,-0.5739391375811815,18.538952135778057,-0.16212434548453472,-0.027621141002047322,0.00440593281346798,-0.014107189097645464,19.493951223728732,14.136827980641113,0.1778772796038272,6.056216492304374,0.08152356030803141,6.017332300338111,0.0522137791387506,2.3292461950872947,50.28153577124715,74.0407981828598,-1.0288500710249286,10.717159223583982,-0.28469805091361433,-14.761061467334407,-0.09647506479344892,-5.828506242247528,132.8110602861966,132.16461519858922,-0.3139842395330712,36.02789885782028,0.020554876509109643,14.8292442931741,0.13724346248724456,6.392767029062622,82.52952451494946,58.123817015729415,0.7148658314918575,25.3107396342363,0.305252927422724,29.590305760508507,0.23371852728069348,12.22127327131015,65.0
vid_0008_aug_4,vid_0008,False,Drag,78,left,82.25404852764899,107.68359286150105,-0.5761057996647453,18.040932392637703,-0.17198924703471066,-0.19401002061171424,0.0019398739195195503,-0.15963196432550306,19.35815736984699,14.270781841105878,0.1763906435463075,6.378349446187572,0.08651822048368664,5.932912013306627,0.04234699267475615,2.550841516958143,53.971067000477674,77.4487979992792,-1.0051331756316602,7.8289533098351916,-0.32444610328579715,-13.79575418612469,-0.08298383845148621,-7.971229229179374,130.92883996751678,135.98940896197152,-0.30793876600006587,37.83661329442744,0.03163143449856248,13.021119818613037,0.11354761552996795,6.8036950997352115,76.9577729670391,58.54061096269233,0.6971944096315943,30.007659984592244,0.35607753778435963,26.816874004737727,0.19653145398145416,14.774924328914587,78.0
vid_0008_aug_5,vid_0008,False,Drag,77,left,83.05758761075494,106.07051128896242,-0.5757395918142264,17.874369743141024,-0.17700270602678986,-0.19086563171374443,0.002486543253256273,-0.15914234451104745,20.899913141590424,17.325429760749152,0.1803271108222852,6.657097235826047,0.0884650781755545,5.6682309781668625,0.044145537437486615,2.2859680550262853,50.94122915571354,59.698998543334774,-0.9437978768860054,8.78192390197241,-0.3590971915152362,-14.380662006527864,-0.11261089759111911,-6.965280784944161,132.1327552497238,146.98734536925468,-0.2875639673079059,38.237807961413004,-0.0020844369171001036,16.03899152334769,0.09822529640549182,5.4777271341092,81.19152609401026,87.28834682591992,0.6562339095780995,29.455884059440592,0.35701275459813614,30.419653529875553,0.21083619399661094,12.443007919053361,77.0
vid_0008_aug_6,vid_0008,False,Drag,75,left,83.34833721184404,104.85573609722728,-0.5824890261982429,17.708837997455344,-0.16350444314847262,0.08500578161369854,0.003602103578611328,-0.04312080161461927,17.857467864983125,16.626256961086675,0.17362377806454793,6.7663009401533145,0.086570538531675,4.671857004228207,0.04108529060313228,2.6194659844885777,54.845096504863065,63.76669038106577,-1.0315742550520908,7.337261083607619,-0.3003892064343084,-12.052825871512582,-0.08992241368624604,-7.038816481227091,123.55460769086342,153.2218733393004,-0.33687809206104724,38.41053308716547,0.0819965653845645,13.261565951116992,0.12406124225104609,6.265976419963989,68.70951118600036,89.45518295823463,0.6946961629910435,31.07327200355785,0.3823857718188729,25.314391822629574,0.21398365593729213,13.30479290119108,75.0
vid_0008_aug_7,vid_0008,False,Drag,78,left,82.69502420185277,106.3187617938814,-0.5703005986150794,17.983459477922555,-0.15937574664783588,-0.10529215957115376,0.0035509527643689653,-0.03534421144025078,19.29668649809331,15.010280240684134,0.1817667016440583,6.304938182321875,0.07358572750406497,5.39371947510959,0.048667889535025974,2.596662180594972,55.471288926497664,68.86290493884617,-0.9844133777773567,7.645540953860684,-0.30529993795151844,-13.074854198122758,-0.09787057435075025,-8.725628088246252,131.84165428619343,139.573707412638,-0.30164399698014543,37.175001625597986,-3.5879610550389705e-05,11.424754143211644,0.1165335345415166,7.501049126781661,76.37036535969577,70.71080247379182,0.6827693807972113,29.5294606717373,0.30526405834096804,24.4996083413344,0.21440410889226685,16.226677215027912,78.0
vid_0008_aug_8,vid_0008,False,Drag,76,left,82.998945593061,104.22079525761379,-0.5735853742232676,18.408855752751244,-0.17809954466621206,-0.034232348866844495,0.0006490036987071565,-0.0593475385836074,20.719991709105162,14.67696784081682,0.19203954022885872,6.080411724836941,0.07938700106210764,6.159712345353464,0.043908873184836966,2.308920675751128,47.72834975983792,68.23277120972281,-0.9893071136940053,8.810877744522891,-0.30631284770187506,-16.80733370908868,-0.11132158283776708,-8.341988383412689,138.77452402341757,140.45777160953776,-0.2914846074302695,36.86135339211342,0.04508784420113105,16.465699799067608,0.10394925331714,6.967611953340901,91.04617426357964,72.22500039981495,0.6978225062637358,28.05047564759053,0.3514006919030061,33.27303350815629,0.21527083615490708,15.30960033675359,76.0
vid_0008_aug_9,vid_0008,False,Drag,66,left,82.56615306575992,106.48121714554345,-0.567729511226574,18.204795894504986,-0.16312356702104722,0.030445493690233968,0.004123609326869909,-0.16374786622213278,20.003643429195098,14.297194993542185,0.18106056605624013,6.430570960133088,0.09062952602368327,5.8760088475187695,0.04565442006383352,2.5153442917260334,44.810609972184004,76.25900363402096,-1.0189847574267987,8.705821166316479,-0.3152260376207474,-17.736578587449397,-0.09062856595608398,-8.527772530183064,125.45721288309215,136.80192504767766,-0.315447639401638,36.0536701129322,0.06640792420053289,13.232664317854198,0.12410986168882121,7.83072059038528,80.64660291090814,60.5429214136567,0.7035371180251607,27.347848946615724,0.3816339618212803,30.969242905303595,0.2147384276449052,16.358493120568344,66.0
vid_0008_orig,vid_0008,True,Drag,72,left,82.97927575968077,105.8028576734884,-0.5720672820910302,18.083841717856824,-0.16285506601356542,-0.15135588733061145,0.00293898364054347,-0.10074360810362208,18.437369963835113,13.100344371113904,0.17219645612355325,6.361126995883448,0.07994287598893651,3.3935282928154717,0.030786046992789626,2.3668869473644447,60.22875084881958,85.04985371039784,-0.9853038448931294,9.121225356159787,-0.2693477068669075,-9.404123729778881,-0.0720995559449904,-7.102182017079472,123.13336021932444,131.07322072649708,-0.35543930440571614,35.88116068452967,0.009388855248717819,7.321644968788334,0.08622288181173055,8.326369652489293,62.904609370504865,46.02336701609924,0.6298645404874132,26.75993532836988,0.2787365621156253,16.725768698567215,0.15832243775672095,15.428551669568765,72.0
vid_0009_aug_0,vid_0009,False,Half,75,left,113.21451362908175,140.19752641170248,-0.7897952963931337,19.76394544163375,0.024506859027166143,-0.30949499031800676,0.005863644159396535,-0.0037946313245642927,17.98815622232397,18.897180795246268,0.22696679931573635,2.775261746874426,0.05555370295456733,5.5202530545882,0.03746168901436775,1.359044797656531,87.54617107961714,107.45678811644704,-1.1648747356385531,13.646488599996228,-0.10672837604519404,-11.172301738662561,-0.09943610537669509,-3.612517678445112,148.85076977012713,177.72316282134744,-0.4704775445997665,24.654664507391324,0.18998744206866847,15.55437141601638,0.10823311066057545,3.4497519399535115,61.30459869050999,70.2663747049004,0.6943971910387867,11.008175907395096,0.2967158181138625,26.72667315467894,0.20766921603727054,7.0622696183986235,75.0
vid_0009_aug_1,vid_0009,False,Half,76,left,112.42970102311351,141.03003288178184,-0.7751073544029358,19.674311065567696,0.021998677170308303,-0.6202220673322102,0.0064768074040026215,-0.08054330729294962,18.205753993460583,17.372362815403974,0.22214014383010705,2.994422924561589,0.050076914592280246,4.706765410235061,0.03244064997069783,1.4384536869291795,86.40139558654295,109.73631274041534,-1.2145494088757058,10.189178969949529,-0.08415097000688071,-12.279200776850445,-0.07481134492855271,-3.9088413911910207,155.4424711393631,174.93781429644986,-0.46704016292082556,25.292600860069285,0.16939210339305974,14.676380633591762,0.09060774180504444,4.2868293440041425,69.04107555282016,65.20150155603451,0.7475092459548802,15.103421890119757,0.2535430733999404,26.955581410442207,0.16541908673359715,8.195670735195163,76.0
vid_0009_aug_2,vid_0009,False,Half,71,left,113.2415790272374,142.07940958122188,-0.7837588231884197,19.311649045917996,0.023200992464802478,-0.8789636581473055,0.009262709315293802,-0.10916035912736365,20.192226533633054,17.96889081969812,0.24012724663048465,2.9496236082129004,0.05466190328120399,6.708882408152748,0.0361011089334211,1.2038787385016982,78.25706390349725,107.37250773394285,-1.2179956952010627,12.49318910136592,-0.10579847152867032,-19.634508414238212,-0.08601099697204229,-3.411681347409063,154.4100892016785,176.81481767522857,-0.48632880601385087,24.741267111427316,0.18008554442914884,13.359610572447849,0.09035255134312342,3.162233807833454,76.15302529818123,69.44230994128571,0.7316668891872118,12.248078010061397,0.28588401595781915,32.99411898668606,0.1763635483151657,6.573915155242517,71.0
vid_0009_aug_3,vid_0009,False,Half,60,left,113.93678991903867,139.8031099370921,-0.7761384960605062,19.760109211599058,0.017452585449601998,-0.7431512060263634,0.008066206096264898,0.009037112791175724,19.41685155788306,18.1671046956061,0.22728023330320105,3.0337111439666855,0.05227322509985007,5.534974435581419,0.03854215165612723,1.3189328045710094,85.43960457922438,105.3291795409171,-1.194240523527622,12.833581252223885,-0.08883686296258432,-9.705960782057097,-0.06728802649894197,-4.2918576680332094,155.82026352816774,175.8767676066605,-0.47530263582505333,26.547353882249215,0.13933877788279467,12.569760017149065,0.10575184587397124,2.7748787971365445,70.38065894894336,70.54758806574341,0.7189378877025687,13.71377263002533,0.228175640845379,22.275720799206162,0.1730398723729132,7.066736465169754,60.0
vid_0009_aug_4,vid_0009,False,Half,68,left,113.56267555285352,136.7765721811457,-0.7852201207071322,19.44963439962989,0.017892671535662392,-0.589069633316189,0.006416041982512409,-0.052341977497680575,20.778935670236034,18.161030909280992,0.22772009844290134,3.2494544302524617,0.05581697063939638,5.8028437771799215,0.03769837379478339,1.5355340334228174,80.70433060184345,99.57457082741618,-1.1705007543775006,13.437224513056,-0.11876744597052769,-13.704336947837156,-0.07188488172393326,-3.602269940743369,155.85877874829583,177.29580459419185,-0.503002533146194,28.00338415842332,0.17178308919805166,19.432404196684608,0.10049029248442387,3.3107782754519732,75.15444814645238,77.72123376677567,0.6674982212313065,14.56615964536732,0.2905505351685793,33.136741144521764,0.17237517420835713,6.913048216195342,68.0
vid_0009_aug_5,vid_0009,False,Half,66,left,114.11399722749965,138.91428047568616,-0.7907308524014671,19.546275779005832,0.02561610450984997,-0.6934286853546408,0.008839930008299341,-0.0624561621893014,21.310168908078754,18.17173727170563,0.24042320708496948,3.2007704099162626,0.060377913147059224,6.272320366193908,0.04178634560889148,1.6231288808452766,85.25920433204944,107.8096144273658,-1.2072202516085577,11.93744175750277,-0.11446767162090904,-15.486235662045303,-0.09959109473663885,-3.940302593130369,168.6486269174329,175.95144390705755,-0.4865852852097591,27.497226104460292,0.16279488748026041,11.111549661669663,0.1346232943586798,3.659703376543024,83.38942258538346,68.14182947969175,0.7206349663987986,15.559784346957523,0.2772625591011695,26.597785323714966,0.23421438909531866,7.600005969673393,66.0
vid_0009_aug_6,vid_0009,False,Half,75,left,112.75059037541115,142.37060806198298,-0.7768267911910938,19.155072536263077,0.02266101968591921,-0.8330214709758136,0.0067205755705046985,0.03610257244114393,19.972589498926034,16.399899457480526,0.22366208152742725,3.349726456892572,0.05036220672912324,5.6299143159031235,0.040738684360125205,1.8259559378174084,80.7257648045075,118.22207057395711,-1.1675767420721133,11.039154039849459,-0.13104295343224215,-14.369273392500105,-0.11892046266403583,-3.7015929440273805,156.08348691660103,174.98667299180138,-0.48321060491349255,27.020798349183565,0.1385211662621718,10.415201538146846,0.09893194575877057,3.975843869835039,75.35772211209353,56.76460241784427,0.6843661371586207,15.981644309334106,0.26956411969441396,24.78447493064695,0.2178524084228064,7.677436813862419,75.0
vid_0009_aug_7,vid_0009,False,Half,67,left,110.88960143662747,141.29213742941297,-0.7702007054882727,19.244292918644028,0.018395252157314246,-0.4000910205692231,0.008182028974705527,-0.06684234502445702,18.662026507015156,18.336073141681673,0.22732802740857946,3.324094348192431,0.05100996829259684,5.675872377894522,0.03686382939487114,1.5323815769718019,79.23332313772478,116.53838892200837,-1.1733565410106361,11.672430054424662,-0.12475437483705004,-14.08040134517956,-0.06279530607902506,-3.579701081202023,148.5376963086922,176.3499114507409,-0.4872008618209558,26.874642206348394,0.15204235009122508,23.461973282880024,0.08366660260673076,5.700814686405293,69.30437317096742,59.81152252873254,0.6861556791896803,15.202212151923732,0.2767967249282751,37.542374628059584,0.14646190868575582,9.280515767607316,67.0
vid_0009_aug_8,vid_0009,False,Half,82,left,113.10346624289247,140.96320911544518,-0.783803806082352,19.733208741713465,0.013827453525610704,-0.4488189749376418,0.006501314535795036,-0.1095772081795266,21.0509473064107,17.242606388509852,0.23203234924510857,3.256716556214304,0.04691685922773036,5.8791827652387285,0.038171897708992486,1.9356400935966298,80.80737587739893,107.88863553871417,-1.2038882847727261,11.980783191492257,-0.11086371966037073,-15.073138720313779,-0.08240901749719023,-4.190913230998664,155.7760785784037,175.55512273535064,-0.43619497457720063,26.363407978768556,0.12452974489117663,13.491186882574254,0.097622376997936,5.165328632894237,74.96870270100479,67.66648719663647,0.7676933101955254,14.3826247872763,0.23539346455154736,28.564325602888033,0.18003139449512623,9.356241863892901,82.0
vid_0009_aug_9,vid_0009,False,Half,65,left,116.65690677103679,137.26212979794568,-0.7988531071111296,19.318136259547497,0.018062262842561964,-0.6804964200190968,0.00746451750918731,-0.0012290964451038414,24.8645670490434,15.301583801216097,0.2587281535174697,3.303538396609979,0.05296508694573437,7.139201576239432,0.04510656157467796,1.6815468035245937,84.06947725075811,112.74250281911215,-1.2761010178061043,11.647698336635802,-0.10907378599104836,-17.033632403048202,-0.1078474766438805,-3.451735921591961,170.8899386965396,176.3789528718851,-0.46743276513279614,25.622431259843463,0.14204958175578392,16.833321467079983,0.11552656059428779,4.247893318946959,86.82046144578148,63.63645005277296,0.8086682526733082,13.974732923207661,0.2511233677468323,33.866953870128185,0.2233740372381683,7.69962924053892,65.0
vid_0009_orig,vid_0009,True,Half,72,left,117.45328421760713,137.98655773857925,-0.8010201601780538,19.41639113302684,0.011866782159242834,-0.6396615946917309,0.008038161031196416,-0.04547844853737378,25.18894015493256,14.474938384295747,0.2527052716435214,2.52418992754926,0.03496992804591488,3.3722324249753037,0.02185809561278293,0.7193017778038708,94.49393433571677,119.12740068648283,-1.2442912759473854,13.692107166399794,-0.06737507246809912,-8.5225634779501,-0.07587318720968228,-2.712380901765929,172.5945945925592,174.67793255018069,-0.5526622912166204,24.193744376591024,0.10213758108308177,16.241841810739047,0.057382386712199085,1.8078198465315776,78.10066025684242,55.550531863697856,0.6916289847307651,10.50163721019123,0.1695126535511809,24.764405288689147,0.13325557392188137,4.520200748297507,72.0
vid_0010_aug_0,vid_0010,False,Half,72,left,107.07017847506158,140.92715873041755,-0.7187798277970965,18.19359759464813,0.00036638278125300516,-0.6242754879038149,0.010448046185758524,0.03911047136117069,26.49052476198377,17.05693341879209,0.2918652010785022,3.24872964011089,0.05245130765233261,6.272377016024721,0.03275567825864154,1.9752617467385116,68.96602400182118,108.17801963960369,-1.190121764039716,10.8338474678122,-0.13720093963836608,-12.566023913720826,-0.0600159907349159,-5.290493078523945,163.82929950053727,176.13837641885362,-0.32698056275339715,25.409617184510772,0.10196541509552146,20.107418035388434,0.07131809929639943,3.979688730614799,94.86327549871609,67.96035677924993,0.8631412012863188,14.575769716698572,0.23916635473388753,32.67344194910926,0.13133409003131533,9.270181809138744,72.0
vid_0010_aug_1,vid_0010,False,Half,77,left,107.53414738914479,138.4237189662786,-0.728309784496855,18.194507565555668,0.0031829943765922537,-0.9902732093093162,0.011116482081249093,-0.013191930101882946,27.748967041721762,14.886163298707848,0.31184856227672847,2.586853206756331,0.05052163893032179,4.789790671639358,0.03480274489231507,1.4439373367693427,68.71394340196704,114.25149603051895,-1.2783332915780727,10.849278516182867,-0.13453029202128752,-14.509515642323514,-0.10023070956887525,-3.637550004824864,163.1627387977973,171.87352385950467,-0.3066478091169952,26.485279258984093,0.11179131737124522,10.805111873986228,0.10771414073995911,3.6258610058950334,94.44879539583025,57.62202782898572,0.9716854824610776,15.636000742801226,0.24632160939253273,25.31462751630974,0.20794485030883436,7.2634110107198975,77.0
vid_0010_aug_2,vid_0010,False,Half,85,left,107.50198273046006,140.67851780420943,-0.7041639291096864,18.06345317553378,0.006191128479145019,-0.6349424144730685,0.008876726858109455,-0.01438613572124401,26.708163074040645,16.8551047112168,0.29434358216339684,2.5016812506387454,0.04907625257224005,5.206879999764615,0.033121727061393526,1.5124856827421604,66.98867482223689,111.02694085243323,-1.2378372080758338,12.101869350245202,-0.09384266815253123,-16.38587616409609,-0.07891136393446763,-3.518566340886718,164.0403255626124,175.53870870303683,-0.30148125827243405,25.243841868412503,0.14033616942368934,14.112553209333008,0.10435219158011583,3.6567037284227384,97.0516507403755,64.5117678506036,0.9363559498033998,13.1419725181673,0.23417883757622057,30.498429373429097,0.18326355551458345,7.175270069309456,85.0
vid_0010_aug_3,vid_0010,False,Half,57,left,108.21425995634097,138.36816049296777,-0.7337272478150327,17.932756016058068,-0.0062694024393068785,-0.9838896812629848,0.014730283781933437,0.01468447981589502,26.709721571250924,15.32849457344234,0.29854542425607133,3.0575238926245705,0.05908453837547588,5.053493466869997,0.03875581408208293,1.745192723092338,67.49002058832697,117.92888938862231,-1.1960512921250233,10.698072677575222,-0.13614565222474,-15.067188171338366,-0.08967462911403767,-4.084289608911757,155.99442277107042,175.56761164734397,-0.3558099631077276,26.532719631441818,0.12600037716078222,9.161971410471061,0.11004536974088786,4.387094775214898,88.50440218274345,57.63872225872166,0.8402413290172956,15.834646953866596,0.26214602938552223,24.229159581809427,0.19971999885492553,8.471384384126655,57.0
vid_0010_aug_4,vid_0010,False,Half,69,left,108.64170226230928,139.96660433415173,-0.7183376344517022,18.244522954461548,0.00334739889289489,-1.1460977447415899,0.008931607806919924,-0.05779430041947111,27.676709995390784,16.141304912981212,0.2938321565769478,2.7136314256247673,0.05326158566458755,5.769115375021783,0.033441023725798616,1.7730464076072008,72.9068423039702,109.86552659390195,-1.2130872737882241,12.653880968690675,-0.1280128263242875,-16.42312084535834,-0.07288023501053598,-6.226281875843487,163.4744520376172,170.75240178316423,-0.32516772127977533,25.459799881218217,0.1720140567934843,9.818197320786915,0.07682130122914507,3.810655268207359,90.567609733647,60.886875189262284,0.8879195525084488,12.805918912527542,0.3000268831177718,26.241318166145255,0.14970153623968105,10.036937144050846,69.0
vid_0010_aug_5,vid_0010,False,Half,73,left,107.05277624292202,139.59010524670947,-0.718573517446033,18.25791167376663,-0.005667756792796598,-0.7446014751453309,0.00822600209760419,-0.1064349712726959,28.468954258083823,16.599421553156855,0.3063641074414544,3.0988271992813443,0.04807673163923229,5.410035600397714,0.04821703521367517,1.9326207091561376,65.40634068375151,114.00740319504675,-1.235426011006266,11.50790593736119,-0.1316200156214025,-18.49526137870221,-0.11481542888550178,-7.056209476182547,162.14777271591268,173.09154675362086,-0.22149909387708522,29.126107056999423,0.16098792484154917,18.199638213548184,0.11811485882946948,3.785544095295476,96.74143203216117,59.08414355857411,1.0139269171291807,17.618201119638233,0.2926079404629517,36.694899592250394,0.23293028771497126,10.841753571478023,73.0
vid_0010_aug_6,vid_0010,False,Half,66,left,109.91348108374208,137.9694612459302,-0.7075444179904947,18.075292426341967,0.006435292646466823,-0.6489309984547619,0.010145726863789199,0.005395834720944982,28.87809949379511,14.783217057700274,0.29812896718671617,2.956099060233883,0.04779306793041858,6.765056614644089,0.04828805600574752,1.9024603017890405,72.56890193834103,108.13356368409431,-1.219937665237854,9.893704021338783,-0.10185264817596723,-17.16771635478537,-0.10285034203826193,-5.817346788368449,174.26175019305782,175.58943241982183,-0.28801745078667074,27.455839012800467,0.11932107493134175,18.18643962959311,0.10670661493077926,4.501024641510819,101.6928482547168,67.45586873572752,0.9319202144511832,17.562134991461683,0.22117372310730898,35.35415598437848,0.2095569569690412,10.318371429879267,66.0
vid_0010_aug_7,vid_0010,False,Half,68,left,108.58353685992658,137.66079928943088,-0.7210462558379497,18.021397308246705,-0.009716436398436588,-1.007042896555674,0.009495131320512981,-0.0027957768427328195,29.439161875943807,17.02891021915788,0.29605060951929385,2.963814827890455,0.04511255998675875,5.75313465217877,0.03793031891200534,1.7098528988526478,69.24041793122281,102.38918292045336,-1.2349337885056153,12.285222717109002,-0.08799782767917272,-19.51375095028409,-0.06907343798024243,-4.088351916738312,171.2036647160952,176.14598829030896,-0.3013699643602734,27.4222807774287,0.12041634507624535,13.915622343907245,0.14705010537247476,3.530537039484938,101.9632467848724,73.7568053698556,0.9335638241453419,15.137058060319697,0.20841417275541807,33.429373294191336,0.2161235433527172,7.61888895622325,68.0
vid_0010_aug_8,vid_0010,False,Half,66,left,108.41966876152249,140.7304161775853,-0.7176567577484158,18.503291928056278,-0.0024010479474374,-1.0352178639826581,0.011392838615438612,-0.016556503458124712,27.994334460777853,17.05723070208053,0.30198210281069854,2.230251679461668,0.04693285122207848,4.903579692060088,0.03569647678046643,1.435797072215611,70.93302543278227,109.25826706839403,-1.2281593143178273,13.134629930722781,-0.12226891541685621,-11.388216907399475,-0.0765225077518355,-3.798651270682143,159.82104172782476,175.97982997152903,-0.3245280675572215,24.75942307368912,0.08682697926217178,12.941472551336666,0.07613217878183104,3.19773263427808,88.88801629504249,66.721562903135,0.9036312467606058,11.62479314296634,0.209095894679028,24.32968945873614,0.15265468653366654,6.996383904960223,66.0
vid_0010_aug_9,vid_0010,False,Half,80,left,108.81197055215102,140.31253786378608,-0.7193808368438794,18.159370828777224,0.004024510507526703,-0.582278189738166,0.008256385926261257,-0.07524708694888947,27.603913082921824,16.871170321244684,0.29890001053041115,2.5305261611782828,0.04525309156122185,5.160096572751667,0.03792436760413802,1.4791450602750744,71.37679382693466,115.96388779023508,-1.195654636233899,12.647428923216298,-0.10681475945489124,-16.52920303236138,-0.10961216868304349,-6.973831927474295,160.3490902332055,175.23950732844634,-0.2516176232437637,24.607457147948228,0.10836250134199153,13.957260561679192,0.10149941119896666,3.8392591005313657,88.97229640627083,59.27561953821126,0.9440370129901352,11.96002822473193,0.21517726079688276,30.486463594040572,0.21111157988201015,10.813091028005662,80.0
vid_0010_orig,vid_0010,True,Half,72,left,108.20301216099196,140.56822344188578,-0.7215174293956684,18.158788757852726,0.0024928528833075914,-0.8634323089054757,0.009762630494208793,0.0020077892737544456,26.444545113526427,15.050417272684081,0.2935134545808743,2.146051357325071,0.03355215842067384,1.6343206374264487,0.016141401085279193,0.959847936605685,78.8035167735971,118.2271628491766,-1.1616706041399147,13.518920448725721,-0.04859143984446197,-4.712001305267464,-0.022398262181557327,-2.4937457114669357,153.5148412831644,170.12665284739435,-0.3725202838331363,26.042003718748003,0.08213007857537005,3.09413699167213,0.04479594533543024,2.28410969948861,74.7113245095673,51.89948999821776,0.7891503203067785,12.523083270022282,0.13072151841983204,7.806138296939594,0.06719420751698757,4.777855410955546,72.0
vid_0011_aug_0,vid_0011,False,Half,71,left,116.41857045822438,132.54861716385028,-0.841637580249057,19.45364596290368,0.000687945152393785,-0.6979330321253998,0.00637564632233348,0.06169812685667802,17.04698762795442,15.969134885026888,0.17393136248394678,2.379413430108631,0.048138953898223064,5.433498395429966,0.03635751021056986,1.3821400633487326,89.18423708521352,107.15254170222617,-1.1610047990718417,13.744448700135809,-0.10903379399932708,-17.674987825945138,-0.08406557465913772,-3.9600307696623496,152.38408377324095,168.30695682134,-0.6254350859482348,24.497325340532974,0.13222317258194155,12.031086572524998,0.09892367622679932,4.832788282943168,63.19984668802742,61.154415119113835,0.5355697131236069,10.752876640397165,0.24125696658126863,29.706074398470136,0.18298925088593704,8.792819052605518,71.0
vid_0011_aug_1,vid_0011,False,Half,66,left,117.85920260451647,130.49208771817212,-0.8569234361606527,19.055226073738698,-0.018923532625276455,-0.7384782573677794,0.0063286719407291275,0.030313614394064884,19.980495259793337,14.672363022910085,0.18635557149467716,2.5096860634819453,0.04363751034652325,4.755396152378005,0.03708941637477421,1.6021020557047214,90.70483088128971,104.31249525529127,-1.2755628848817955,12.471095886133892,-0.11013359015804544,-13.68038665719643,-0.09184929884206783,-4.319963118889033,163.91486867692478,165.38461042429083,-0.5962403576682784,23.41921370581211,0.08009818219798705,14.916418264014425,0.09089437736777606,3.8525243258921336,73.21003779563507,61.07211516899956,0.679322527213517,10.948117819678217,0.1902317723560325,28.596804921210854,0.18274367620984389,8.172487444781167,66.0
vid_0011_aug_2,vid_0011,False,Half,63,left,115.96813526638569,131.4253899470664,-0.8425818254400945,18.94800009542327,-0.015176557370221829,-0.7163074695247207,0.004987541953362309,0.05917147851116597,20.633745130777367,15.098124321989124,0.18084886976862616,2.670843242772443,0.05310559865020078,5.373983678179505,0.036719067074001285,1.494314216107597,89.4285518386831,107.50111021651182,-1.1985875477115484,13.004330766294423,-0.15849715753010413,-16.303652615034103,-0.084499205759901,-3.472426644181418,171.70761317416458,173.23028054064537,-0.6355222154209074,24.951724522989572,0.09588472670818399,11.882162265956197,0.1008037215144314,2.8903668792097212,82.27906133548147,65.72917032413355,0.563065332290641,11.94739375669515,0.2543818842382881,28.1858148809903,0.1853029272743324,6.362793523391139,63.0
vid_0011_aug_3,vid_0011,False,Half,66,left,117.47515948915839,129.08566152953182,-0.8480239409618688,19.45969004760123,-0.008828590764747034,-0.421065610013491,0.004979316047785531,0.061362456802285206,20.500440933027466,15.010394342705192,0.1992753653306546,2.575198779242169,0.05022901704339211,5.2531594159720605,0.039605821279045994,1.4452488832858768,90.74217361144396,102.6098502282801,-1.2413281400037082,13.811795802005275,-0.11278953034567313,-11.064702299383107,-0.07487592922879105,-3.3223902975843274,176.5293555891792,170.1840117138735,-0.612329457549216,26.036480556183825,0.10557938318931723,18.436119697099002,0.08044215093160811,3.562769691875026,85.78718197773524,67.57416148559341,0.6289986824544922,12.22468475417855,0.21836891353499036,29.50082199648211,0.15531808016039916,6.885159989459353,66.0
vid_0011_aug_4,vid_0011,False,Half,70,left,115.71132870652796,132.19556955877968,-0.8502971172939132,19.19249694485691,-0.0005862800649813241,-0.6740644554061594,0.003942326302688041,0.10704401094395938,17.864608346951325,16.678774342083486,0.16298699975620462,2.835127938210415,0.05174796075336684,5.766522503000634,0.045358673001599535,1.4773792818540572,90.37944313983728,105.41660449234584,-1.1872480861490748,13.434046361782903,-0.09428304701552434,-15.148370828553126,-0.09651180479786042,-4.125916576716991,163.44001623627798,174.91390402951208,-0.6202251319902716,26.351854957804388,0.13369507874452888,18.233768068116603,0.09898921721785237,3.526787557015041,73.0605730964407,69.49729953716624,0.5670229541588032,12.917808596021485,0.22797812576005322,33.38213889666973,0.1955010220157128,7.652704133732032,70.0
vid_0011_aug_5,vid_0011,False,Half,84,left,118.73166106011824,130.1956762474176,-0.8470489645193956,18.989162494006862,-0.008575287115832423,-0.4852755845754559,0.004783989609817655,0.016415023923901224,20.242084492635634,14.876862651808105,0.1844280454579309,2.542597684803056,0.04971703545281316,5.5646836829316655,0.041275695948615895,1.4048760807984852,89.34768884425424,106.27315783851802,-1.262346181737846,13.699412377813335,-0.18798687616361304,-16.80923809782962,-0.09322502971942265,-2.855081161837772,166.55039709911222,177.6424956995901,-0.5248393957227536,25.10347702529106,0.09927731303403226,10.804533100162999,0.11461650024982051,2.9671595114562983,77.20270825485798,71.3693378610721,0.7375067860150925,11.404064647477725,0.2872641891976453,27.61377119799262,0.20784152996924316,5.82224067329407,84.0
vid_0011_aug_6,vid_0011,False,Half,62,left,116.3730182016257,130.5650508194913,-0.8411183430767436,19.482482366049798,-0.016143758505442102,-0.9098307028209218,0.0074341348604489085,0.1410666655519585,19.912873004542693,16.15010883380072,0.19609083295612592,2.8380865219906566,0.05114706030203257,5.769158588991643,0.04060501667627772,1.5646203896544355,85.33596610781365,103.92103970277007,-1.232970871294247,13.021588014857043,-0.15171325032084437,-14.751611130515514,-0.08019350140485965,-3.63824783150967,156.45769007792316,174.69249948082935,-0.5806812496075351,24.584736548235778,0.10753456587239674,14.602546773124153,0.10747218660386648,5.907417807728775,71.12172397010951,70.77145977805928,0.652289621686712,11.563148533378735,0.2592478161932411,29.354157903639667,0.18766568800872613,9.545665639238445,62.0
vid_0011_aug_7,vid_0011,False,Half,83,left,117.79341601060995,129.58216296927756,-0.8552043204280861,19.211457173246355,-0.00573885753711107,-0.773795840779951,0.0037103536520542747,0.12252866591487852,19.338138706663823,15.900212031556126,0.17579461376444697,2.7950851662371936,0.05106798829348137,6.0689475927200265,0.03147416988189558,1.7161419888306935,89.68757726132395,100.37813485218881,-1.244335151147315,12.81504661243702,-0.13349838505456219,-19.15490284601455,-0.08468966633690567,-4.661490753035277,176.83591515304624,165.28560057447157,-0.6391504822060602,24.672806772524584,0.1390723904435964,19.382977057180057,0.07678366645732665,5.00248325694415,87.14833789172229,64.90746572228277,0.6051846689412549,11.857760160087564,0.27257077549815856,38.53787990319461,0.16147333279423232,9.663974009979427,83.0
vid_0011_aug_8,vid_0011,False,Half,64,left,115.53356191985043,131.10464495617887,-0.8485021918257524,19.463181043901006,-0.01584447502934161,-0.8702241311088236,0.0061097325323183,0.12573523132172817,18.496023439455126,14.87617665484414,0.17500535160844813,2.9854138154672945,0.051597269261439205,4.904679067661767,0.03905389384220606,1.6412895291381775,92.5461261704279,105.45690966061059,-1.225317048427884,13.158771481202201,-0.1723075328910877,-11.614340062895813,-0.08969064959302692,-4.517325112899645,154.7555908332159,165.51896486846854,-0.6219026823890579,26.971607785463448,0.08624930667822209,10.540543327861542,0.07452312852782877,3.682556440124051,62.20946466278801,60.06205520785795,0.603414366038826,13.812836304261246,0.25855683956930975,22.154883390757355,0.1642137781208557,8.199881553023696,64.0
vid_0011_aug_9,vid_0011,False,Half,64,left,114.5847194190815,130.8961992701486,-0.8442192266389148,19.522628164981093,-0.024231918342101796,-0.42549447225798553,0.006433355795973584,0.020930455994663033,18.88930423486467,16.37146240724734,0.17726270297903626,2.5011808472526478,0.052297792172591985,6.193365607134796,0.04024857483344531,1.537974731579428,89.31570659766331,102.83278591472224,-1.199252779389166,13.15645123344818,-0.15020487053892395,-16.516123238093485,-0.08572509682907925,-3.027813347524832,160.17348884261887,169.79290514597253,-0.6064005191583983,25.07597360267132,0.09445174419735705,15.765190189889097,0.1261744300529748,3.526316911722816,70.85778224495556,66.96011923125029,0.5928522602307678,11.919522369223138,0.244656614736281,32.28131342798258,0.21189952688205405,6.554130259247648,64.0
vid_0011_orig,vid_0011,True,Half,72,left,116.63245120063425,132.10071414440887,-0.8449938243374587,19.187847513753546,-0.01215526754806046,-0.6288549044162811,0.0058654425879237975,0.06904745324147352,18.037274722813894,14.528696651592375,0.17210520787753728,1.8508735975418942,0.035585157581616574,2.5703907101820054,0.014391163470027162,0.8436688367392354,98.33898379484111,118.47900539279782,-1.1611613316976817,14.78950531140747,-0.08742408888305614,-14.395320768239372,-0.026675622585752623,-1.8767180887653634,157.21887305367582,165.03769192263144,-0.6641612272592534,22.83339059560085,0.06920122678639648,8.730989449093784,0.05246479170855811,2.1744224461631454,58.87988925883471,46.55868652983362,0.49700010443842824,8.04388528419338,0.15662531566945262,23.126310217333156,0.07914041429431073,4.051140534928509,72.0
vid_0012_aug_0,vid_0012,False,Half,80,left,125.45653563544909,113.9222111460446,-0.8974349957735314,17.271850146650326,-0.0536150478115142,0.2897581734905737,-0.0027283847588720767,-0.03270555990803907,11.66679811606692,10.591282748155823,0.1005505532621653,2.085053514290415,0.06666395160763475,4.956062097772888,0.03492804670063981,1.428993922392601,104.65946952807127,94.77646449363588,-1.1696729477405552,11.917328583402073,-0.2097591457034911,-12.4940916997148,-0.08619077914963974,-4.025996141308727,164.6705874795029,135.9459092242452,-0.7179430987387722,20.988556967212777,0.09782044381005126,12.713132666723382,0.07642253023991175,3.883163842382758,60.01111795143163,41.16944473060933,0.45172984900178303,9.071228383810704,0.30757958951354236,25.207224366438183,0.16261330938955149,7.9091599836914845,80.0
vid_0012_aug_1,vid_0012,False,Half,73,left,127.17944197154283,114.66808536212993,-0.9023172701766741,16.738373286791823,-0.05087879195965336,0.6672928339392343,-0.005425898544543348,-0.00264301703888649,11.42886534641151,12.421380291537137,0.09184321787951155,2.120411803927352,0.06925576556068917,7.499262711920922,0.032536015883750616,1.2398412598255941,98.2926001159989,92.77292382081713,-1.1811576560025656,11.973892692396552,-0.23360233804647607,-15.551345099742143,-0.07353496098692952,-2.640161337391943,162.73753480849345,149.57820789426873,-0.7541865012805158,21.113172103629793,0.06935702884377984,24.261026172103115,0.10043153830606516,3.791333637212901,64.44493469249456,56.8052840734516,0.42697115472204983,9.139279411233241,0.30295936689025593,39.81237127184526,0.17396649929299468,6.431494974604844,73.0
vid_0012_aug_2,vid_0012,False,Half,66,left,119.93747188769639,119.15047547128393,-0.8643266530040558,17.0270681645476,-0.054779197439846064,0.2625807012481068,-0.0032493621883667007,0.02522566928421916,15.015279871324003,11.51792938707535,0.11470210628289224,2.270019587654072,0.06003900010812092,7.223898292503639,0.041895035919385676,1.5761848819842004,88.1975379765253,95.35944678732426,-1.1574098629971183,10.930854438154048,-0.18991504875485568,-17.013868634749386,-0.08929056315450828,-3.2526759354398447,157.1407215729744,150.47513575998275,-0.6807554121162277,23.224980003783884,0.0610477814560818,14.838873895373695,0.14143047707981898,3.8186905778822275,68.9431835964491,55.11568897265849,0.47665445088089065,12.294125565629836,0.25096283021093746,31.85274253012308,0.23072104023432727,7.071366513322072,66.0
vid_0012_aug_3,vid_0012,False,Half,59,left,125.84585884100156,113.49857047288718,-0.888905865464743,16.760832173917663,-0.051342478836193216,0.19143181031016837,-0.0030201087488173008,-0.011171563120978936,12.505631140237165,10.517269078815392,0.09242966885056846,2.1182521704986668,0.06502722396466125,7.061210292884779,0.037765374644531176,1.4108853795018503,106.48217725524,95.49695941740082,-1.1387439234644288,11.082439015594833,-0.20146474726677868,-12.334769482949646,-0.09071802541995394,-3.0693833169768343,163.8478266528482,143.32422300769335,-0.7452417734594171,20.84446015866816,0.06576432665158666,16.40049460453114,0.09073213603277297,3.356458572883419,57.365649397608195,47.82726359029253,0.39350215000501165,9.762021143073326,0.26722907391836537,28.735264087480786,0.1814501614527269,6.425841889860253,59.0
vid_0012_aug_4,vid_0012,False,Half,80,left,124.6843785416144,112.52404242693963,-0.9001033892629543,17.013751881523447,-0.05544213271163123,0.4416428555456557,-0.003889927837869958,0.007705075484751722,10.99854805733197,11.421422313423843,0.09488792334396652,2.1010604854644526,0.06285688994144352,6.134546462656637,0.040137341776392825,1.3957631378605397,99.95401731860849,89.86408483495367,-1.1608409852596762,11.033605572141017,-0.18539029030783732,-11.957299626158488,-0.10084094321659715,-3.445657865242161,152.22704099660382,141.4040660106416,-0.7295910232555565,21.857660339993977,0.12173561185647641,17.047993331308426,0.09166968693080696,3.9157951311162016,52.273023677995326,51.53998117568793,0.4312499620041197,10.82405476785296,0.30712590216431374,29.005292957466914,0.1925106301474041,7.361452996358363,80.0
vid_0012_aug_5,vid_0012,False,Half,60,left,126.33060713634606,113.160882076812,-0.8928557691949479,16.648616527899954,-0.05267204430957753,0.1078455122358894,-0.0034054463417185774,0.044966422112804445,11.744178943934658,11.955629152742741,0.08218659305608488,1.9402460537162025,0.06376067852629275,7.459328550184206,0.035597408836518823,1.326493553916893,101.98154515937959,95.5476192545257,-1.1351936010313897,13.268614642049,-0.18675305582396848,-20.474911431638596,-0.07066202127040666,-2.7740015826467923,158.38325336400334,151.1743086361157,-0.7839230665545005,21.571656925325186,0.06748347452754887,16.474811879885095,0.0896092624790884,3.077178339943292,56.401708204623745,55.62668938159001,0.35127053447688916,8.303042283276186,0.25423653035151733,36.94972331152369,0.16027128374949506,5.8511799225900845,60.0
vid_0012_aug_6,vid_0012,False,Half,84,left,124.971145989696,113.80785372278842,-0.9023127787504256,17.044118202680842,-0.0551326479595923,0.249955196472922,-0.001914637375748395,-0.05056355316934856,11.061852697883435,11.720391256758363,0.09691954858946027,2.321284395637015,0.063247987283817,6.3283980321207265,0.039310748546653465,1.418989552110949,100.7928356817733,95.602486696415,-1.2331403725605075,11.932889300110437,-0.180740734502707,-17.843552113350462,-0.09082317735823286,-3.1892560155853733,158.71345392214747,146.32343862198337,-0.7687603912805739,23.737754956411834,0.0862788101250249,19.70970829136302,0.11789134504661147,3.3944159028963243,57.92061824037417,50.72095192556837,0.4643799812799335,11.804865656301397,0.2670195446277319,37.553260404713484,0.20871452240484434,6.583671918481698,84.0
vid_0012_aug_7,vid_0012,False,Half,72,left,125.5738711172193,113.4901241917401,-0.8849326695788138,17.021141757259706,-0.060139547115804715,0.5302422855957636,-0.003373218457956527,0.057518846372945326,13.045506181031886,12.47390161339326,0.09760567276155907,2.1921356496964775,0.06725026714060606,6.840668548742291,0.04012385971090431,1.3926381885917765,100.90567228981138,92.12247684728513,-1.155182572975227,11.459688348084166,-0.22603347901294907,-16.17577442017454,-0.10028383560964915,-3.724436881052365,164.5568717289831,144.50728823446929,-0.7388181498409195,22.99707777173674,0.08290445627592614,14.055099417257267,0.08684835709630095,3.3433426831204285,63.651199439171734,52.38481138718416,0.41636442313430744,11.537389423652575,0.3089379352888752,30.23087383743181,0.1871321927059501,7.067779564172794,72.0
vid_0012_aug_8,vid_0012,False,Half,85,left,124.84753203854314,115.5229062007503,-0.9035685771455773,17.214165683048325,-0.04195282055729495,0.5645910028515826,-0.0053051680283140905,-0.042539085813578126,11.774085721800644,10.94381974295586,0.09211362342951485,2.1499727574533165,0.060453005277348024,6.127402648370237,0.04129236000639358,1.5812183800570354,102.66028310449747,94.09478102340988,-1.1756047109749124,12.642524516378545,-0.18387287755625467,-16.77157895001408,-0.15672765572902492,-3.792225506643729,167.80244917647707,146.2251422582971,-0.7437066623354125,22.354115958836008,0.07902616804217648,14.21569287924639,0.10778201893297723,4.286815069778403,65.1421660719796,52.13036123488722,0.4318980486394999,9.711591442457463,0.26289904559843114,30.98727182926047,0.26450967466200215,8.079040576422132,85.0
vid_0012_aug_9,vid_0012,False,Half,79,left,124.23365635025436,117.10967131856594,-0.876481316352411,17.14450829184115,-0.04980553442209938,0.3523564069657645,-0.002676209155957289,-0.05878200940387383,13.823664803996676,12.578440812544324,0.11522408102286838,2.1978207659832463,0.06475290514436811,6.420306869714936,0.0408809446743129,1.3277384877630902,100.4038187728428,95.09278161648913,-1.2101699430229733,12.50066349480698,-0.1810589376107496,-18.17331315286893,-0.12167311468658815,-2.9389211641163593,167.7465950554576,143.20690268383433,-0.6086081112030798,21.183492658359487,0.10056051953236976,13.807124608835025,0.10220331594317478,3.122694419353631,67.34277628261479,48.114121067345195,0.6015618318198935,8.682829163552507,0.28161945714311937,31.980437761703953,0.22387643062976292,6.06161558346999,79.0
vid_0012_orig,vid_0012,True,Half,72,left,126.67086856340828,114.49924547701445,-0.8985275260661933,16.98549269950675,-0.059219578708474926,0.4091328549593156,-0.004047856257463959,0.013037114317504242,8.599742755563554,9.16237933109735,0.08578898433357732,1.2567741449937424,0.05455581807416534,2.5982377765083293,0.019856095399356417,0.5713503683292065,106.5763849155717,105.75209430589341,-1.1432864651695291,13.417864892936537,-0.16586426486987194,-9.910549565381416,-0.06840077074604745,-1.1119850425013933,153.30522873584476,136.25947210809343,-0.7551501670041609,19.06619055607227,0.04675981167241623,10.020995162220146,0.06734648268376531,1.5429551482050057,46.72884382027307,30.507377802200025,0.3881362981653682,5.648325663135735,0.21262407654228815,19.931544727601562,0.13574725342981275,2.654940190706399,72.0
vid_0013_aug_0,vid_0013,False,Half,60,left,125.55476962158447,103.23154497937195,-0.9151088536869743,22.01679069156111,-0.09903140195138388,0.7692609154061536,-0.004822273928340403,-0.031775532966439535,15.680951260767321,20.808623762251166,0.14883113675598666,2.3922179523061913,0.06319064873930398,6.166451695685548,0.04195543515002844,1.742625851672083,100.80159367955129,75.46743352644854,-1.3154221199822091,15.356665859001641,-0.24307254483678314,-12.971393120833547,-0.09012664123021974,-3.478615743785708,163.64487161170896,150.24041422700034,-0.696375162304343,27.396579152339786,0.027919265667025586,16.54230928969379,0.10643018212281274,4.77063206661075,62.843277932157676,74.7729807005518,0.6190469576778661,12.039913293338145,0.2709918105038087,29.513702410527337,0.19655682335303248,8.249247810396458,60.0
vid_0013_aug_1,vid_0013,False,Half,81,left,125.21160057695587,104.05288835286949,-0.906091472976749,22.013915430161912,-0.09535920014494073,0.49165327145304194,-0.0024258925795886815,-0.05039840667996884,16.69696031123685,21.79749600623901,0.14634414979506333,2.9124044062127683,0.06246128514365675,6.914343025750101,0.04126004285434711,1.5321110950406565,90.05368532532026,75.39341167270828,-1.2667201149258094,15.199251053725677,-0.25506009360493037,-11.922829085296044,-0.09494943570799463,-3.671426723579277,167.87646273201966,158.24853085240554,-0.6771489867256618,28.554527459180413,0.04818911215959927,24.343670981199452,0.09738350958091879,3.379606140773036,77.8227774066994,82.85511917969725,0.5895711282001476,13.355276405454736,0.30324920576452963,36.266500066495496,0.19233294528891343,7.051032864352313,81.0
vid_0013_aug_2,vid_0013,False,Half,78,left,122.78437576011554,106.14216254826974,-0.9015224805164522,21.752859559180667,-0.09454768379623098,0.7946999317927501,-0.004277935327279661,-0.07464478924629901,19.864258361854276,18.993081089346916,0.1843850610113627,2.7155075851434187,0.06491002935762705,7.81459821878977,0.05807269132116142,1.4877166369525598,82.31166185846712,78.09335083463039,-1.2714315102730436,14.480199685110238,-0.24610474015895062,-18.40254646906454,-0.21378183234004539,-3.4640041189150947,166.81373182531405,152.3115257749383,-0.38393808871675905,29.25732979729873,0.10734978939660667,19.70059747730467,0.16102080528197146,3.1178691384285635,84.50206996684693,74.21817494030792,0.8874934215562845,14.777130112188493,0.3534545295555573,38.10314394636921,0.3748026376220168,6.581873257343658,78.0
vid_0013_aug_3,vid_0013,False,Half,80,left,124.89333994766396,103.71380439040968,-0.9224788524740116,21.80120824924934,-0.09568788814243828,0.2665691662627349,-0.0029576804976472666,-0.027457401322813914,17.840002742759843,21.91502891585777,0.1401207036345336,2.613746004342846,0.059776418545904916,6.656686032668466,0.038850587456682906,1.6896770167999418,85.78120069472763,75.35820968656012,-1.3119735184221986,13.95498092748426,-0.24076845538140726,-14.99125323185644,-0.09218047145061248,-4.608410081018054,172.41578159461076,160.60938482218185,-0.7045584643157067,27.411521945422443,0.03230216566996774,15.890662169308648,0.09561014276628393,3.7988972948934148,86.63458089988313,85.25117513562174,0.6074150541064919,13.456541017938184,0.27307062105137503,30.881915401165088,0.1877906142168964,8.407307375911468,80.0
vid_0013_aug_4,vid_0013,False,Half,71,left,124.49139681449168,102.09404940160906,-0.9067631681714486,21.739195717139133,-0.09494403017075388,0.36502698998977484,-0.005306258238125426,0.04197774449224207,17.123782339051335,19.9028793082283,0.13461784364115223,2.8743425960928803,0.05961668712806823,6.36155311480762,0.03461493570365848,1.6471726206915882,93.25510889784809,77.13451732997238,-1.2130370020835006,13.728677589835373,-0.22478035019127107,-13.055618064283728,-0.10338384320742555,-3.2133196647023645,168.563590252605,143.62280110054527,-0.7087104644652853,28.711567213740082,0.04835231514254582,15.826189960781178,0.07638549692476737,5.41566882263172,75.3084813547569,66.48828377057289,0.5043265376182153,14.98288962390471,0.2731326653338169,28.881808025064906,0.17976934013219292,8.628988487334084,71.0
vid_0013_aug_5,vid_0013,False,Half,77,left,123.47465624856216,104.66759934191093,-0.8997474686708755,21.86139188181607,-0.08735499598626886,0.7894631452105852,-0.0036425197568117525,-0.005375721563523978,19.932868208153753,21.207118149150244,0.17577794441386396,2.920746264625033,0.06420223638089072,7.748019235928736,0.056923725891319644,1.6362287677030902,79.6314271780871,75.2687716313053,-1.3164543425800654,12.567240615337678,-0.2503618328413856,-17.119417499791943,-0.1655029773004775,-4.583197997768092,176.21056368822113,164.91452170545165,-0.44501537184290896,27.38697675231167,0.06746985830749352,22.762238548811474,0.147764838496588,3.8539576611867625,96.57913651013403,89.64575007414635,0.8714389707371565,14.819736136973994,0.3178316911488791,39.88165604860342,0.31326781579706553,8.437155658954854,77.0
vid_0013_aug_6,vid_0013,False,Half,68,left,125.27696226955796,104.20275361251832,-0.913844146746628,21.32141570301185,-0.10026844229562734,1.0530546519247201,-0.003593740465736396,-0.10055290348643121,15.93666231165059,20.85261073838133,0.13649228754653325,2.209555095142719,0.05785840087990541,6.636898616715591,0.04781902538565772,1.3651998054929286,92.26820501719928,73.78638192081435,-1.277724404715793,15.990822364467862,-0.26251188491205296,-22.710894197068427,-0.1011382265090614,-3.7854918057365303,168.43560785058813,151.03781375463535,-0.6824926528250745,26.17371093409114,0.006036712343294644,21.43227884982194,0.11232286266915398,2.4338160374702804,76.16740283338885,77.251431833821,0.5952317518907184,10.182888569623278,0.26854859725534763,44.14317304689037,0.21346108917821538,6.219307843206811,68.0
vid_0013_aug_7,vid_0013,False,Half,64,left,123.3974106474032,104.09531183537146,-0.9250014094475292,21.535438883387645,-0.0940790735340927,0.7326434838244681,-0.004915455944461543,-0.05376349184634499,17.035219630178414,20.568365469262822,0.1469036510402032,2.845004762606931,0.06248059279362324,6.2443753089048855,0.045715284501399465,1.4634965028255364,89.49384699975623,73.07581568789873,-1.2688934854797689,15.805818144793864,-0.2253398308673003,-17.723838909497445,-0.09426099800035098,-3.290586458339451,164.8711288220363,150.29736816084926,-0.6768221497663433,27.55076632430936,0.04848319681420247,13.10594075259661,0.13351707047065392,3.536788465901539,75.37728182228007,77.22155247295053,0.5920713357134256,11.744948179515497,0.2738230276815028,30.829779662094055,0.2277780684710049,6.82737492424099,64.0
vid_0013_aug_8,vid_0013,False,Half,63,left,126.54370281225836,102.90891625291793,-0.9046611974275911,21.685010182466808,-0.10028167368864269,0.20793799422835235,-0.004711202570159892,-0.010041983940247802,19.01095022502622,20.250553864003237,0.14819188263695393,2.9258886855360404,0.0540612684136235,7.543703802002167,0.04498281433861347,1.6283951956783909,81.58697148296824,79.89992668894241,-1.24762075646594,13.629151035636815,-0.19400378234232576,-21.805079946132523,-0.12048297328337265,-5.4999617063476265,175.42785806057068,147.46671513492635,-0.6578578732395711,27.115440661950945,0.05050807509699623,17.772980527332322,0.0936114862970947,3.7144936433942775,93.84088657760245,67.56678844598393,0.5897628832263689,13.48628962631413,0.244511857439322,39.578060473464845,0.21409445958046736,9.214455349741904,63.0
vid_0013_aug_9,vid_0013,False,Half,61,left,126.74237040079052,103.74389276445339,-0.9039830315574184,21.687578814278947,-0.10615671781623692,1.0133316804944605,-0.002713446475760426,-0.028898693015449367,16.20484022192578,20.518080843022524,0.1451632037255422,2.778576269099137,0.0672556290166,7.111279573114442,0.051055070086922484,1.634996740495883,98.40063924978831,78.30487489243004,-1.3141342926173591,15.163642424982132,-0.302097415649363,-13.699331966093077,-0.10723277319567476,-3.511161847188891,174.26298306801453,155.18792639681473,-0.6262610739016421,28.91696208231368,0.04330100588585486,18.193795613758972,0.11814475164551624,4.230249711566639,75.86234381822622,76.8830515043847,0.687873218715717,13.753319657331549,0.3453984215352178,31.89312757985205,0.225377524841191,7.74141155875553,61.0
vid_0013_orig,vid_0013,True,Half,72,left,125.76165304699735,104.12579836927704,-0.9150853709115441,21.623907134835843,-0.10128763211867446,0.5468466474972139,-0.004348271525802968,-0.0032451439498821046,15.48155675877747,20.774324167085283,0.1428638810241368,1.9948283115841094,0.05102539086830608,3.75364763448888,0.03147602414805501,0.8272253302849641,102.80395339958744,84.6738258310138,-1.2301165859231262,15.585297074881021,-0.2181827340735131,-10.074154824761209,-0.0842442410943261,-1.7784362070179869,161.85908518299715,147.0373229200583,-0.7031879136781374,24.905753993072366,5.655227380395311e-05,10.165826935318563,0.07456232682386321,2.9801261764682003,59.055131783409706,62.3634970890445,0.5269286722449888,9.320456918191345,0.21823928634731704,20.239981760079772,0.1588065679181893,4.758562383486187,72.0
vid_0014_aug_0,vid_0014,False,Half,58,left,106.40375350428022,124.7763843151794,-0.7632773811526808,15.259727898794877,-0.07895853135100117,0.04621018491058015,0.0009834237992875274,0.06733719898784414,11.806934819364882,11.163080543764877,0.09025039827251927,2.0461568763501647,0.0394640166937684,4.217311890779468,0.036262573693702824,1.4684335652172429,86.3973554209672,97.31219106853086,-0.975351122549732,9.08386529481601,-0.18460739442154234,-8.447911804497522,-0.12554557678175887,-3.2972997217586704,137.20661680600483,147.92524720659983,-0.6094196214141712,19.412435756297867,0.02500492842433072,8.571364602640685,0.06647536174244317,4.179242854852997,50.80926138503763,50.61305613806897,0.36593150113556083,10.328570461481858,0.20961232284587306,17.019276407138207,0.19202093852420205,7.476542576611667,58.0
vid_0014_aug_1,vid_0014,False,Half,58,left,105.44268873019764,124.07555289979211,-0.7431482257760031,15.393550147445803,-0.0807917166196046,-0.09621496376065998,0.002242546719156754,0.035472565486510746,12.947457120855736,10.087173657501149,0.08479536108245923,2.4452922864278577,0.0404651748575641,4.818584381115454,0.03727587180855156,1.6458737152606122,83.00657779683252,100.61240699168185,-0.9780684381854196,9.698319979544069,-0.18597352980501178,-9.910349666149678,-0.09069538611454603,-3.850183298140835,135.79768549357317,150.8919679181301,-0.5985911945955997,21.04884803964324,0.011957302913939365,13.372063100613218,0.06391166730372522,3.052207426782415,52.79110769674065,50.27956092644824,0.3794772435898198,11.35052806009917,0.19793083271895115,23.282412766762896,0.15460705341827125,6.90239072492325,58.0
vid_0014_aug_2,vid_0014,False,Half,57,left,121.14591847780854,107.24630826486539,-0.8595798276619472,15.361749225927076,-0.08372344612395123,-0.33931540859935777,0.001119648972199117,0.07811314419181288,13.137870187688163,10.532308633219916,0.08437565521939869,2.433232140131644,0.04569508777244542,7.000871555593601,0.0419853225348737,1.463000035658068,87.91453951240489,84.1688813812746,-1.0449750387782104,9.587637501120112,-0.15438708392882738,-21.719391243079762,-0.10608294874913565,-2.485446131913771,145.08806278283467,137.08078797308283,-0.6312487743358485,20.38669398823206,0.020108891160153713,10.501242927600387,0.11625795012309248,3.987568798615351,57.17352327042978,52.91190659180823,0.41372626444236194,10.79905648711195,0.1744959750889811,32.22063417068015,0.22234089887222813,6.473014930529122,57.0
vid_0014_aug_3,vid_0014,False,Half,80,right,127.44394632947153,106.53598312563028,-0.8808055607841633,15.332017251831365,-0.0902941471818614,-0.19610917112289847,0.0015693384153961792,0.047472581347429724,12.751823875356187,11.067212871123138,0.06231327886867753,2.0441692639642515,0.048636298817907105,8.271270937396128,0.03533501583169693,1.4042840696835102,93.58565619373303,79.93900112013313,-1.0203987770690666,11.1235633892226,-0.2191299730088001,-18.761615823392532,-0.08336886610260197,-2.4407879027757353,159.76896724981668,132.69449661139527,-0.6922734614736279,21.169647424502802,0.026507332885382408,21.18945322214107,0.10937762837660703,3.632596304686511,66.18331105608365,52.75549549126214,0.32812531559543867,10.046084035280202,0.2456373058941825,39.9510690455336,0.192746494479209,6.073384207462246,80.0
vid_0014_aug_4,vid_0014,False,Half,82,left,110.51309545357691,119.98158834525942,-0.7741563423715944,15.314460411008321,-0.09535876105110483,-0.08858951258854475,0.0001408729068797575,0.07444538048903883,16.266683236707497,12.903676783720252,0.10739537288936518,2.459197075363703,0.04160444032259374,7.314538336628359,0.03988017630019918,1.722853689811219,82.12659451719624,91.04942881785628,-0.9949724614374583,9.09330538491088,-0.18734021032034576,-23.315543647321697,-0.11057519643307923,-4.530164463787892,147.51358003576553,149.3138847305727,-0.5793242839241418,21.273982589280227,0.01739009048874087,19.617718969904494,0.11841093223604421,4.311375135769061,65.38698551856929,58.26445591271643,0.4156481775133165,12.180677204369347,0.20473030080908663,42.93326261722619,0.22898612866912343,8.841539599556953,82.0
vid_0014_aug_5,vid_0014,False,Half,85,left,105.314398564779,125.18323948858695,-0.7590878445563463,15.2430964274315,-0.08634513271086128,-0.11469874240717355,-0.001276757714936946,0.013509231113610564,12.292691718107696,9.833430767082172,0.08987890274348556,1.9996334697064975,0.04003769405124268,4.8972035044908155,0.03793740894085505,1.3799674296474878,79.00153939574129,96.4235206354104,-1.057715398067014,11.293936848030611,-0.17199611882397492,-11.272131526973816,-0.09046632248706066,-3.0701241702853252,135.28118940060546,149.50055116274203,-0.5945329873817717,20.900214397986137,-0.002946651312057978,12.02619360357459,0.10846381914271597,3.4913664043560324,56.279650004864166,53.07703052733163,0.46318241068524224,9.606277549955525,0.16904946751191693,23.298325130548406,0.19893014162977662,6.561490574641358,85.0
vid_0014_aug_6,vid_0014,False,Half,60,left,108.65534155573911,121.2432687341127,-0.7828877040791509,15.137130061644744,-0.09020617858832512,0.005794902935820071,-2.3773634004042866e-05,0.094831272088893,17.431260299943172,13.072480467068473,0.11219844828473595,2.188972335729813,0.04439502729093267,5.675566316963553,0.040642236355261395,1.33379039270522,86.21162610774296,93.38362135039934,-1.0071209030923367,10.920707861686125,-0.24789864579208518,-13.259122147184272,-0.1119130531621626,-3.006541752562657,150.56313925214718,156.68196262865297,-0.5659187385986133,21.183423166669403,0.052442589941614604,18.355759722297115,0.09045107190002932,3.8111829529220795,64.35151314440422,63.29834127825363,0.4412021644937234,10.262715304983278,0.30034123573369975,31.614881869481387,0.20236412506219192,6.8177247054847365,60.0
vid_0014_aug_7,vid_0014,False,Half,59,left,105.20515416854924,126.02880458792929,-0.750524593559012,15.33568451689354,-0.10152878905379087,-0.2902020657566828,-0.0005560360576251682,0.009567568525155125,13.55309308634785,9.579482545000138,0.09519367941760414,2.22635417722198,0.03901447558467936,6.481092107591296,0.03828814084853488,1.6447767853728046,83.12570175599959,104.7356506978198,-0.970310032809642,11.328647202591865,-0.22726691117356038,-23.79269481353932,-0.07729292984448272,-3.544332921944881,144.8442017399335,144.87081447908685,-0.5785408771548268,20.78737575201498,-0.02461833635403797,16.634160166734766,0.1302804467047387,4.10941615748425,61.718499983933924,40.13516378126704,0.3917691556548152,9.458728549423116,0.20264857481952242,40.426854980274086,0.20757337654922142,7.653749079429131,59.0
vid_0014_aug_8,vid_0014,False,Half,85,left,107.35535171627872,124.76872294891757,-0.752270454384098,15.282339256405866,-0.0843271515336169,-0.13769283584777445,0.000884926242024619,0.055323717534502104,12.6582012960642,9.267485657780352,0.08366030552373055,2.52173573487481,0.0436998496389689,6.012057436641501,0.03576547587045162,1.5914980595188752,86.14130713803006,98.60163359055659,-0.9877679312622794,10.622573447642173,-0.22088254124016998,-14.590216288045767,-0.08008343877604474,-4.596905303388067,146.37235371073297,146.9730878299861,-0.6084130099083804,21.349034987018214,0.006781992012166571,18.34041170350929,0.08448255064028093,3.572699036184787,60.23104657270291,48.37145423942951,0.3793549213538989,10.726461539376041,0.22766453325233654,32.930627991555056,0.16456598941632566,8.169604339572853,85.0
vid_0014_aug_9,vid_0014,False,Half,64,left,107.57608037922452,123.54251765040806,-0.7581829943656948,15.33399114532103,-0.09595408179167231,0.2788806114783732,0.0007745766042544623,0.03130427262124119,16.553683075639082,11.979455660798198,0.10379059440876894,2.0294139599834744,0.049315727493832055,7.319695288971122,0.040246019520116534,1.4547105259558686,78.4730453469197,97.57341776598057,-1.042298205127841,10.086183288397626,-0.2071919760010572,-18.81581727130351,-0.07272977087393384,-3.181342396341682,155.97517727798376,149.44708589350896,-0.5878457597321518,19.42322551313451,0.014834766940568893,25.132227492659496,0.12054599383625264,4.064169335407471,77.50213193106406,51.87366812752839,0.4544524453956893,9.337042224736885,0.2220267429416261,43.948044763963004,0.19327576471018648,7.245511731749153,64.0
vid_0014_orig,vid_0014,True,Half,72,left,105.90763871169173,126.48732161464025,-0.751623613767368,15.266878205561584,-0.08466737768335841,-0.11968505016361784,0.0010263515806885892,0.05035474867449833,10.250973431314714,4.746744166117455,0.07402956563746442,1.2844617018010691,0.01625274573939812,1.5503196339410314,0.011760114824029538,0.7202180542650174,95.67280670519784,113.66300357253823,-0.9492527130152095,11.999393387697857,-0.1271692828115827,-7.026933667100181,-0.024713002351333446,-1.3962862879200655,129.40202782401087,135.44581386360701,-0.6838078236029542,19.001756002358544,-0.052251651829663265,3.078482340345822,0.043689290324110175,1.9292622777129163,33.72922111881303,21.782810291068785,0.2654448894122553,7.0023626146606865,0.07491763098191945,10.105416007446003,0.06840229267544362,3.3255485656329817,72.0
vid_0015_aug_0,vid_0015,False,Half,70,left,104.375720263119,126.34876261759707,-0.6564547811311234,15.33071499962466,-0.04598830650906843,-0.17591406216163097,0.0035910816274659554,-0.10843743044481793,20.13352668292665,13.164719603868956,0.20271182401003005,2.518087762036439,0.03962284957312927,5.130325914993495,0.03513351760761961,1.4566220188129932,76.45635923064746,102.59670939162393,-1.090317776766166,9.10337664277546,-0.14193790990626992,-9.351344640694023,-0.10187011499382193,-3.6595379007271687,151.98052078853405,165.9143577579253,-0.41247002495301643,20.66767743808755,0.06216905189775434,14.416144445532183,0.07630033428053218,4.548783356801096,75.52416155788659,63.31764836630137,0.6778477518131496,11.564300795312091,0.20410696180402427,23.767489086226206,0.1781704492743541,8.208321257528265,70.0
vid_0015_aug_1,vid_0015,False,Half,63,left,103.65006718261172,125.88195652765224,-0.665758159140023,15.211120637262107,-0.042369290962369945,-0.5458857218071604,0.005442492881666342,-0.12244300694146001,18.618435572596237,12.601458281362548,0.2061975576710138,2.6809852968352454,0.04714549330596686,4.438855656872793,0.03883369041636738,1.6184773938695303,76.38771978391622,98.48814987354373,-1.1012021498380948,9.217024755094922,-0.15972608290970605,-11.72433985538187,-0.07497154039031209,-4.123804441283829,143.89519857799215,160.00160541438564,-0.4016779971511093,21.91199278185329,0.07549375506318705,9.052766708292857,0.13564010092854795,5.336398816152451,67.50747879407592,61.5134555408419,0.6995241526869855,12.694968026758367,0.2352198379728931,20.777106563674728,0.21061164131886004,9.46020325743628,63.0
vid_0015_aug_2,vid_0015,False,Half,79,left,103.68577080107193,126.6470922437404,-0.6642536504507468,15.172376733525995,-0.04094667204723671,-0.3197226056558498,0.0047091194377405264,-0.047993776343133565,16.57621675895159,12.544354322407546,0.187736646900028,2.3645302475588315,0.04414160421777931,4.505676806719249,0.04202480485417234,1.4682757090325067,77.44024541221584,94.75224322418119,-1.1081673402869887,8.283424587302411,-0.12066926396821641,-11.861957927367634,-0.10164148537369178,-3.9710834095920635,141.67990112402086,157.60938530429453,-0.3704613415851906,20.398032065889108,0.06292727377577423,9.682214199605347,0.11180215926089665,5.088663910802686,64.23965571180501,62.85714208011335,0.7377059987017981,12.114607478586697,0.18359653774399065,21.54417212697298,0.21344364463458843,9.059747320394749,79.0
vid_0015_aug_3,vid_0015,False,Half,69,left,104.97297518036363,127.31718746893903,-0.6757024357675561,14.919732988333497,-0.050598032722322855,-0.24283169713165187,0.004476835840433886,-0.05301424984990966,20.661384025523482,14.149667351490569,0.20994446783294052,2.6070179892356258,0.04060101577554578,6.095480927651935,0.03781791125082066,1.298732468956736,75.65889127324385,97.37119421056448,-1.1140584954959203,9.110570536596446,-0.14496670323142677,-16.49475787659925,-0.07468443560048682,-4.062419390937159,157.43022245814666,163.97530806360825,-0.39260219673286956,21.97860412817104,0.03714165753650212,15.47130557804411,0.09677144709827412,2.80825678126131,81.7713311849028,66.60411385304377,0.7214562987630507,12.868033591574592,0.18210836076792888,31.96606345464336,0.17145588269876094,6.870676172198469,69.0
vid_0015_aug_4,vid_0015,False,Half,71,left,104.69977520526776,127.02447103019885,-0.6696820601090018,15.304747431627954,-0.04619183285943396,-0.13303311903080853,0.0037871746882233337,-0.06214546309792931,19.54912187030252,14.290721208130702,0.20011548725057635,2.5837003600641952,0.047834028968796946,5.4738752305125615,0.03376373983091039,1.5414715222942632,73.53605962551927,104.18968751804192,-1.1375614930939129,9.097700557781568,-0.16850892615859817,-18.48016219507935,-0.06811396032214234,-3.7540982411617403,156.21339284762354,171.76466295633526,-0.3774280046584946,20.37389708005028,0.07247323685370974,15.87550329954935,0.08704593869087396,4.252569022024158,82.67733322210427,67.57497543829334,0.7601334884354183,11.276196522268712,0.2409821630123079,34.3556654946287,0.1551598990130163,8.006667263185898,71.0
vid_0015_aug_5,vid_0015,False,Half,85,left,105.266678180855,125.72063914412539,-0.6804924455496635,15.046877238138132,-0.050256859225635254,-0.2278565342972523,0.0030151896693169167,-0.07765693603505211,19.15992272217547,13.649404303830739,0.20798553128197625,2.864021230595824,0.0479780375819187,5.467201412297588,0.03862710324055523,1.564979337362661,70.7984835982727,99.95057234394373,-1.1242842362789092,9.225477438877064,-0.16007568746439707,-12.339386636870017,-0.11293902669432421,-3.484824854238508,149.23572635188282,170.77139965632782,-0.38269033153090193,21.498892432522815,0.07189996832582154,13.91665066117929,0.09426426647365221,3.6500777262131034,78.43724275361012,70.82082731238408,0.7415939047480072,12.273414993645751,0.23197565579021862,26.256037298049307,0.20720329316797642,7.1349025804516115,85.0
vid_0015_aug_6,vid_0015,False,Half,62,left,105.53235255009069,127.96381922424487,-0.6672056901393093,14.780680608828302,-0.03506473059432583,-0.10938513770329412,0.006352768596847773,-0.12003921401329733,19.677700492523282,12.514559003469927,0.20858878801083172,2.8804793229465186,0.049281376563296814,6.351931384068248,0.040793751877233254,1.7867597349618098,72.12111897116858,104.03566093758313,-1.0811040904956792,8.701939053720675,-0.14147116201178586,-20.395597443565137,-0.09967200613070948,-5.256252140997301,151.03214904563697,166.234822987727,-0.3705925247931758,24.261140584957435,0.07745781332409143,13.963890587013822,0.10747698111201975,3.8104404079719476,78.91103007446839,62.19916205014387,0.7105115657025034,15.55920153123676,0.2189289753358773,34.35948803057896,0.20714898724272923,9.066692548969248,62.0
vid_0015_aug_7,vid_0015,False,Half,76,left,105.70040250406747,126.71909347019161,-0.6703419589330167,15.229370411866071,-0.0358771459105192,-0.43796103621315624,0.0028053437643604465,-0.06129851826288958,18.43822184650367,13.697931087106934,0.20171547417167912,2.988033229136451,0.04292980512291084,6.01362406737507,0.03972936187717891,1.7962210010786055,74.93748779987604,101.93713543078292,-1.0883207949164033,7.943966936153276,-0.12208964267655889,-13.675730353402635,-0.07228349103322812,-3.9344587096688795,153.27559461286233,175.72505250754853,-0.3293452737385846,23.19959430867747,0.09903600652604788,16.198496175248067,0.12063178169413075,5.423510435780181,78.3381068129863,73.78791707676561,0.7589755211778187,15.255627372524192,0.22112564920260677,29.874226528650702,0.19291527272735887,9.357969145449061,76.0
vid_0015_aug_8,vid_0015,False,Half,62,left,104.65704853283593,127.09694773887558,-0.679357572956818,15.116144142046991,-0.033164612621825976,0.17605292132924938,0.0021836836085202234,-0.15479006738564782,17.49854121145869,13.987447216237303,0.2061697228467716,3.26517430277992,0.046208989617054254,5.371076609143614,0.04049349791743594,1.8714015837635305,79.11899420217885,103.57167339663337,-1.1252337422008154,5.151609937068047,-0.12229562043572118,-10.771426950033131,-0.1322254801206577,-4.423880801280942,140.6815237911149,165.0440164113998,-0.3869909373205296,23.128298637505353,0.11246965632071053,16.616246538637924,0.08579445277284248,4.328869050159581,61.562529588936044,61.47234301476644,0.7382428048802858,17.976688700437307,0.23476527675643172,27.387673488671055,0.2180199328935002,8.752749851440523,62.0
vid_0015_aug_9,vid_0015,False,Half,78,left,106.79589955252992,126.75675727314697,-0.6779658583042948,14.978510127739877,-0.04370749586666505,-0.10625772947711162,0.00273963713076548,-0.06351189454330196,19.346304552560117,13.461903619454406,0.20992805481245674,2.5591228363896343,0.04702676334627053,6.196563703991775,0.03506866983655473,1.5123898705927246,80.57244179737793,95.22131378546759,-1.0973058400494027,8.278285135698559,-0.14779383468628948,-22.37713108175283,-0.07914128665817166,-3.9809264297721674,169.3328747284003,174.35365352911865,-0.41369160780035813,20.968316253347677,0.07651846826799721,19.057862955541154,0.0997575360119074,2.997223760577689,88.76043293102236,79.13233974365106,0.6836142322490446,12.690031117649118,0.2243123029542867,41.43499403729398,0.17889882267007906,6.978150190349856,78.0
vid_0015_orig,vid_0015,True,Half,72,left,105.87497716926147,126.96745709188468,-0.6711415430637717,14.89451313600001,-0.0417001927623102,-0.26441627951171537,0.003570722667609837,-0.0923972801206269,17.758023498714195,10.012717429079592,0.19700721267209526,1.9779562109591695,0.027602506270525348,2.018421193176491,0.0178906186439594,0.8636090809625627,85.88723646670452,113.54760257252518,-1.0419778529472392,10.459547405685328,-0.09697979034872842,-5.953640891918361,-0.04241349510608672,-2.319487322190273,139.98286710063456,160.64207208842114,-0.46872453531293984,19.998544263528544,0.04505503000689425,4.967527920603253,0.05089126161836072,2.319416401081666,54.09563063393004,47.094469515895966,0.5732533176342993,9.538996857843216,0.14203482035562268,10.921168812521614,0.09330475672444744,4.638903723271939,72.0
vid_0016_aug_0,vid_0016,False,Half,62,left,102.88684227643576,121.29598791159131,-0.7083914018522354,21.622684736871275,-0.017891293633886904,-0.4332863318436307,0.0031354741863229346,-0.0732376087670318,17.745900640712183,14.97264912716371,0.19349427597425087,3.199363272644385,0.04884104716567231,4.81113041241857,0.043212503362057716,1.6036580625271377,78.3965863058827,91.11929023783405,-1.1578542976826076,14.016302085805545,-0.1079891758314763,-11.437100503296726,-0.07240993751998287,-4.790320481323386,144.85517253389537,157.62082186968672,-0.4546271561564422,28.412726636151984,0.0832649965535747,10.45937342585733,0.11084242871446309,4.107085797920014,66.45858622801266,66.50153163185267,0.7032271415261654,14.396424550346438,0.191254172385051,21.896473929154055,0.18325236623444596,8.8974062792434,62.0
vid_0016_aug_1,vid_0016,False,Half,59,left,101.33830983732433,120.72340865736763,-0.7071079573199207,21.17659394757985,-0.00850601121834818,-0.15013426681430386,0.003789312313670335,0.05940274920203333,16.71918964864919,13.269161008439145,0.17087754213117995,2.6431529878806233,0.04556710478612271,4.81864936095199,0.03554913603635709,1.419667177101909,74.40296075097103,96.19698340185761,-1.0916334840036608,13.062776525754172,-0.0988366324698638,-16.212601465461475,-0.07156053270482998,-3.699807848674653,144.63557407203712,152.5328176544479,-0.46363585340236463,26.013849661079398,0.13611408793277258,9.917682713390441,0.07874023611412317,3.474293818254634,70.23261332106608,56.3358342525903,0.6279976306012962,12.951073135325226,0.23495072040263637,26.130284178851916,0.15030076881895316,7.174101666929287,59.0
vid_0016_aug_2,vid_0016,False,Half,58,left,100.83106395871579,119.91961106297377,-0.6877782365294669,21.384991773826147,-0.014008823727261248,-0.6361406796219842,0.005016415955770123,0.019883754645158503,17.26513070045722,14.407005870565149,0.18383212888210157,3.4069329758907605,0.04520562236709159,5.234362707996436,0.04471590735484227,1.4478482144564868,76.00649911425087,92.22585225087393,-1.1332748723152903,14.325634892170289,-0.12640283606447877,-12.478615249512316,-0.07940303692723549,-3.3638586116050053,141.3746441878048,166.2429195901613,-0.48043877960920306,28.774436144744964,0.08292851242256954,15.478733578799527,0.1236670012521221,3.320969784390785,65.36814507355392,74.01706733928738,0.6528360927060872,14.448801252574675,0.20933134848704832,27.957348828311844,0.2030700381793576,6.68482839599579,58.0
vid_0016_aug_3,vid_0016,False,Half,62,left,101.73282916702375,121.6383554733762,-0.7143949085494946,21.342815931805195,-0.021795869216661417,-0.6663114230486763,0.004112065044203251,-0.03240563808748515,17.245331768115904,13.925294027539431,0.19109637958822454,2.939922622277358,0.044331074480399794,5.407074650081452,0.041099435279895145,1.4144849038101404,74.01384748623528,96.86159609065676,-1.1095857422017414,14.60209237202917,-0.10662460486047645,-12.466974278891541,-0.09245726827544443,-4.4482387503872545,142.72560416945237,160.77981627628847,-0.44347710624109005,27.39397585771911,0.10486075109351548,11.79771715745617,0.13080996057396993,3.1097616152413643,68.71175668321709,63.91822018563171,0.6661086359606514,12.791883485689938,0.21148535595399193,24.26469143634771,0.22326722884941436,7.558000365628619,62.0
vid_0016_aug_4,vid_0016,False,Half,65,left,100.1262756324293,118.92872512571542,-0.6988956496622947,21.40691349008609,-0.01697785801149604,-0.32334994272803946,0.005615529062779045,0.07534899766643756,16.772420933540772,14.209364333947336,0.180922656152989,2.8603421826681186,0.05333754098792926,4.0856037991207454,0.04408666008648421,1.6604649372296285,73.87030774259013,87.24314054576199,-1.1096867544302231,15.7341437127603,-0.12744528934950242,-9.699029134864567,-0.0956951594790238,-3.895140323872699,144.44080449700834,158.96691114698876,-0.4209574300214169,27.479122498476343,0.11109296784578998,9.949127167876924,0.12389297909107311,4.809165755326394,70.57049675441822,71.72377060122678,0.6887293244088062,11.744978785716043,0.2385382571952924,19.64815630274149,0.2195881385700969,8.704306079199092,65.0
vid_0016_aug_5,vid_0016,False,Half,84,left,100.7311628017945,120.44515789056508,-0.7007163276762106,21.318910926129416,-0.012693803933920328,0.043282909116979136,0.0017858231469863872,0.04612311012670448,15.591198201741154,12.911075607642875,0.1803950839149107,3.262472546955947,0.0497663280133437,4.355122824634251,0.04235769003481165,1.4495367300469366,75.2083189563023,91.44718957453276,-1.1019046895198206,14.051726791188761,-0.10676098798384782,-10.899662757921249,-0.12073062894628639,-3.892743476481643,134.4410967557719,159.44994902659406,-0.4331022826026694,29.762721195616088,0.14943051230256016,10.159009950139016,0.08295194416370938,2.9671829175780875,59.23277779946959,68.0027594520613,0.6688024069171512,15.710994404427327,0.25619150028640797,21.058672708060264,0.20368257310999577,6.85992639405973,84.0
vid_0016_aug_6,vid_0016,False,Half,83,left,102.94373044067211,120.94133617445313,-0.705950637342354,21.11896932050533,-0.016305236456740896,-0.2869805085955851,0.005041226469752924,0.039794052532341244,16.655053598247296,14.585462498783931,0.17679139631036211,3.136537614929393,0.05212403203490289,5.531182333415952,0.03942700544450427,1.2664459827011063,74.8718204748905,92.98440868129317,-1.1166506556698508,13.149139426411265,-0.14658407443015836,-12.052273921335868,-0.0723437879176182,-2.9907254204386824,145.08898246626936,161.25667381795014,-0.40886172807393084,28.23863397214161,0.12073768479397255,13.819291194020842,0.13246211939303543,4.0674597430676025,70.21716199137886,68.27226513665697,0.7077889275959199,15.089494545730345,0.26732175922413093,25.87156511535671,0.20480590731065362,7.058185163506285,83.0
vid_0016_aug_7,vid_0016,False,Half,65,left,101.55652611053226,121.8832307321628,-0.7017478266443901,21.712179486337142,-0.012464167014071992,-0.2781750257265017,0.0034444543147748126,-0.05191829178219376,17.88546215569971,12.420964102680639,0.17725174397405405,2.9384099349208435,0.04563096899581532,5.0224557645418235,0.03571952535689794,1.45076070585553,76.52827326615736,98.74777771505029,-1.1196192038055426,14.22674571326062,-0.11851167965551619,-15.532656817848903,-0.07827338282936397,-2.73742197455881,149.31314898448247,161.02434108228647,-0.45910903173045897,27.583226443368716,0.07816134317738321,12.890017128901953,0.07007944659948101,3.4077929542129777,72.78487571832511,62.27656336723618,0.6605101720750837,13.356480730108096,0.1966730228328994,28.422673946750855,0.14835282942884498,6.145214928771788,65.0
vid_0016_aug_8,vid_0016,False,Half,69,left,103.166053109707,119.99169757093978,-0.7116364287347422,21.69692576906626,-0.018195976950386602,-0.4871732024608363,0.0034738734539665906,-0.007490219886091215,17.639540865233432,14.239151821697941,0.1859657406501731,2.998935582103242,0.0538716226251844,5.548165074658609,0.03878949359254894,1.4626114804896715,69.02349856862794,86.06890279396069,-1.1343264166429239,13.004116338906924,-0.16678934506914805,-12.720043153165875,-0.09365551845580744,-3.9992616540207955,142.78750416006002,157.1791340658033,-0.44720734809702556,29.084398256303455,0.09935782979542936,11.68833454784263,0.08450870104701358,3.543081057026221,73.76400559143208,71.11023127184262,0.6871190685458983,16.080281917396533,0.2661471748645774,24.408377701008504,0.17816421950282102,7.5423427110470165,69.0
vid_0016_aug_9,vid_0016,False,Half,61,left,102.86529182422275,121.78245116037057,-0.7112399335035665,21.312024026818015,-0.012843283592291728,-0.2477862795340606,0.003853620450011797,0.017687516596218613,15.717226942507112,13.539699329120358,0.18583318914239208,3.4014963386067714,0.041324289110930584,5.554550295147844,0.041460294057199976,1.77213504733229,77.3279742670869,96.1834114506519,-1.1411466878712195,14.324256260102203,-0.11996052109105851,-12.8413325375342,-0.07483070413993698,-4.383516626045729,145.030442050263,157.68469468690307,-0.4908571597672685,28.32742469839677,0.07311943809031188,14.991325313397567,0.10595618757065528,3.794655494991572,67.70246778317609,61.50128323625117,0.650289528103951,14.003168438294566,0.1930799591813704,27.832657850931767,0.18078689171059226,8.178172121037301,61.0
vid_0016_orig,vid_0016,True,Half,72,left,102.32349261096346,121.36484398697637,-0.7055897360466437,21.365888192371376,-0.013134557524276246,-0.35119112229562177,0.0037403720635869183,0.01514477511302317,15.746250625673701,11.324587376450525,0.17560839010861548,2.4797726760467818,0.030577607758511052,1.5429845116297647,0.019642354605079383,0.7404953063928928,85.5373537698777,104.01223291522803,-1.0944721045946444,16.673514644400925,-0.06645350496289537,-4.441098221751986,-0.051879454478411025,-1.9021462999071943,135.27176587227783,158.24797077169757,-0.4928110152929182,25.97089571107671,0.07299115816949375,3.3304111788672657,0.048707751143607536,2.293024727023468,49.73441210240013,54.23573785646954,0.6016610893017262,9.297381066675786,0.13944466313238912,7.7715094006192516,0.10058720562201856,4.195171026930662,72.0
vid_0017_aug_0,vid_0017,False,Heave,84,left,133.82346221288248,85.16640139560816,-0.8361265805611243,17.85858762774986,-0.03504521036643591,0.5859259983158647,-0.004146812767535254,-0.0025501296577983596,20.8925906238031,31.419591005215885,0.21510968365159833,2.9482162762381123,0.06926854580826414,8.204634676382177,0.057254389524181395,1.4737599923338889,74.7869389666765,42.03076875984967,-1.2820532016997317,9.79385973184811,-0.18526585453673877,-25.398633648792604,-0.1561960130170204,-3.2729653094209707,178.88756098981492,150.67057611733568,-0.2630393630832534,23.906911754128227,0.1491380326687587,23.301110698618608,0.25091493811190924,3.406345629004382,104.10062202313841,108.639807357486,1.0190138386164782,14.113052022280117,0.33440388720549746,48.69974434741121,0.40711095112892964,6.679310938425353,84.0
vid_0017_aug_1,vid_0017,False,Heave,73,left,122.3347497606653,95.70197273722953,-0.732379111107651,17.650199863803138,-0.01955539274555176,0.3075629817633884,-0.0031742181584195474,-0.011222777912412713,33.505804501445915,32.72458166657823,0.3363460840584477,2.8865230698696065,0.0708080316945048,10.352033315787118,0.08306902177651629,1.5273792233763397,47.9063838910623,46.42939038115641,-1.2540842680818443,10.03418035105144,-0.1389646960385217,-48.83631897786978,-0.1597307291009234,-4.051539393224942,173.94796744573958,147.74530169091048,-0.06981408771567199,24.70703866208808,0.16421613304443716,23.38804763442421,0.38133316878848156,4.464574469126251,126.04158355467729,101.31591130975407,1.1842701803661724,14.672858311036642,0.30318082908295885,72.22436661229399,0.5410638978894049,8.516113862351194,73.0
vid_0017_aug_2,vid_0017,False,Heave,79,left,134.19746246078182,86.82247407768642,-0.8283720114034843,17.929297045581208,-0.04264521184758604,0.6328584854522492,-0.00392243523928575,-0.029692413229049332,19.63288090570087,32.871332810452536,0.2085490266644386,3.079589440812666,0.06485481584742762,8.88358604689521,0.06120795551968083,1.654499703804527,80.0720287842366,43.64044326795859,-1.2494718359587644,8.300027304277963,-0.16146361972065823,-23.79342580834981,-0.21551524918934412,-5.1680883707351954,170.59617344411853,156.17595911611457,-0.18876290999614642,22.962476369618063,0.11127466624446258,26.66088512018328,0.1636517066596635,3.4837103186549268,90.52414465988194,112.53551584815598,1.0607089259626181,14.6624490653401,0.27273828596512084,50.45431092853309,0.3791669558490076,8.651798689390123,79.0
vid_0017_aug_3,vid_0017,False,Heave,79,left,133.2108877892095,85.80063866835387,-0.8382616685243413,17.785493550028324,-0.0451074392382563,0.6854821687971809,-0.003841913038778164,0.03615305734565711,19.850399274706085,32.559976438829324,0.20493344130363178,2.8341914446717213,0.06410613310101151,8.675372932196307,0.058296800012840856,1.353920694752038,73.62047222442999,46.74086182116753,-1.253314210317258,10.241259436921645,-0.16410692058517978,-22.55628556972421,-0.21469623276656052,-3.087177189436847,177.1744432695542,156.9980210288614,-0.23920208901858786,23.913574458155733,0.08436892374245633,27.51658960682714,0.1958806611946518,2.9586527533547926,103.5539710451242,110.25715920769386,1.0141121212986701,13.672315021234088,0.24847584432763611,50.07287517655135,0.41057689396121233,6.04582994279164,79.0
vid_0017_aug_4,vid_0017,False,Heave,84,left,122.5741733577567,92.78962133613962,-0.7503723195566236,18.106943880392546,-0.023509071212002228,0.14414544690467687,-0.0038409661723714304,0.00023091729980174143,29.14171341046259,35.906885734442405,0.31574349587752504,3.169119272379085,0.0656422977697231,10.00736083797858,0.0922648810944939,1.6314893123697969,52.589569830827976,38.85994106855971,-1.2228470031892558,9.766812782079699,-0.16834351349876558,-47.82427185471853,-0.3794177550212172,-3.3268223940285857,168.7358848006203,154.82386006961147,-0.00524696969032401,23.82083564598967,0.12761282252069786,27.432406776684864,0.40157421077046007,4.382600688208878,116.14631496979234,115.96391900105175,1.2176000334989316,14.054022863909973,0.2959563360194635,75.25667863140339,0.7809919657916773,7.709423082237464,84.0
vid_0017_aug_5,vid_0017,False,Heave,69,left,129.0918691472663,89.52909927719195,-0.8066628501911651,18.01971208048851,-0.035915308376794526,0.29647255399527217,-0.0055788760883264815,-0.033382990057553366,27.103803200154893,32.587120136913875,0.27424283272781547,3.0230441865047455,0.07514088683387773,12.558678887506572,0.09458190763995855,1.4267966300952344,47.65154569443218,44.38987504056966,-1.2874043910426036,8.785624375592931,-0.17825530066552392,-47.493272838070574,-0.26769061951912243,-3.7229176886360946,173.8926420585482,143.35924009708845,-0.09541714634985121,23.175121695209576,0.15607199164412067,32.52727142588097,0.3807658215684653,2.3503409339866304,126.24109636411603,98.96936505651878,1.1919872446927524,14.389497319616645,0.3343272923096446,80.02054426395154,0.6484564410875877,6.073258622622725,69.0
vid_0017_aug_6,vid_0017,False,Heave,77,left,124.32831535249827,93.64099824037918,-0.7660939205578694,17.329021637197982,-0.026666892620111723,0.3198932350522157,-0.003970565082136205,-0.01252762925427822,30.116142576037113,35.153108734447976,0.3114815815569078,2.97629574834242,0.07480367385215568,10.280113077018086,0.09778285847130479,1.4906671342248288,48.242228761546386,43.796053057521654,-1.291405367343097,10.338188050399955,-0.17582519377610709,-49.04367571363207,-0.3027565295027657,-3.8859586587441894,167.5941010222299,154.64136122880765,-0.03317223188596097,23.279325773699394,0.16012569642352922,33.10370033494475,0.4320429108511998,3.62541813321757,119.3518722606835,110.845308171286,1.2582331354571359,12.94113772329944,0.3359508901996363,82.14737604857682,0.7347994403539655,7.51137679196176,77.0
vid_0017_aug_7,vid_0017,False,Heave,68,left,129.67753707989255,87.1644056658073,-0.8010148702800753,17.857107399247436,-0.040350088052216536,0.1752109718014048,-0.003931841361449111,0.013969951976271959,24.79317167538507,34.17874100419036,0.2457774227377202,2.716399812896039,0.07235591828636778,12.429934410554239,0.0989052209697518,1.3553322166478765,47.72919863020166,41.35821945703389,-1.337161119916675,10.812061003470216,-0.19170552457116552,-48.70226287856892,-0.28984211889157757,-2.34393876596533,169.28765907990615,149.92117481845403,-0.0888488658277079,22.900350940451684,0.10210253746157681,33.59794803491581,0.3738120334060642,3.58199888180523,121.55846044970448,108.56295536142014,1.248312254088967,12.088289936981468,0.29380806203274235,82.30021091348473,0.6636541522976418,5.92593764777056,68.0
vid_0017_aug_8,vid_0017,False,Heave,58,left,128.29433548054004,92.31112380698966,-0.7944939474034581,18.04611576875059,-0.02998756339853655,0.37675878688956316,-0.00255219082877824,0.06997668043672048,28.117129554602553,33.5092456326061,0.2814565992159029,2.981876537920249,0.06802517136933897,15.250672917918637,0.12104641861006885,1.7586274067617371,46.38765079452847,47.90892803715493,-1.266973276679334,10.961553778713581,-0.16814165829924377,-46.75525815948115,-0.36359562758396313,-3.3691620165903986,168.04141571020725,156.67473794487935,-0.0012881613641645417,25.015668667111555,0.10722185098948417,42.4848031261002,0.4020824554592773,3.9756903054487065,121.65376491567878,108.76580990772442,1.2656851153151694,14.054114888397974,0.27536350928872794,89.24006128558136,0.7656780830432404,7.344852322039105,58.0
vid_0017_aug_9,vid_0017,False,Heave,82,left,135.04243218940775,84.86807164708588,-0.83473137427662,17.272851858910713,-0.03766090822891368,0.6644950390557922,-0.003655702988921016,-0.03437029097032161,20.388385010298762,29.728127450259155,0.21385611241001412,3.0444185272855933,0.06589356490504564,8.122784618329774,0.05806673114380253,1.4373980318582764,74.60603700773441,42.797676403652076,-1.2717138677611852,9.995455086608938,-0.16768043816121234,-17.216459126275872,-0.18186741349856547,-2.9638617461622854,170.88730446630925,143.79946139020072,-0.19041731498563064,24.734176439624427,0.08302748973777413,24.799640491735566,0.18226840112257076,3.901408641067677,96.28126745857483,101.00178498654864,1.0812965527755547,14.738721353015489,0.25070792789898644,42.01609961801144,0.3641358146211362,6.8652703872299625,82.0
vid_0017_orig,vid_0017,True,Heave,72,left,125.7114052178223,94.20100209093295,-0.7553831219951935,17.733652764738626,-0.02756602335892355,0.4055354215602608,-0.0042087322725421076,0.010362341122948586,30.081074970151352,33.57994405807249,0.31033798689866,2.3427487640516187,0.059286846598307956,10.220318985051904,0.09192944381253793,0.7914699037436725,54.54795615438282,50.22903062448466,-1.2147172300156144,10.911281925901742,-0.12812771252594055,-41.44439469574754,-0.298194806741983,-2.750801045226564,167.57195444101657,143.46225873577217,-0.07373746553455884,22.011790330982294,0.08952195171747972,35.82717935449094,0.37188502252547456,2.1699585661972254,113.02399828663376,93.2332281112875,1.1409797644810555,11.100508405080552,0.21764966424342025,77.27157405023848,0.6700798292674576,4.920759611423789,72.0
vid_0018_aug_0,vid_0018,False,Heave,59,left,135.69701693423346,92.40469559238132,-0.8906059280227776,17.506189333492983,-0.06867704082936166,0.26945879312349785,-0.004668609838639902,0.09301315733488925,20.01739451998406,38.90148067785171,0.1866186184858011,3.1128033842325613,0.042878278229293736,8.314416638112727,0.05059256672967154,1.3204357941680076,95.58278569402799,39.63563759173226,-1.2979053383256107,8.249763230156411,-0.16517956816438034,-23.466035630036117,-0.12409603126596808,-4.043742842803006,178.31625762605216,160.32639850357643,-0.5545807220582908,24.405143226768946,0.01588878125702023,18.899786403808307,0.15792581537714606,4.58543837205088,82.73347193202417,120.69076091184417,0.7433246162673199,16.155379996612535,0.18106834942140057,42.365822033844424,0.28202184664311414,8.629181214853887,59.0
vid_0018_aug_1,vid_0018,False,Heave,83,left,127.78654975236128,102.62781087869949,-0.7866710194143441,18.245653579719566,-0.061398222978655936,0.27858565700750004,-0.002369635445429535,-9.871966381273114e-05,30.59561258406046,38.526764884687,0.34210869196378246,3.3559608334091506,0.06564693193997828,12.700164133323312,0.11135729798780014,1.5300650431912697,42.2126073867404,42.26746254664266,-1.2953062802627862,9.9485029549159,-0.18857236900920632,-45.821974297271076,-0.3878198369113743,-3.883523651920515,175.62803362178866,158.55363941043396,0.003844379472879189,26.934291988245015,0.11118434139353615,51.506039327036525,0.422189491325164,4.336508673807442,133.41542623504824,116.2861768637913,1.2991506597356652,16.985789033329112,0.2997567104027425,97.3280136243076,0.8100093282365383,8.220032325727956,83.0
vid_0018_aug_2,vid_0018,False,Heave,61,left,116.25011587736884,112.18988904616037,-0.7043651024576166,17.846133759453426,-0.040882017711103544,0.3398843798066041,-0.0041829664679580774,0.09394189348930283,37.749674818571464,34.93762150346831,0.38961930846560094,2.891819353483273,0.07086922754553138,9.528149528589214,0.07712597648135815,1.3770326994289315,44.47143192037444,44.27465043960404,-1.2861724700272892,11.708052122492884,-0.15361528750896966,-46.44053164493354,-0.21046008348803358,-2.659685004062222,173.0320036016023,162.79524923217178,-0.039108506064305826,24.79609895925708,0.12679830561221855,17.507190601885007,0.3590218964965862,3.360748444758352,128.56057168122786,118.52059879256774,1.2470639639629835,13.088046836764196,0.2804135931211882,63.94772224681855,0.5694819799846198,6.020433448820574,61.0
vid_0018_aug_3,vid_0018,False,Heave,83,left,110.71466997529754,119.20804516232293,-0.6396100786369194,17.78855931540931,-0.032005648673268244,0.30213611855989536,-0.0034533056266890156,0.002033707393559017,42.751026436803734,31.207258216839627,0.43141319063343425,3.3190253444300364,0.06404073899760496,8.697611790380465,0.06923227265006873,1.5101327334620287,33.56063660805013,46.5720270339776,-1.2624519087656745,11.191357828136974,-0.15978325779955777,-43.44997474180945,-0.13979975917434675,-3.4743536078814756,175.45575575398158,160.85383282122308,0.013056581709580795,26.827406183805934,0.16945910385458834,14.465231995160373,0.3788266320815878,3.1861350823280894,141.89511914593146,114.28180578724547,1.2755084904752554,15.63604835566896,0.3292423616541461,57.91520673696982,0.5186263912559346,6.660488690209565,83.0
vid_0018_aug_4,vid_0018,False,Heave,65,left,135.65534060288329,91.2002413231285,-0.8766248109599569,17.70703512444936,-0.07872672778500561,-0.16447101487274857,-0.0029995833409769703,0.1060999364502871,18.742618445308427,37.89971604990066,0.17593441202091972,3.274223995022825,0.038842910468471915,8.072378458739083,0.05501348263056763,1.5175029810701866,90.21559864198434,42.076362692322505,-1.2481767896837548,8.210060128121059,-0.1617176407843937,-22.835463918351905,-0.13922023870594996,-2.8875747126574867,173.4497219027033,161.07205816528366,-0.4338862790745218,24.823047551677217,0.01723329072563039,20.878284364956585,0.20171926171853127,3.945461165651299,83.23412326071895,118.99569547296116,0.814290510609233,16.612987423556156,0.1789509315100241,43.71374828330849,0.34093950042448123,6.8330358783087854,65.0
vid_0018_aug_5,vid_0018,False,Heave,85,left,109.15373780077924,119.64755686575906,-0.6427758853232765,17.61913676672415,-0.03306383375276278,-0.0057593556124307015,-0.002514862389871095,0.03578279662688909,43.92377384587155,28.888626104794994,0.45133979029947024,3.374988164525981,0.06626737797979214,9.655684647677658,0.06711943281042895,1.6191411672118403,32.76627013104669,52.02121143345332,-1.3229877408658588,9.92808136683217,-0.15838107814944266,-53.01443190802928,-0.09263863534677347,-4.223587658294244,174.2760672262695,158.35780001695736,0.06895372425976087,29.246976324533904,0.10357731774866771,13.653047239564124,0.333273469136397,5.4816504395164944,141.5097970952228,106.33658858350404,1.3919414651256197,19.318894957701733,0.2619583958981104,66.66747914759341,0.42591210448317046,9.705238097810739,85.0
vid_0018_aug_6,vid_0018,False,Heave,66,left,116.20521801199565,111.59162336572382,-0.6953336459516292,17.754848837920292,-0.04051974306633628,0.5468924041348098,-0.0058218628108898515,0.020257913652647758,39.99665948905256,34.36951391589888,0.40563939061525356,3.4669230456036484,0.06301802383901367,15.312197386142579,0.1347916980996962,1.8449659351230476,41.25592400501192,42.898752108832845,-1.262247390550702,7.709207511699101,-0.19928223387126617,-48.29224637168942,-0.3815996260902185,-4.845095389748516,174.09158891984632,154.3406923363166,0.011209247463485283,26.023443217673297,0.09847553273224234,52.38134912029713,0.40027798217296284,4.615469282067519,132.8356649148344,111.44194022748377,1.2734566380141872,18.314235705974195,0.2977577666035085,100.67359549198656,0.7818776082631813,9.460564671816034,66.0
vid_0018_aug_7,vid_0018,False,Heave,75,left,110.69103074585745,119.60567247098695,-0.6326436249779812,18.066504808826355,-0.032604024072897496,0.15085078453273762,-0.0037440280612840208,0.03818205435310934,42.396883287672935,31.17132369925707,0.42607792443056386,3.201880223282252,0.061793634777973096,16.09470269040911,0.14022359299752418,1.445076734666856,43.331453294877264,50.99885466533697,-1.2529892344773954,8.572802408260344,-0.18999618143753702,-54.57141714144588,-0.41144901282661994,-3.470939133095997,173.19606651886258,156.74524624727093,0.012790188957484516,25.916436768844875,0.06859967897917384,54.92298497985188,0.4061236372818863,3.6847975401552233,129.86461322398532,105.74639158193395,1.2657794234348798,17.34363436058453,0.25859586041671084,109.49440212129775,0.8175726501085062,7.15573667325122,75.0
vid_0018_aug_8,vid_0018,False,Heave,64,left,114.74403095570196,113.87383051486383,-0.6741448329089892,17.828601852148196,-0.041885491371345444,0.26856301704485985,-0.0037406188871547622,0.029900305142366607,41.11753685183432,32.32378659326452,0.41807393235985,3.2573215202503647,0.06837275069065503,10.13866250137943,0.08376216084438871,1.5173186429046925,42.22490310768648,39.90206599151877,-1.2852061734066214,9.266248633048559,-0.17797057290286994,-47.57417492631978,-0.1346910191053443,-2.5542004564023646,168.64398574517443,154.11025757137926,-0.0018545803245092474,23.916834594822955,0.0915018017467047,14.652186498837295,0.4083244704231147,4.417033723462526,126.41908263748795,114.2081915798605,1.283351593082112,14.650585961774397,0.26947237464957463,62.22636142515707,0.543015489528459,6.971234179864891,64.0
vid_0018_aug_9,vid_0018,False,Heave,69,left,136.4735395028751,92.55619913737422,-0.8836859965053049,17.75954055907959,-0.06760037429726164,0.5129376442759034,-0.0026143309965536324,-0.05778029062578236,18.25862028217285,39.254409260350144,0.17941354123444264,3.0290684294745,0.04411626438287021,7.066458588598482,0.05134601636286089,1.3569211585277792,85.74657551468047,37.70102923543555,-1.2307537913100397,8.582918856227957,-0.2000095711003638,-24.687634080127552,-0.10794392652655369,-3.7848549911502287,173.49973390693143,166.3799973774282,-0.49343310690210324,23.381364063206597,0.01867078955643872,16.045770904923195,0.20229574554707294,3.147103910514465,87.75315839225095,128.67896814199264,0.7373206844079365,14.79844520697864,0.21868036065680252,40.73340498505075,0.3102396720736266,6.931958901664694,69.0
vid_0018_orig,vid_0018,True,Heave,72,left,108.38146961302135,122.26561227588455,-0.6121634267007214,17.74712438441803,-0.02902968880446224,0.3123147675448834,-0.003549712658902816,0.014108767064877799,43.74478645825661,27.51966742048532,0.4430438192571581,2.6972117763529573,0.057657971028049204,7.0524376563813895,0.06447994143501856,0.9019779650307763,44.59478741764742,56.28472657244599,-1.2456442856680976,10.558456639715255,-0.1395691073731931,-37.53693831721483,-0.0903701613864217,-2.5050955707264473,167.5915362562919,149.21081785266787,-0.06060376099417042,23.58623896687364,0.09709832763208391,10.094194123839884,0.3594829959022754,3.0321062546870055,122.99674883864449,92.92609128022188,1.1850405246739273,13.027782327158386,0.23666743500527704,47.63113244105472,0.4498531572886971,5.537201825413453,72.0
vid_0019_aug_0,vid_0019,False,Heave,73,left,137.1817538802092,93.2076943773655,-0.877065121128142,21.00868458638701,-0.054499155987003216,0.6559448740622082,-0.005516702775994997,0.0027328879811390114,21.852173595998565,42.08410418371199,0.251297130221611,4.097227522314942,0.05720040865042329,8.046853618454657,0.060973341597911374,1.5741854441210856,76.19384842068074,27.909813374105127,-1.3021758768465375,11.503009395073935,-0.19157649052034362,-28.848536857947686,-0.10554649268217003,-3.067233962717598,168.46320878205643,152.6277531137303,-0.20812920175523508,28.321232811202695,0.115477219015546,25.096101042638367,0.2809169953305925,5.276865169713905,92.26936036137569,124.71793973962518,1.0940466750913025,16.81822341612876,0.3070537095358896,53.94463790058605,0.38646348801276253,8.344099132431502,73.0
vid_0019_aug_1,vid_0019,False,Heave,73,left,139.44544303924098,93.27653827442349,-0.8779994431292395,20.82242139072014,-0.0478682852098899,0.6300930115578741,-0.007952081279108144,-0.07806916300585763,22.278004598715242,42.176778261209,0.23167505796660648,3.929873240502882,0.052875138091730056,7.484872074630571,0.05808308684331807,1.659116382071948,75.18801442427184,35.614076020205125,-1.284065846110024,12.03886557645958,-0.14509951847139851,-19.92107165299185,-0.13550157016669007,-5.170067566858201,176.5626791699201,151.89620509207074,-0.25528254898897684,27.81898240193767,0.11326876758026061,18.312787016943503,0.20033565486645533,3.6111224624729807,101.37466474564826,116.28212907186563,1.028783297121047,15.78011682547809,0.2583682860516591,38.23385866993535,0.3358372250331454,8.781190029331182,73.0
vid_0019_aug_2,vid_0019,False,Heave,70,left,140.13873490154427,91.00001502167828,-0.896559571245712,20.404504270771117,-0.05459967050781502,0.2930818490540574,-0.006492578497638619,-0.025364128820328513,20.907419293232188,42.84544817481397,0.20794882480950963,4.009051184468075,0.04633036705257259,8.775595941138056,0.045140287238189136,1.6704990818075323,91.94593949103754,34.27109234313492,-1.3636672127438545,8.5652226967613,-0.14689636677973789,-19.709872674865466,-0.10115553497239915,-4.856968091669044,174.35785525623407,150.80734362990955,-0.5629487376520645,28.476486818986196,0.09068815165073565,21.38273553969671,0.11048970709462613,5.786658133118914,82.41191576519654,116.53625128677464,0.80071847509179,19.911264122224896,0.23758451843047354,41.092608214562176,0.21164524206702529,10.643626224787958,70.0
vid_0019_aug_3,vid_0019,False,Heave,65,left,136.7427164894208,94.98084778529577,-0.8623550345240473,21.106474760451714,-0.05228564351364654,0.10240860955199721,-0.008120030165108294,-0.09693164170288167,24.028515281355975,42.791054982224495,0.26201169829535753,4.411673581624282,0.05495516524904812,8.39693561483126,0.0697582340275261,1.9877463476792492,69.52332613282151,36.92598952054652,-1.272101088167889,10.391240216233994,-0.13600931823317888,-32.049545284980724,-0.09120415130024179,-4.721316234933223,169.63181457409266,155.29668240972438,-0.18915371959747007,28.38897187000332,0.09540870603959059,20.82408609661674,0.3419495917408913,5.49892301295647,100.10848844127115,118.37069288917786,1.082947368570419,17.99773165376933,0.23141802427276947,52.87363138159746,0.4331537430411331,10.220239247889694,65.0
vid_0019_aug_4,vid_0019,False,Heave,76,left,126.34639033839046,105.01811569918186,-0.7750134920780629,20.988208829895868,-0.03700787632376402,0.45317012912345467,-0.007883400886087737,0.015128760802067773,37.913431727927126,39.819929020028844,0.41151078842987604,4.212915089336019,0.05738477041357936,12.080181113504223,0.1182767412519216,1.4617401714077458,41.158326939321384,36.11055041749644,-1.3137633065740029,10.913332447642409,-0.15377350545745516,-45.24962825794173,-0.4361564684261169,-3.1794994588353642,176.3663786502249,158.92918135157012,0.07537167817955415,28.071401080171068,0.11351908035674108,45.21392971764273,0.3496954146253009,3.030520545789132,135.20805171090353,122.81863093407368,1.389134984753557,17.15806863252866,0.26729258581419624,90.46355797558445,0.7858518830514178,6.210020004624496,76.0
vid_0019_aug_5,vid_0019,False,Heave,73,left,113.23378103996778,116.37911824630584,-0.6393258445977487,20.58678609511568,-0.021475616584456427,0.32427522904736666,-0.007090433222718706,-0.06171522164119381,44.30324634079103,37.31965984586451,0.4622636745522856,3.9516148593326865,0.06407001952836816,13.27904995930255,0.12006728599189277,1.4903720709989008,31.924079459692905,33.443656678149125,-1.2943559043867157,9.675170817133841,-0.1490049863181973,-50.67805475891075,-0.40277952418785695,-3.6795257933073318,174.05134840676914,159.91918941378447,0.11026096932605844,28.32657971704316,0.13147030561344705,51.86068043605861,0.4107636827932869,3.7532913773428085,142.12726894707623,126.47553273563534,1.404616873712774,18.65140889990932,0.28047529193164433,102.53873519496935,0.8135432069811439,7.43281717065014,73.0
vid_0019_aug_6,vid_0019,False,Heave,65,left,139.49609147667223,91.90658599239143,-0.9105790419969041,20.417882067698635,-0.05988330253925691,0.4945947827290308,-0.00981587297558633,-0.028088658743765867,20.001797152674385,42.99295345432298,0.21714985604141507,4.022386011637486,0.04534610966745488,6.774136912016088,0.04536646197782213,1.3680940899245633,91.25591110298899,32.495932068496295,-1.3879047373431876,11.182570394090055,-0.15437224567103314,-20.95783612352507,-0.10727779594634679,-2.8624865500865155,177.35172720622822,153.37323930568388,-0.5371573072574944,26.942286681237583,0.07929213773974006,14.933414970217896,0.18408188609397108,3.0773131419598645,86.09581610323923,120.87730723718758,0.8507474300856932,15.759716287147528,0.2336643834107732,35.891251093742966,0.29135968204031787,5.93979969204638,65.0
vid_0019_aug_7,vid_0019,False,Heave,58,left,137.52132097178637,93.24474361426871,-0.8592875954153726,20.553255907397553,-0.05011081994606883,0.9304013662423959,-0.009137384334951754,-0.07983245992646147,23.629030237164237,43.16961106628428,0.25592801322759023,3.912836497067591,0.0604874076328436,9.935134357440582,0.09904365051735795,1.7089021777028637,70.02557826079537,33.2080909021781,-1.2824723074350506,11.251095464839329,-0.1508292187521913,-38.44347970147498,-0.23765104348980104,-5.0914772480339145,172.79691791465982,153.1858043171228,-0.14328342823179807,27.350570016858626,0.14527834428899,27.68804437119519,0.3926221612715188,3.7405272869292334,102.77133965386444,119.9777134149447,1.1391888792032525,16.099474552019295,0.2961075630411813,66.13152407267017,0.6302732047613198,8.832004534963147,58.0
vid_0019_aug_8,vid_0019,False,Heave,68,left,139.82974506794736,91.12697649296858,-0.8966109926422059,21.359343510380555,-0.05351991663181488,0.32091196769646885,-0.006071162089605778,0.007847163905991147,20.78439588929768,41.11588129174452,0.22397902370753803,4.345699334027825,0.054507008420012444,7.463726766014717,0.04519536560968181,1.7336929036705568,94.51097703234815,38.572625577414556,-1.3436179129517123,11.507100793295024,-0.17699962115174184,-20.681870432641297,-0.10975307646357202,-4.211981849655006,178.0746937627275,153.69601442751818,-0.5016021160605759,28.574539068566416,0.15023081271868816,19.53139676934832,0.11216661900577057,4.803473184730862,83.56371673037934,115.12338885010362,0.8420157968911364,17.067438275271392,0.32723043387043,40.213267201989616,0.2219196954693426,9.015455034385868,68.0
vid_0019_aug_9,vid_0019,False,Heave,86,left,138.29196067535648,94.16509215787302,-0.8678482880209155,20.5723489982665,-0.053746860049918854,0.4594372431959474,-0.0049412724030040425,-0.018715888409602713,24.62218665743718,42.31732138203918,0.28661788824418405,3.9873833212272194,0.058219797886425374,8.60340943352985,0.08230026471962366,1.4467373704135968,56.25395830586418,31.149962866197935,-1.298839732361981,12.32308993656677,-0.15736587084816156,-45.019700909092535,-0.34957741056867564,-3.5414146029148545,175.19274519804958,154.52674851040018,0.0052116078755432005,28.254310490400393,0.1298286462744018,29.432534788490706,0.367949189839396,3.7851580585874602,118.93878689218539,123.37678564420224,1.3040513402375242,15.931220553833622,0.2871945171225634,74.45223569758323,0.7175266004080716,7.326572661502315,86.0
vid_0019_orig,vid_0019,True,Heave,72,left,131.14295995294208,102.29408136720738,-0.7868556361941015,20.719698058898473,-0.040029101896629365,0.46096749048148244,-0.007032070791642465,-0.02156546553743756,32.51067512953844,42.73478702319426,0.3576792717884958,3.7504351428079428,0.053931926710856205,6.784209210271209,0.0722842508741946,0.8873027910465686,60.64498879895449,43.54729974667855,-1.2480182434575575,10.9179584453326,-0.10949823736540668,-38.28211985952124,-0.0882782531950431,-1.8823490193686077,169.62984562826537,146.00901571841052,-0.015406110379698745,24.46868969143368,0.08437964520034773,7.861792789166074,0.40193651297354904,2.7274059137018654,108.98485682931087,102.46171597173198,1.2326121330778588,13.550731246101082,0.1938778825657544,46.14391264868731,0.49021476616859216,4.609754933070473,72.0
vid_0020_aug_0,vid_0020,False,Heave,61,left,148.8317287448971,116.17089370573652,-0.9638247488698739,18.07446139735622,-0.08715890390397525,0.2963130292274623,-0.0059395116570725905,-0.312356755347276,20.348313034129706,43.69435731913185,0.23445204232998842,5.6257080831913,0.06698963601078847,7.79483292846254,0.056669557247207104,1.8172584696572882,83.76979887533422,34.24513813100666,-1.2306492232540662,4.465602130888845,-0.23953118218332567,-18.64568232620004,-0.11836758621447163,-4.452333309254223,176.87777283670897,175.86280478687232,-0.2216567492052831,29.02358563599932,0.07153109335804912,18.381069866235975,0.2685603221660406,3.5878262810162767,93.10797396137475,141.61766665586566,1.008992474048783,24.557983505110478,0.3110622755413748,37.026752192436014,0.3869279083805122,8.0401595902705,61.0
vid_0020_aug_1,vid_0020,False,Heave,84,left,142.8882156388931,117.07008117537204,-0.9224335408661195,17.589605855317814,-0.08073743645298491,0.020788105185096873,-0.003179058049310327,-0.2640198410388755,27.461147506991807,41.90413936121969,0.3079518573602487,5.383786988381218,0.07883246326495576,8.891618291554494,0.08971595234160736,1.2850969146490874,66.43486705253038,34.08899083804966,-1.328654545983544,1.7199237801515894,-0.203175335783402,-37.046718491821125,-0.3653895232230251,-4.021806831900123,175.79202448826643,167.14725489720928,-0.05792927775435053,26.754606681984495,0.17208934502657036,28.81348989194661,0.39939363204038436,3.4218506576198315,109.35715743573606,133.05826405915963,1.2707252682291934,25.034682901832905,0.37526468080997233,65.86020838376774,0.7647831552634095,7.443657489519954,84.0
vid_0020_aug_2,vid_0020,False,Heave,80,left,140.65789975993602,119.81662091657829,-0.8850110769471471,18.17637872499524,-0.0555321825494662,-0.03804145077728194,-0.004796044656803879,-0.21731451827635867,31.52344477010041,39.890909805857234,0.36298723831541196,5.742588372652044,0.08126434099375413,13.167281882432256,0.12843575536992122,1.5864328996598052,53.74664257275885,36.469323387839715,-1.261864396842569,6.529856269723431,-0.21399787302931253,-51.28617280290587,-0.4793157527064634,-4.230960793285108,176.9517518452833,173.08148420963843,0.02388327348117314,30.19462378925499,0.1497149024601816,43.337013904618644,0.4731492399937494,2.9485102466132753,123.20510927252445,136.6121608217987,1.285747670323742,23.66476751953156,0.3637127754894941,94.62318670752451,0.9524649927002129,7.179471039898384,80.0
vid_0020_aug_3,vid_0020,False,Heave,67,left,145.41758916296533,115.36846424644882,-0.9257293432344454,17.57278082591297,-0.07515975426738142,0.315561964050879,-0.005412848738965797,-0.27209742701083817,24.67607275593425,41.72297982543748,0.2718881562556178,5.180843401795105,0.07089786926260837,9.189675108686162,0.09700831909036484,1.4807152349639148,66.26794806136878,40.69467599141149,-1.2611332558035016,5.369008911167444,-0.2263597031411416,-43.14043384154926,-0.3630989898553598,-3.6005509356894976,177.45464885782178,159.7666823844912,-0.08647933462281865,25.814787846421037,0.12374459982519599,29.00341355046441,0.3946149673290417,3.3489951488789647,111.186700796453,119.0720063930797,1.174653921180683,20.445778935253593,0.3501043029663376,72.14384739201367,0.7577139571844016,6.949546084568462,67.0
vid_0020_aug_4,vid_0020,False,Heave,76,left,139.0813435788371,120.0975407710046,-0.893101797657836,17.789637164084844,-0.06333813866659567,0.01413344435484002,-0.0028281058594845612,-0.2822332747839589,31.5101163028887,39.747040274817955,0.36716824512164975,5.429725761138516,0.0884109988536448,11.393824571242696,0.113278724516865,1.602961800650308,55.996941951083606,36.35803366247506,-1.2772772930598832,3.8772825760839384,-0.24905258312307127,-45.687191682835525,-0.5225323568432996,-4.428676402955063,176.9192084148811,160.1995565461622,0.03655926844904578,28.430303076188146,0.1207012669681573,51.7149770259346,0.44774385336123923,3.0435017011973517,120.92226646379748,123.84152288368713,1.313836561508929,24.553020500104207,0.3697538500912286,97.40216870877012,0.9702762102045388,7.472178104152415,76.0
vid_0020_aug_5,vid_0020,False,Heave,80,left,146.28830819615672,115.30326104736218,-0.9563494965093013,18.002072617009507,-0.08343377111836525,-0.16879591537153588,-0.003931092700987635,-0.20844694569032535,24.06408751149812,42.166406202518324,0.26373410025744726,5.341207337052541,0.07064997668294798,7.221465080975221,0.07354894494180475,1.6900565540454053,72.0490159914407,35.36432432456554,-1.3375301249765754,2.7776163340281697,-0.20475868959984841,-32.1585409707643,-0.19234581988258032,-4.846490666852663,177.10320688897528,162.51624118317426,-0.05806354400629521,29.041040628300625,0.1330945355495933,14.047818681075526,0.40711053122865976,5.522493222932805,105.05419089753458,127.15191685860873,1.27946658097028,26.263424294272454,0.3378532251494417,46.206359651839826,0.5994563511112401,10.368983889785468,80.0
vid_0020_aug_6,vid_0020,False,Heave,78,left,140.6070901378703,118.88021860423993,-0.880210208885082,17.608597395897235,-0.07226206907714594,0.21968595027759746,-0.00440380751462669,-0.22287146871117983,32.74194549298566,39.99233044884446,0.36653349313971145,5.551097829994491,0.07920023995235281,9.646228964340343,0.08550264771382211,1.5689715766815628,47.03662929562718,29.34230198082307,-1.3015531647848912,3.536328840025214,-0.18816459406511363,-53.72842745385946,-0.12617755719757417,-4.477727903808897,178.89022011967586,164.28763990461428,0.03705455324292117,29.1963492437556,0.09763572404843533,18.747875607698077,0.467543866512792,4.224257277424089,131.8535908240487,134.94533792379121,1.3386077180278124,25.660020403730385,0.28580031811354895,72.47630306155753,0.5937214237103662,8.701985181232985,78.0
vid_0020_aug_7,vid_0020,False,Heave,75,left,142.11458768944703,121.18183644461969,-0.897799656320333,17.599709526736127,-0.06639077837483824,0.24922730801018303,-0.004015802185231014,-0.24019255066767395,29.258697998318688,41.7775685586475,0.3339064480349335,5.72218190972697,0.0752881852832464,7.3433594015380255,0.08279249003282169,1.751541925807863,66.20092100397122,38.81758760802503,-1.2854261080425873,3.687581768017619,-0.20453184137764752,-34.35274168729798,-0.1433341964092055,-5.279348119120952,172.41549682273757,172.96248643073685,-0.019385544906820984,30.11116881113206,0.16499719970010895,13.006764421129432,0.4159632884328504,4.411061950211395,106.21457581876635,134.1448988227118,1.2660405631357663,26.42358704311444,0.36952904107775647,47.35950610842741,0.5592974848420559,9.690410069332348,75.0
vid_0020_aug_8,vid_0020,False,Heave,85,left,143.38229023594994,115.74322109490161,-0.9381482006210087,17.51135782893518,-0.07862499114365275,0.13560515540745927,-0.004211040653406364,-0.16293644062603502,24.965159956257207,40.59161975532304,0.3034146961180764,5.330890564428883,0.07794772632394387,8.060063988473471,0.0682627790439218,1.6442919749622449,74.34946230233746,40.38311019206666,-1.2859837076598946,5.739654716976312,-0.2074166617742298,-40.079525217343075,-0.08551980712776286,-4.977855762636941,174.8950962241235,160.76079903294678,-0.09177250529830072,27.275937722418398,0.12224190366272242,15.290503273051357,0.39115963691057576,4.335323709173586,100.54563392178605,120.37768884088013,1.1942112023615938,21.536283005442087,0.3296585654369522,55.37002849039443,0.4766794440383386,9.313179471810528,85.0
vid_0020_aug_9,vid_0020,False,Heave,61,left,145.8316254922281,115.12469675955249,-0.944448629956953,18.061423512130702,-0.0852807513284007,0.26999329296840346,-0.0037558340383172665,-0.3114298331153812,23.785518032020274,41.12756159184297,0.2674575663934529,5.465240898656152,0.07454478515467328,8.512267318615658,0.0768093886351579,1.6319838982583792,71.62737778731726,37.52366388159212,-1.2848915082937107,7.3736161847966954,-0.22120009049161052,-29.97255490184788,-0.16583290223505148,-4.9666623332801105,177.99059784766968,162.2238040676016,-0.1502782903445702,27.631879269573535,0.09444167797240921,20.321158031390226,0.362857986181148,3.239484487410081,106.36322006035242,124.70014018600949,1.1346132179491404,20.25826308477684,0.3156417684640197,50.293712933238105,0.5286908884161995,8.206146820690192,61.0
vid_0020_orig,vid_0020,True,Heave,72,left,135.64227160988946,126.86196842385036,-0.8311828974986821,17.677071181574657,-0.050050744215506676,0.16316553456134683,-0.004335374183800311,-0.27890824985306034,37.60576032239269,36.00942536023835,0.41781640944573994,5.236614360976077,0.08191381614052601,8.669015653631003,0.07979057992867329,1.0590967309496178,52.554865690772196,43.69605660878707,-1.2047975954946224,4.896800769253021,-0.2035723272823532,-49.16848382207953,-0.09903625068312033,-3.082319633393597,167.36697481758284,152.642081915928,0.02981295897327285,26.119831139163725,0.09657276568588324,8.3959777835409,0.44460554976222794,2.2986649524321887,114.81210912681064,108.94602530714093,1.2346105544678951,21.223030369910703,0.30014509296823644,57.56446160562043,0.5436418004453483,5.380984585825786,72.0
vid_0021_aug_0,vid_0021,False,Heave,23,left,129.58979037475504,144.03752918512862,-0.6991495541155713,24.103857913502743,-0.1973047934719287,-4.351998780775784,0.03440874208079831,1.6949237305782532,38.2100529317281,33.78701777739831,0.35884043541650146,20.88182683820941,0.19656358695861065,11.099613854071329,0.11939330348722269,4.974269579191119,37.70819847850999,43.31468656347599,-1.1248931744854525,4.200394274302001,-0.4398144468194054,-35.78730383177668,-0.19797024633886523,-8.521007388066689,164.84234625252935,170.7431485173882,-0.08192323102434729,61.75176839109774,0.218679296745875,10.54318550593338,0.32440261785149377,15.676920953139776,127.13414777401937,127.4284619539122,1.042969943461105,57.55137411679574,0.6584937435652805,46.33048933771006,0.522372864190359,24.197928341206463,23.0
vid_0021_aug_1,vid_0021,False,Heave,22,left,128.60624557393515,141.2533500231136,-0.6697406051665392,22.905026236113187,-0.20009886997369125,-3.276749795883563,0.03476005493566587,2.0275144467239357,43.54557679563769,36.08537249252612,0.3635680793116141,20.845586547130534,0.20748653836721762,14.395147235543641,0.12730740514029215,5.030472991539923,24.631153821006276,32.29698125593765,-1.0935648895380214,0.5053628803949984,-0.42207235664203346,-37.375512353241504,-0.29345334916299803,-7.1087952041794615,177.6246970625603,171.9341296679877,-0.006687156968282981,61.05704136755174,0.2284565724577717,16.388193953229873,0.3061435991487797,17.057548047449565,152.99354324155402,139.63714841205004,1.0868777325697385,60.55167848715674,0.6505289290998052,53.76370630647138,0.5995969483117778,24.166343251629026,22.0
vid_0021_aug_2,vid_0021,False,Heave,21,left,129.08658958378115,135.53704606655245,-0.6662706855328482,23.48081214071041,-0.2107404991190814,-4.124004075138081,0.035571078093605456,2.062467916909195,44.8039685826095,39.28310875752174,0.34939602621526494,20.8295292593695,0.1894314371987896,13.818155190859331,0.12612652666385926,4.900261384407942,33.57620228754354,50.01246664141157,-1.0721302592336062,3.401474548947569,-0.44192695801846615,-48.19247450307904,-0.17586627071044592,-6.125128346298791,174.59233896489033,176.63351162363716,0.031042496728499125,63.71864032481178,0.19325447388359085,12.739408877980608,0.31156204958643385,12.683641482781248,141.0161366773468,126.62104498222558,1.1031727559621052,60.31716577586421,0.635181431902057,60.93188338105965,0.48742832029687977,18.80876982908004,21.0
vid_0021_aug_3,vid_0021,False,Heave,16,left,125.80657896887885,135.97281448416058,-0.6972385972978069,23.61139448132546,-0.20613427856937072,-7.687052312778041,0.04613757541323579,2.4754688227945216,50.10072328962196,39.55065650169496,0.36788533501036025,20.889008385251895,0.1966305176232492,16.318050098794213,0.1113855802162393,6.0880248640597845,30.15753639913169,25.469140416351447,-1.0367157758624341,3.7253512208827124,-0.44604562991891616,-58.40330246219334,-0.16561686993893016,-5.230212389734799,167.87409726906785,175.4469710177503,0.004496117000985345,56.0099741320665,0.2293573379492767,7.622191433453864,0.35941906140170177,19.0242356783148,137.71656086993616,149.97783060139884,1.0412118928634195,52.28462291118379,0.6754029678681929,66.0254938956472,0.5250359313406319,24.254448068049598,16.0
vid_0021_aug_4,vid_0021,False,Heave,16,left,122.45324873810358,141.35163719126683,-0.7058977067974319,23.56054878271169,-0.18446014211453307,-6.661940415762036,0.045991193186992886,3.1032991918374413,47.21953130759694,34.49489636152787,0.35586154107571727,21.28672951714743,0.18650905274268625,13.792718285488801,0.10191251067661847,5.549061228420798,26.62593575288054,58.28344289200922,-1.0929463513454438,5.484154605023025,-0.44881794762244837,-36.02746092666149,-0.12931979677229558,-3.9302080933169705,172.28531386474137,175.71583891946625,-0.04868935872145164,60.315972126412206,0.27007598330260413,8.762485418924328,0.33416231691062237,17.014138622846104,145.65937811186083,117.43239602745703,1.0442569926239922,54.83181752138918,0.7188939309250525,44.78994634558582,0.4634821136829179,20.944346716163075,16.0
vid_0021_aug_5,vid_0021,False,Heave,16,left,124.793344742977,137.65371086453524,-0.7082876381143386,22.922631272862482,-0.18613246804430647,-7.603164016623774,0.05974801393798495,2.74831509200615,47.98249574052767,30.41338475121545,0.36549412048862473,20.841652594029476,0.203554742340291,15.16495783688035,0.10442793898620908,5.850898306264454,14.342296830272947,67.60691258205588,-1.100950823107186,4.0971882383413645,-0.3985911460178962,-54.97906929061803,-0.10962394926586136,-5.224610613116045,165.9381426942999,165.04747681216216,-0.04017781946812732,59.80037416672063,0.22256284643538343,7.362207206847501,0.3395907869621956,15.807621072417353,151.59584586402696,97.44056423010628,1.0607730036390588,55.70318592837926,0.6211539924532796,62.34127649746553,0.44921473622805697,21.032231685533397,16.0
vid_0021_aug_6,vid_0021,False,Heave,19,left,136.3107242604081,139.3337544122133,-0.7215919826578889,22.955583291024716,-0.2090406540841161,-3.4003497292142795,0.03530768311919572,1.6920481532650182,33.55819498117046,30.37825408901612,0.37614783719582423,20.637508889191455,0.21482510562460883,12.88149675891329,0.1336609998882963,6.044201410670611,72.54050268541233,76.27693788199267,-1.0877677685802591,2.135312767982742,-0.4539053320829751,-35.42847858214369,-0.24039388189369465,-9.254757230979287,172.8986421012664,173.79335973962404,0.09199767152385702,63.78028498384867,0.3394958320836143,15.438462899971384,0.3217284159270311,15.517424713422873,100.35813941585407,97.51642185763137,1.1797654401041162,61.64497221586593,0.7934011641665895,50.866941482115074,0.5621222978207258,24.77218194440216,19.0
vid_0021_aug_7,vid_0021,False,Heave,21,left,128.89260645262607,140.71640800774372,-0.6668963640287281,23.289424772461476,-0.21110498144678613,-4.314769946147097,0.039073739287559243,2.199304219633967,43.38521189663214,29.240505662316906,0.3562407685949269,21.091029865735273,0.19186123009936712,15.947823748430222,0.11080399960815596,4.764172248233674,18.87923656661856,71.18339786361973,-1.102054150293338,2.7543395651766,-0.44336365495182106,-48.04178392205561,-0.16677730576829866,-5.551405960379697,166.44340407177847,171.71516310145242,-0.044992819000735484,61.71925128111483,0.19996909644308197,22.352100572640396,0.2563420844309582,14.507241446938256,147.5641675051599,100.53176523783269,1.0570613312926027,58.96491171593823,0.643332751394903,70.39388449469601,0.4231193901992568,20.058647407317952,21.0
vid_0021_aug_8,vid_0021,False,Heave,18,left,132.90525036234504,141.95297766233838,-0.7223409712297186,23.469978276300107,-0.21046809935534236,-2.974493448055989,0.03740159710932368,2.4867741370846037,36.027069084101704,32.776842272095244,0.34476068198246096,20.652885459826383,0.18022130075127746,13.643080568626457,0.1029985685790009,5.2021517073712,63.36844639213022,53.736748818389316,-1.06315159163004,4.533563880335043,-0.4204520597608103,-40.615063855118905,-0.1389267022799711,-7.946776504235277,170.82503981779772,175.1249815953982,-0.008317567743526155,62.65026754303846,0.2676305779006438,21.893213895512616,0.26557399834270046,12.834128892032117,107.4565934256675,121.38823277700888,1.054834023886514,58.116703662703415,0.6880826376614542,62.50827775063152,0.4045007006226715,20.780905396267393,18.0
vid_0021_aug_9,vid_0021,False,Heave,21,right,136.4387265749042,138.6881257853301,-0.7002324585792719,23.102170237225124,-0.2007665326173061,-2.3107045868758176,0.0323864669799512,2.2748331030232873,33.46208287016292,37.75839683756276,0.3679585861247014,20.967426042772097,0.19526997804201052,14.575241820790092,0.09951056548680087,5.045671781500511,66.69996134639312,42.79575186188779,-1.1010948563956309,4.365486923205906,-0.4083561228868494,-49.25011171271439,-0.21508410897365815,-6.729878375098412,172.77012421779295,172.31160107644592,0.0896701018352179,64.57092302940171,0.2824199421444365,25.53047407631665,0.23051395183762005,15.094306829962967,106.07016287139983,129.51584921455813,1.1907649582308488,60.205436106195805,0.690776065031286,74.78058578903105,0.4455980608112782,21.82418520506138,21.0
vid_0021_orig,vid_0021,True,Heave,20,left,134.04906481039072,144.23851265299663,-0.6777192038668586,23.493326753970713,-0.1998212110673209,-4.1590190924403885,0.03686965051165627,2.1440936767629943,39.0798253880288,28.439300524583974,0.37253345877885147,21.389004661416816,0.2202266850547274,15.927382357360997,0.1394595273025811,5.392041748377759,48.62447957525998,60.85733384496066,-1.0645861457120593,3.1162572884322257,-0.4280372401981105,-50.961082088769636,-0.27323166472539967,-7.791809338069665,172.07680333278586,169.37231428339422,0.05164816248506843,64.33576790421094,0.323758242168366,12.705194952640888,0.321278353238013,15.591065770952024,123.45232375752587,108.51498043843355,1.1162343081971278,61.21951061577872,0.7517954823664765,63.666277041410524,0.5945100179634126,23.38287510902169,20.0
vid_0022_aug_0,vid_0022,False,Heave,65,left,133.4338708830036,104.23898965069552,-0.8236832863433206,17.24239221058113,-0.08133047670411757,0.6288274095462716,-0.010469300407617909,-0.1384771476845299,24.739263249848584,32.877064120790756,0.30746204523742726,5.775024793568322,0.08751642914709852,11.197071245151323,0.10230621151945228,1.6582729605012594,64.34526031515438,61.725088921673404,-1.3464259968989418,4.9435964200850355,-0.25784454746359364,-28.769769126453824,-0.34294634458783246,-4.101019455460116,169.37798777384154,171.19206878067382,-0.05272895128055144,25.76729118052515,0.17699904614002185,35.33799762790048,0.3372276823279317,3.8777626084811723,105.03272745868716,109.46697985900042,1.2936970456183903,20.823694760440112,0.43484359360361546,64.1077667543543,0.6801740269157641,7.9787820639412885,65.0
vid_0022_aug_1,vid_0022,False,Heave,57,left,136.77491249574422,107.28297842274213,-0.8345036331341502,17.19350736991588,-0.06447065008203673,0.5779766405958331,-0.011792256069407068,-0.08325593945007621,22.277578725232004,35.88210016180226,0.30091462980102157,5.8732973648430375,0.09974737591559445,13.32358522498585,0.12142262306874076,1.5814649677344048,63.45409626698811,65.69408970473405,-1.2827774191655923,4.499648216843907,-0.251892090690219,-43.479994532713945,-0.4058601185673248,-2.9605776383844598,174.77672877145704,175.04253939423603,-0.08087122420628001,28.872562171990168,0.15791561392045983,49.22042193769177,0.4303435527864118,3.8172314382028105,111.32263250446894,109.34844968950198,1.2019061949593124,24.37291395514626,0.40980770461067884,92.70041647040571,0.8362036713537366,6.77780907658727,57.0
vid_0022_aug_2,vid_0022,False,Heave,69,left,134.77825855531808,103.8282771879596,-0.8151771738591935,16.804998328822126,-0.07839258552211778,0.03684158335148179,-0.00685989160635801,-0.11786859345133198,25.483935876677993,34.5354716112957,0.2991290167704448,5.88724950726979,0.0881386881455957,11.6963976877627,0.10112431310848254,1.7589789901502724,66.0996389151315,64.2578000570572,-1.3620066939806543,2.2400983434007182,-0.25195050566443955,-48.751607115336896,-0.3135351393588625,-4.200751732862038,176.712005945953,162.09591698471235,-0.0723431131765897,25.89126565006156,0.12266697919725901,29.968320830660772,0.40187123721530926,5.639191757556336,110.6123670308215,97.83811692765515,1.2896635808040646,23.65116730666084,0.37461748486169855,78.71992794599767,0.7154063765741718,9.839943490418374,69.0
vid_0022_aug_3,vid_0022,False,Heave,58,left,133.53875900431282,105.44519165705883,-0.8242499900114255,17.411467699741056,-0.07095991473209588,0.4085424798116658,-0.011036039324495412,-0.032096755941682466,22.32480483382244,34.82694706325688,0.30310976666252337,5.920818536429673,0.09669407641929191,10.597425166233691,0.10006760505093476,1.4890642058762857,76.70497797539413,61.980551770258565,-1.3127056221327638,4.456254074674078,-0.21606054235455607,-23.333471903685663,-0.41204617929252296,-3.002369538140279,173.81425247944136,164.48711623092146,-0.0012153369677933012,27.408962486742197,0.16490801872214977,31.511569205558438,0.3360071859184603,3.601753352271598,97.10927450404724,102.5065644606629,1.3114902851649703,22.95270841206812,0.38096856107670585,54.8450411092441,0.7480533652109833,6.604122890411877,58.0
vid_0022_aug_4,vid_0022,False,Heave,67,left,136.35113794921858,104.14827459023522,-0.825808744897444,17.176240344359908,-0.08404905971411995,0.2103384899839731,-0.007377801320287002,-0.15140328584094437,26.153030903626483,34.28018605825259,0.3050520328802559,5.959224309817687,0.08308950896427544,13.755201901916356,0.11676419162829083,1.4745593725524586,68.60924311130695,59.69960905459245,-1.306729910292248,5.026152401812357,-0.30268116492503366,-47.53888048541846,-0.3352311728158572,-4.533478488589854,176.14929954436676,172.12060834666454,0.04941307873450085,25.60417238949968,0.07701297302810681,34.42756338865156,0.5062250740543607,4.621923535353938,107.5400564330598,112.42099929207208,1.356142989026749,20.578019987687323,0.37969413795314044,81.96644387407002,0.8414562468702178,9.155402023943791,67.0
vid_0022_aug_5,vid_0022,False,Heave,58,left,132.7604299328329,102.87549618769992,-0.8242567498818402,17.487095649075176,-0.07766675316701814,0.8085455787128587,-0.01127878960873769,-0.149411267151565,25.645719972765892,33.715718574009195,0.3009368108815127,5.6868291926911105,0.08391529285321098,12.51659937429105,0.10005024937079164,1.5861106022302636,70.65187086704425,57.06332115770943,-1.3114017886235545,5.3479686628323835,-0.2159482618101991,-32.17614917480383,-0.32069408429488955,-4.9950093601413235,168.72924548098777,158.03955224768188,0.0028440042081662176,27.51032662308937,0.09848233699742882,38.110603434697055,0.3417079651918041,3.434242099125939,98.07737461394352,100.97623108997246,1.3142457928317208,22.162357960256987,0.3144305988076279,70.2867526095009,0.6624020494866936,8.429251459267263,58.0
vid_0022_aug_6,vid_0022,False,Heave,73,left,136.31974985398728,104.47383954407013,-0.8223171831818863,17.565969095327297,-0.0761865164260593,0.20155234045564185,-0.006528643137164057,-0.08240389163414266,24.337769834200433,34.43502731126743,0.3153850933287286,5.956249351781491,0.08732403643879982,13.228640165469017,0.1097595408677987,1.710957872744484,75.97225173362217,62.36891320571033,-1.3570104069582898,4.4273065089572174,-0.22364963246094666,-46.22689912843333,-0.4035106552274247,-4.220199360300159,172.509190170604,164.64832302326326,-0.03769325398404244,27.500914302171925,0.12702666430530182,32.98399067201427,0.47091164982735123,4.0391133829546595,96.53693843698183,102.27940981755293,1.3193171529742473,23.073607793214705,0.35067629676624845,79.2108898004476,0.8744223050547759,8.259312743254817,73.0
vid_0022_aug_7,vid_0022,False,Heave,75,left,135.74104827224363,103.72992435332425,-0.8240154671469156,17.44983676386878,-0.08790724078189263,0.3396470962260192,-0.008724318030767795,-0.1745668607906768,24.285366645273545,32.48306147980066,0.3087971220808431,6.3552869646257335,0.08179061478947634,11.981553345611752,0.10602205472574425,1.930167804556408,62.55440265994472,62.648234969894716,-1.3631603564235149,1.6033112781467795,-0.30298798913812464,-45.0397544114863,-0.3926711810660007,-4.305799391355116,168.39706712369943,164.90679774616726,-0.04808339486426938,27.744140072945207,0.14795934597035687,36.10917772650269,0.35731863129056185,4.646146738890247,105.84266446375472,102.25856277627254,1.3150769615592455,26.140828794798427,0.4509473351084815,81.148932137989,0.7499898123565625,8.951946130245362,75.0
vid_0022_aug_8,vid_0022,False,Heave,69,left,136.52424295434588,104.22158936897101,-0.8282207207135187,16.959927527781556,-0.08221532534257282,0.41864363796017556,-0.007047637570637188,-0.14321349299475897,25.178622262649895,34.34938290525828,0.2976126801621389,5.8409299767002905,0.08549002359286553,12.883025782313258,0.1029181430882733,1.5538148090358899,64.69073520742252,60.778198296724796,-1.344655102097895,5.2245600431924055,-0.2380054368463933,-44.63682902399179,-0.27522415877457057,-4.420203545071266,173.91337914745733,165.35600453112073,-0.02278089503121483,28.760184110899385,0.12338475155455104,40.99253849019196,0.42722400808696515,4.299052147358932,109.22264394003481,104.57780623439594,1.32187420706668,23.53562406770698,0.36139018840094433,85.62936751418374,0.7024481668615357,8.719255692430199,69.0
vid_0022_aug_9,vid_0022,False,Heave,66,left,132.39022776496017,102.98918169492664,-0.8275289349647604,17.469055621707405,-0.07487996517414035,0.4495531683165041,-0.006664082581441474,-0.08391020586753918,23.884856825029928,33.75511534627265,0.30047643993977274,5.749235042029444,0.08294563875495306,11.734904147374417,0.10596764092095091,1.6316653874725917,64.78394588759998,64.24561141658315,-1.2900327661600803,5.645758915886322,-0.21522959485225973,-38.65494900657016,-0.4088996036608775,-3.5571634575987474,168.5895021020064,162.05149697896346,-0.08277808757024896,28.13451044497768,0.17080364894700636,31.97966532652285,0.42032510480988494,3.610392893444926,103.80555621440642,97.80588556238031,1.2072546785898313,22.488751529091356,0.38603324379926607,70.63461433309301,0.8292247084707625,7.1675563510436735,66.0
vid_0022_orig,vid_0022,True,Heave,72,left,136.49557118146274,104.69583162198013,-0.8224287772218409,17.196906653136907,-0.0810955706207914,0.26423127925803525,-0.006512080325816989,-0.112042303284995,25.459514673930943,33.98946407785733,0.31454631277392425,5.7306886214649415,0.07827068670550268,12.421085437070833,0.12090884328559888,0.9804682028980286,64.17753282845055,69.8549426155433,-1.2932604432663246,5.09489471418676,-0.23920798325109716,-43.871776595618854,-0.4254596426499532,-2.297510051529916,167.87696952332465,158.3025891994103,0.0634682839199433,24.306811587892625,0.13502621349631785,38.155838178269825,0.492546508667029,2.4941147327861746,103.6994366948741,88.44764658386701,1.356728727186268,19.211916873705864,0.374234196747415,82.02761477388867,0.9180061513169822,4.79162478431609,72.0
vid_0023_aug_0,vid_0023,False,Heave,43,left,134.66000756422872,139.8437988817021,-0.5155482364223786,35.94709170725522,-0.033796553976836945,-0.1310642114767257,-0.005141333041379157,0.8610036416944118,37.24344614604427,19.781136174596202,0.3250961233173231,19.14739540295484,0.24667514904039375,21.28835331512381,0.12059625291566173,6.304216983374039,38.63451086585012,94.9229787766698,-1.2443252064258534,2.27204660245883,-0.4338746861444611,-50.50173282551445,-0.375994691163081,-12.487394922562377,178.78087272995253,177.69030258263834,-0.06512463615391206,60.24304533907034,0.4665532905198436,57.197108861092616,0.25690567843403117,25.201789996606056,140.1463618641024,82.76732380596854,1.1792005702719415,57.97099873661151,0.9004279766643047,107.69884168660707,0.6329003695971122,37.68918491916843,43.0
vid_0023_aug_1,vid_0023,False,Heave,46,left,134.00149739151854,143.07761793151735,-0.5322296529311863,35.365395975151905,-0.023049303388766235,0.5327464012437519,-0.012331317349824228,0.8317500266814153,31.875116774548115,19.972606387887573,0.3272994756288956,19.171079378573094,0.25761655313308895,15.312634194592766,0.10433098395538788,6.450976966033289,45.76451443474986,97.62224249900798,-1.5005034228026548,3.1430607577012455,-0.44558796382904303,-28.08246062686034,-0.2123284545021113,-11.767912437109509,172.46265000926556,174.80634386134952,-0.13439463579672783,63.47057961711295,0.4651925829301657,49.45500032506626,0.2795931658810661,26.450705643517615,126.6981355745157,77.18410136234154,1.366108787005927,60.32751885941171,0.9107805467592087,77.53746095192659,0.4919216203831774,38.218618080627124,46.0
vid_0023_aug_2,vid_0023,False,Heave,39,left,131.38365400052385,140.69995813857403,-0.5297283919688808,36.042539916947845,-0.03978614967335577,0.5330742483635519,-0.011545170256305819,0.9053187182644,33.5438382035196,20.738865681274916,0.32309948855588483,18.96394438091792,0.25677216921890705,17.539330643161588,0.12254956076285474,6.8078994586278885,48.72303696210488,81.18804478217652,-1.298179446269532,2.874085166104821,-0.436850270375185,-43.31037487838636,-0.3690493793920062,-15.840743915163477,170.99597898555757,174.2926547991223,-0.10105345782775127,60.198284653915266,0.39877899416383966,44.58296924723294,0.3015415944955077,26.22601345677171,122.27294202345269,93.10461001694577,1.1971259884417806,57.324199487810446,0.8356292645390246,87.89334412561931,0.670590973887514,42.06675737193519,39.0
vid_0023_aug_3,vid_0023,False,Heave,42,left,134.8178876788748,144.53886844180568,-0.533195419258679,36.04911839691916,-0.03883674137673156,-0.05563928643269209,-0.007606621654926268,0.941704310125537,30.567099495878008,21.269924599951597,0.3177566221823129,18.89546571767123,0.24872829243996628,17.6927057435765,0.11790339813158486,6.064759636903125,52.61633468273388,89.60090391129705,-1.2390355421526547,1.1460848992455623,-0.47057539059144526,-36.78396654801796,-0.31678088442439134,-11.422788882988318,175.27751107917115,175.6427864372926,-0.13550603090728852,60.18433259881483,0.41137922410499916,49.12772929060594,0.28487037383192254,24.39924581711451,122.66117639643727,86.04188252599556,1.103529511245366,59.03824769956926,0.8819546146964444,85.9116958386239,0.6016512582563138,35.82203470010283,42.0
vid_0023_aug_4,vid_0023,False,Heave,37,left,131.2615792914733,135.62613017691035,-0.5374697757115499,35.11563660880168,-0.04968281505611185,0.25208053694558025,-0.009853976225101573,0.9204300950704425,31.605703589989407,22.38411342063472,0.3288036395780201,18.857590583641077,0.24409227926471552,16.03174172243284,0.11633349215264972,7.220439225384045,64.19998681961565,87.99708342742679,-1.3364637530677634,1.557072302918651,-0.4491779272750153,-34.99551256373268,-0.3724467125545673,-12.163770718615627,178.25659398515256,176.78950988818113,-0.10837239340010318,57.68223728950867,0.4310294645789543,39.76977632509999,0.2565813478174388,24.453586797426468,114.05660716553692,88.79242646075434,1.2280913596676601,56.12516498659002,0.8802073918539697,74.76528888883267,0.6290280603720061,36.61735751604209,37.0
vid_0023_aug_5,vid_0023,False,Heave,34,left,129.29285814645624,137.67101722461993,-0.5343516369516476,36.46193098293106,-0.05127093434230013,0.5282887528645287,-0.007661070872760848,1.1995960914154202,34.84404044735006,20.17461748650045,0.3177618036264976,19.598114103542994,0.25252335373098067,18.382295659341246,0.11619798864648596,7.307555890065291,47.261931936885176,91.4406712686216,-1.2567315985508247,2.3187160430325724,-0.49450450029599047,-47.16751124142276,-0.26594339729193356,-14.808713735343844,172.2596010002405,164.80057175829393,-0.0908080764633935,62.00627950883379,0.45706139267958107,46.75194926916695,0.29024304864222883,25.96657571354585,124.99766906335533,73.35990048967233,1.1659235220874313,59.68756346580122,0.9515658929755715,93.91946051058972,0.5561864459341623,40.775289448889694,34.0
vid_0023_aug_6,vid_0023,False,Heave,45,left,127.555765119651,141.93475569220652,-0.5268691958956379,35.21090314654214,-0.05442219164079653,-0.3334582904120186,-0.008568702887422121,0.8964224549453575,38.95672403850002,23.0423413419103,0.33179707126468205,18.563958790644122,0.2502875932037798,18.973949833109106,0.10838875491735088,6.14450135461884,36.41228040060722,92.36205135448697,-1.3163679675334947,1.6268182086644123,-0.42302598446165635,-47.41127570468487,-0.29102518499945595,-12.897278090173067,177.60916372069227,173.37784797808715,-0.0760596111252606,57.464513135569916,0.38681292825533,42.08255211381275,0.3499165388974239,24.283457297954776,141.19688332008505,81.01579662360018,1.2403083564082342,55.837694926905506,0.8098389127169863,89.49382781849762,0.6409417238968799,37.18073538812784,45.0
vid_0023_aug_7,vid_0023,False,Heave,36,left,132.38812282199535,137.574006547754,-0.5405119085754434,34.82601370592846,-0.05769596107162884,-0.19927442448909125,-0.011818106105781724,0.7744746878371267,31.26335355998662,23.732597699513136,0.3230722957344275,18.369647521084044,0.24083107884961075,18.058664444457925,0.1085673051490367,6.6599759322198135,59.31223232497882,91.02672934494738,-1.2510799118278642,1.2495003376124163,-0.4783763134640908,-44.380738922505984,-0.19511426265630144,-13.161272309163156,176.48113955521268,178.54905953176075,-0.0897865434730758,58.83686787195481,0.40879791086982353,41.37707961527701,0.25302738781074885,24.609154526352107,117.16890723023386,87.52233018681336,1.1612933683547884,57.58736753434239,0.8871742243339144,85.757818537783,0.4481416504670503,37.770426835515266,36.0
vid_0023_aug_8,vid_0023,False,Heave,37,left,130.89457744658995,137.7363189748011,-0.5321655048346404,35.26945615958549,-0.0514671845615299,0.029627677410202658,-0.007836850119009656,0.8429308736474234,37.891013177981236,23.301883528481355,0.28434473913011404,18.706811192655557,0.24488204648128195,20.29892965210415,0.11387670505499474,6.360264671899321,32.2820152297326,89.40881560455252,-1.2009061301772603,4.245224177103924,-0.45911492241805263,-45.76305529845057,-0.22760380719908715,-13.448860470609869,175.8116891872055,169.8129043143731,-0.12334054517177706,59.8095893048333,0.4125388114066655,56.40258857565598,0.2607181030970416,23.872211786607302,143.5296739574729,80.40408870982058,1.0775655850054833,55.56436512772938,0.8716537338247181,102.16564387410655,0.4883219102961287,37.32107225721717,37.0
vid_0023_aug_9,vid_0023,False,Heave,32,left,135.39941397811296,139.38743417773452,-0.5329334389227042,36.511801312803726,-0.05537598824210628,0.11044315957352802,-0.01104509885634559,1.0343935918661387,29.987820561896932,21.32635874122348,0.30472447860289353,18.562674718516902,0.25012919979298637,18.26048889361525,0.12577052904240899,7.1800258110777095,48.277088933419144,92.9981692573235,-1.2443363111290897,2.8314991464822286,-0.4443279442994655,-46.266852014384995,-0.3482135135786943,-10.487129252102845,172.26145717663618,172.40920279502782,-0.14881946642851906,59.74347373054937,0.3700221022162151,57.88569388240407,0.2778072923819212,28.205691451623977,123.98436824321703,79.41103353770433,1.0955168447005708,56.91197458406714,0.8143500465156805,104.15254589678906,0.6260208059606155,38.692820703726824,32.0
vid_0023_orig,vid_0023,True,Heave,40,left,138.47073952490888,144.15317027688002,-0.5257151965002378,36.54306950841302,-0.041865604726955816,0.12926217629650533,-0.009153375006086963,0.9277806343177076,31.5971120960181,19.40806342710049,0.3250182725478001,19.473505699001112,0.25942640880180845,15.368369799380789,0.12120716108916929,7.0537025399408915,60.37742313098555,92.61692183662764,-1.2671749516755155,2.975429413731768,-0.4587963127141114,-46.43313154410034,-0.3471388559783373,-11.84062425215382,177.64210580891495,171.60857289619145,-0.10667604375491602,58.66321612856359,0.4712304140954137,40.56921781872597,0.27214641063766687,26.51576777281363,117.2646826779294,78.99165105956381,1.1604989079205996,55.68778671483182,0.9300267268095251,87.00234936282631,0.6192852666160042,38.35639202496745,40.0
vid_0024_aug_0,vid_0024,False,Heave,58,left,139.92430121759665,111.84050144965254,-0.9214966113782063,18.81792607146521,-0.06527815531546867,0.5175838367214934,-0.005421718248843697,-0.059851005468495116,31.494170533073934,39.28990436668638,0.2739767791295308,4.126787029042281,0.05060577284200261,14.886577506666434,0.10711699611623589,1.5664209050280555,40.844742113119764,36.412876143498835,-1.289702925002422,10.49445681328872,-0.15526382036482875,-50.67627244633615,-0.3719034873991726,-2.5557512512508165,174.82114859904877,161.2210941499979,-0.07509095365227625,27.070496145823004,0.023424033277257332,56.936933692412026,0.37472944646597395,3.030270269543296,133.976406485929,124.80821800649906,1.2146119713501458,16.576039332534286,0.1786878536420861,107.61320613874818,0.7466329338651465,5.586021520794112,58.0
vid_0024_aug_1,vid_0024,False,Heave,66,left,143.03443447023847,108.671945658196,-0.9630931010632717,19.010000305133463,-0.0792528406308716,0.20282102905135216,-0.005333883426503777,-0.01758746395998468,23.279472500368882,39.89260139097466,0.22353382000103578,3.9077163909696244,0.057365336693136204,8.944598042238411,0.06260145734827816,1.5990956345849807,72.94630811100967,38.64257733975654,-1.2807004407274345,9.163421088319703,-0.1999806393264954,-26.64862486747058,-0.231754711633178,-3.4079439181850226,174.97800294313961,163.32600069782336,-0.2461268393828533,27.042869884492756,0.05330168515458353,33.6073099897107,0.28531426730812137,4.421062949534896,102.03169483212994,124.68342335806682,1.0345736013445812,17.87944879617305,0.2532823244810789,60.25593485718128,0.5170689789412994,7.829006867719919,66.0
vid_0024_aug_2,vid_0024,False,Heave,79,left,128.02870220620193,124.38963025774639,-0.8250261613129991,18.64177268830307,-0.06684056266221215,0.37913471623988027,-0.005379002579963066,-0.05521582765673112,41.26253946517607,31.401332639110997,0.41733701691497693,3.905523009584364,0.0624596566003314,10.11993359379672,0.077016382670233,1.489118499089352,34.47380372055205,38.63612311546629,-1.2964341297071935,10.443448588205404,-0.1876929643075374,-57.990967343953585,-0.22957947433888726,-4.270951119427742,175.50935304784988,157.4635604760493,-0.02130416373545818,26.44096609234578,0.1245360973755687,15.676297150624933,0.37305901416104104,3.058156788038234,141.03554932729784,118.82743736058302,1.2751299659717352,15.997517504140374,0.3122290616831061,73.66726449457852,0.6026384884999283,7.329107907465976,79.0
vid_0024_aug_3,vid_0024,False,Heave,69,left,141.77418295959737,113.95381730428402,-0.942975140872823,18.876367470636506,-0.06699026921464438,0.5151677804918902,-0.004953733736560414,0.0046228297742809,29.210039177973442,39.94597548098346,0.3009146369595045,4.50415349671741,0.05509525273081561,11.45755732213325,0.12101164276800293,1.6299745863234598,55.033601189836624,37.474782767895775,-1.3129920384008607,8.303304905521058,-0.1995811030052099,-39.8857568115146,-0.39149090569700873,-4.067618362362177,172.83533082745086,161.66311658531203,-0.1374781464018917,26.99049439587423,0.06271309730057295,42.083859042640725,0.3596077751159161,3.341049467201908,117.80172963761424,124.18833381741625,1.175513891998969,18.68718949035317,0.2622942003057829,81.96961585415532,0.7510986808129247,7.408667829564085,69.0
vid_0024_aug_4,vid_0024,False,Heave,72,left,145.77217109978187,107.83380412104448,-0.9813064370274708,18.581446886578078,-0.08131869454075887,0.13837025696177868,-0.003555385946944733,-0.031477309068825544,21.174350057862863,39.74556911726755,0.20575827661780038,3.7609316223804794,0.053453301380314185,7.480487908980006,0.05258299180781796,1.5373571891585653,83.33324201458554,41.91066361078874,-1.2953349063399413,8.923377288985566,-0.21485892860364814,-20.981518330294932,-0.1481192741177697,-2.8012522882295645,176.83308527138146,166.50578911939027,-0.42380786010181837,25.98520628126637,0.06578202639229586,20.95042037333203,0.21088171579650494,3.552278312167461,93.49984325679593,124.59512550860154,0.8715270462381229,17.061828992280805,0.280640954995944,41.93193870362696,0.35900098991427465,6.3535306003970256,72.0
vid_0024_aug_5,vid_0024,False,Heave,64,left,145.76298539704678,107.72857042656237,-0.9750951759802748,18.567019579840487,-0.07659054927252944,0.6425566772858735,-0.006658647526465574,-0.07418024413891208,21.910704532315215,41.18665306255413,0.20345831628757957,4.379999864256991,0.04481442760139235,7.128398942776879,0.043539857829747855,1.6360406220215626,85.02715300098124,37.89327065289049,-1.2612211238208642,7.862359728817136,-0.1661016186195917,-15.189385837156472,-0.09243978821982995,-3.6826947482776182,178.73702236042672,157.06319133243963,-0.5346749846117537,27.088648247290063,0.09260406299499235,15.444009460773955,0.11968892859110741,4.738765183966417,93.70986935944548,119.16992067954914,0.7265461392091105,19.226288518472927,0.25870568161458407,30.633395297930427,0.21212871681093737,8.421459932244035,64.0
vid_0024_aug_6,vid_0024,False,Heave,62,left,145.68019474281334,107.98197413927613,-0.972039249238449,18.780956626298842,-0.0727252901157272,0.260354710828205,-0.006986260415603567,-0.0969280521979855,22.45802579018172,38.94683771943107,0.20408083462476295,4.164165629206383,0.050806045391551986,6.800048746943907,0.0397480940740153,1.6209823413180198,80.98613812548419,40.14410411226498,-1.3304857464279585,10.101162754470185,-0.19820598799044525,-19.911506043025582,-0.08084044232204046,-3.171969710148251,175.9793048413656,156.24066812574065,-0.5648997734939967,27.965308028746577,0.07948763812934198,15.737274366728961,0.13426934302343618,3.7378911852383183,94.99316671588142,116.09656401347567,0.7655859729339618,17.864145274276392,0.2776936261197872,35.64878040975454,0.21510978534547665,6.9098608953865694,62.0
vid_0024_aug_7,vid_0024,False,Heave,79,left,144.42877369560745,105.5492251885999,-0.9883730995759672,18.965867526539085,-0.08357981267538798,0.41608049604663977,-0.004205978548693475,-0.10351685493415155,20.59401188990855,38.800612317299304,0.20308552767717286,3.8213208899353903,0.048523224995003014,6.357984688050562,0.041458711749621915,1.5868701253772644,96.70970792478171,39.206464064375986,-1.3460490639968956,10.059073710833058,-0.204313291379528,-16.658133053568108,-0.11249056964833626,-4.030345426176744,173.24456863154796,152.87682195986096,-0.5454733404732424,27.789386647538304,0.05071693416092652,14.957109158271464,0.11642899509657056,4.074249518687687,76.53486070676625,113.67035789548498,0.8005757235236532,17.730312936705246,0.2550302255404545,31.615242211839572,0.22891956474490682,8.10459494486443,79.0
vid_0024_aug_8,vid_0024,False,Heave,57,left,138.80390594422386,111.8908887085927,-0.9297027919904064,18.51155967357616,-0.06891050266596936,0.17990557525302825,-0.0056245333287237315,0.01824563228651868,29.710095015754206,39.31157664477205,0.28520123814326803,4.411881389447355,0.058290150652646006,12.32507748604437,0.11099261070451724,1.973955245547825,46.61569997705949,34.204199434922096,-1.3200232193571442,8.268177249617109,-0.1760258863453044,-50.411054966532355,-0.40938259746763234,-4.522844768604262,176.79368909632208,165.49980387954787,-0.01380645485442289,28.45882659488023,0.08157636539511115,43.976138221517985,0.43929116408804453,4.184645250907322,130.17798911926258,131.29560444462578,1.3062167645027212,20.190649345263118,0.2576022517404155,94.38719318805033,0.8486737615556769,8.707490019511585,57.0
vid_0024_aug_9,vid_0024,False,Heave,77,left,144.73544742056856,108.95447955726173,-0.9655649874988542,18.943636019480437,-0.07669518446259584,0.44507874107646334,-0.005078101431612909,-0.020320932644376802,22.7283928526274,38.69383675688171,0.22395735069101907,4.096258448579041,0.04872962162815299,8.262310075714792,0.06423810105327196,1.605721997373826,70.79436194983349,39.856358803640546,-1.2670038857909924,10.472687501214617,-0.20715676830230081,-34.83872383553064,-0.31622687527172866,-4.756628818463184,173.28925900373608,155.6546837631146,-0.20054688727269598,28.252841836314346,0.05936434806606673,28.6778076131475,0.31907057254153964,3.182861745438853,102.49489705390259,115.79832495947406,1.0664569985182966,17.78015433509973,0.26652111636836756,63.51653144867814,0.6352974478132682,7.939490563902037,77.0
vid_0024_orig,vid_0024,True,Heave,72,left,131.91559377872832,121.67911435443287,-0.8524319638003234,18.747045202368344,-0.0638607149468388,0.24850686728061186,-0.0056716689219038436,-0.05981420757165215,39.73051003248353,33.026018105231806,0.39252093181421494,3.7830560525306915,0.051284484003860015,10.953058790752168,0.1017619608026293,1.0706420707245057,47.246122005042785,44.93264571846313,-1.2455132492932466,9.485251523960851,-0.1398622344120926,-49.743001525094954,-0.33729111283728463,-2.417449048310467,168.9224501046824,150.2150897020894,-0.05192967318418029,26.127069478259525,0.059010524099318035,35.59604440236206,0.42183225089409176,3.836710810863133,121.67632809963962,105.28244398362625,1.1935835761090663,16.641817954298673,0.19887275851141065,85.33904592745702,0.7591233637313763,6.2541598591736,72.0
vid_0025_aug_0,vid_0025,False,Perfect,65,left,109.26346780954975,103.06736664945174,-0.6982444463571962,22.978650414826173,-0.0003420833123722241,-0.0642179665336391,-0.0032910823982520016,0.19535098969590978,27.009054390457464,26.992593002104982,0.2955975060100683,6.7192181383254415,0.07576692753419575,8.73933372622828,0.09045053005660747,3.034492146357757,68.97403908628306,67.17630548034373,-1.2206586553252032,13.080184386227154,-0.18263854337436194,-26.333868331455314,-0.25302977186043596,-5.781460378109674,156.01040526320955,166.95706781218087,-0.08514588564469916,36.87093520396634,0.18518477126807792,22.36829991391039,0.3605718247054487,8.63776637195286,87.03636617692649,99.78076233183714,1.135512769680504,23.790750817739188,0.3678233146424399,48.702168245365705,0.6136015965658846,14.419226750062535,65.0
vid_0025_aug_1,vid_0025,False,Perfect,78,left,117.93883330442888,92.80551933173238,-0.7971148417802292,22.749455142596556,-0.017228159113159683,0.35924588295944165,-0.0033630702998625004,0.0954937133160611,22.83538035175515,22.327542448463145,0.19667606676994942,6.766280558239843,0.07954066087786997,10.441954017932137,0.0695749200710762,2.72648079240927,69.6016788273868,65.28749532597223,-1.1942085242562763,11.416883104535437,-0.17620400160996783,-32.67950762504836,-0.22651466966083073,-8.59075819713896,173.44380886677163,146.8263004402239,-0.39753926022630726,36.34781224933917,0.2391460430162063,27.963381935741594,0.14744517816154856,7.619564037714895,103.84213003938483,81.53880511425166,0.7966692640299691,24.930929144803734,0.4153500446261741,60.64288956078995,0.3739598478223793,16.210322234853855,78.0
vid_0025_aug_2,vid_0025,False,Perfect,57,left,111.15808699981665,103.99391884434547,-0.6905760688867972,23.00170993049027,-0.0040579314107506564,0.14396653583987773,-0.002006172494361133,0.30016671645648996,28.994073427495202,25.458684609784914,0.29089787799378586,6.570400521136031,0.0750959118427367,10.08742454421546,0.09156270804061463,2.8789377731207955,65.6635652040408,68.28636336826699,-1.1603192073764297,8.979096995099326,-0.15204117438194165,-21.80362653500398,-0.19948031765651997,-7.3334942073330325,162.5067129071703,166.5137255270573,-0.16915627327935812,36.46501964948611,0.16203631749395364,24.483743627792627,0.28891155182556294,7.643282528301462,96.84314770312952,98.2273621587903,0.9911629340970716,27.485922654386783,0.3140774918758953,46.287370162796606,0.4883918694820829,14.976776735634495,57.0
vid_0025_aug_3,vid_0025,False,Perfect,71,left,116.30857806988004,93.57891670472812,-0.7980095755780228,22.456170817761084,-0.008478360959975494,0.6027484574979074,-0.0025079501551596973,0.15806427455214886,23.11934540147689,23.08773061188852,0.2143888688006022,6.910651377353235,0.06881015756514221,11.517025969639413,0.09935099468366862,2.879517398606495,71.86549402592742,63.49309364663757,-1.2095703339186281,12.254100564248805,-0.13481455859483477,-33.69367045366071,-0.2793865492054709,-8.726513298512751,174.08213883003947,153.01755247294753,-0.20204528652502363,35.97916624675729,0.17674600257693418,34.310940133967975,0.3644607435786721,7.635344839249381,102.21664480411205,89.52445882630997,1.0075250473936044,23.725065682508482,0.31156056117176895,68.00461058762869,0.643847292784143,16.361858137762134,71.0
vid_0025_aug_4,vid_0025,False,Perfect,59,left,114.71749997142874,94.16255567965885,-0.7763710436604762,22.723776722033232,-0.013503295666102793,0.23655657599106383,-0.0034819798971787016,0.1586746970208047,27.008900816693092,25.08362284182271,0.2429958666876255,6.6454451933400405,0.07362680420223668,11.912209263458053,0.10625388114805184,2.92160723545747,56.0358651875097,57.58237106369541,-1.2146202491683906,11.940736545619993,-0.16035633649189643,-35.625779656509174,-0.31882938613034756,-8.064087097227155,162.74281250414157,162.06627853815507,-0.17720129112549154,35.605296545732394,0.21241752437848066,24.1624186197987,0.3774943870683923,7.249249254887538,106.70694731663187,104.48390747445967,1.037418958042899,23.664560000112402,0.3727738608703771,59.788198276307874,0.6963237731987398,15.313336352114693,59.0
vid_0025_aug_5,vid_0025,False,Perfect,72,left,115.55519422840254,95.8259268347124,-0.7761177712254272,22.997157001110995,-0.003436736978558187,0.6126657284104733,-0.006407852926865874,0.1820096176765416,24.41560675012034,24.543558304022806,0.25648776545980817,6.89812379213588,0.07945016444986282,10.992935557142111,0.1160108775672649,3.236787836075645,60.15151355385174,59.704060048664026,-1.3394549795140236,9.646242068800106,-0.14019981340941523,-29.957196038197843,-0.31252535257800584,-8.051221715310833,166.84078976041457,169.993750122746,-0.20170924792624578,36.63140131551627,0.2610834869691206,26.857171679730193,0.3381109934501414,7.76468315516596,106.68927620656282,110.28969007408199,1.1377457315877777,26.985159246716165,0.4012833003785358,56.814367717928036,0.6506363460281472,15.815904870476793,72.0
vid_0025_aug_6,vid_0025,False,Perfect,70,left,117.50964217741969,91.34849050457936,-0.8080434634504032,22.572966810137842,-0.009094270923101885,0.47619316052679833,-0.002653407577323533,0.16312978042388174,23.702632817237447,22.366054913144705,0.20001813971459473,6.96823757970797,0.08126935037338284,10.61328598548618,0.07492056330673327,2.749112813517985,64.65050742805393,60.992709828140256,-1.1838323551458727,10.371086118048424,-0.14330710046734985,-31.30851548009184,-0.2113135738913462,-5.37717689474497,168.4487552914492,140.9521795630412,-0.3537210362363923,35.012485194829395,0.2759882933166967,27.06281848083703,0.1718650162989166,6.663084504288305,103.79824786339528,79.95946973490095,0.8301113189094804,24.64139907678097,0.41929539378404657,58.37133396092887,0.3831785901902628,12.040261399033275,70.0
vid_0025_aug_7,vid_0025,False,Perfect,84,right,113.8197902294582,96.86374574328782,-0.7538731848718703,23.007705464209582,-0.010633229192436693,0.06967811999216987,-0.0023385653566927686,0.1125009553149791,23.886226051360154,28.244140803261267,0.22548124080293175,6.636594776108194,0.06944877793705152,9.299864252408023,0.07503289482484303,2.804684486769394,56.69556552496306,57.34590587226026,-1.2013378395693974,10.826980836248056,-0.14194935392253255,-23.65608973134072,-0.24546665424039202,-9.229414467374164,154.7202352725547,170.6811867585498,-0.2605065852840401,38.6636654925129,0.2733948938215065,22.197340891174612,0.19903755868858483,8.658625589678183,98.02466974759164,113.33528088628955,0.9408312542853574,27.836684656264843,0.41534424774403905,45.85343062251533,0.44450421292897685,17.888040057052347,84.0
vid_0025_aug_8,vid_0025,False,Perfect,65,left,110.68259421447546,99.97530500933821,-0.7160250823869994,23.019386230707525,0.0021324454620563343,0.794872366806886,-0.0034820752327431818,0.11229731390220836,29.631919122866744,23.696951251357792,0.2889860041233395,6.554197130051801,0.07888252681095338,9.225757484228756,0.08471755672391855,2.992803321003265,67.21054114464982,62.630908087317295,-1.2187616463276278,8.830650289911713,-0.19186919278198958,-30.063750805168823,-0.22010215705046643,-7.715212093299982,164.78418881498368,160.8646261643492,-0.19131709671799724,38.510308414966424,0.2627248018157581,24.15648083364745,0.29017766775030984,5.776890102042836,97.57364767033386,98.23371807703191,1.0274445496096307,29.67965812505471,0.45459399459774763,54.22023163881627,0.5102798248007763,13.492102195342818,65.0
vid_0025_aug_9,vid_0025,False,Perfect,60,left,115.94385554276305,94.57476168001567,-0.7968682052496704,23.140555480960323,-0.021505345427711358,0.2931200113923217,-0.0028054944493388022,0.1818735717408966,25.170446251770166,23.986229091279558,0.22893648093415742,7.030638528097978,0.07632574340904032,11.54352367807349,0.09164345342982001,3.202212933768644,61.28788611951657,63.04853386140143,-1.2081520771648795,11.101441639690215,-0.18102529746453186,-29.588726198093376,-0.25413708711849925,-9.292370068718556,160.92797032421205,159.8576449691621,-0.24252310383035164,36.28071047689695,0.21813653136227293,24.575478985900965,0.21232372811671682,7.871782711756474,99.64008420469548,96.80911110776066,0.9656289733345278,25.179268837206735,0.3991618288268048,54.16420518399434,0.4664608152352161,17.16415278047503,60.0
vid_0025_orig,vid_0025,True,Perfect,72,left,111.07391696726422,100.29587171782356,-0.7154343591515029,22.793509646846964,0.002838957012645546,0.510268457870274,-0.0036894017403393295,0.12015742225220578,26.512204166060524,23.90292058850023,0.2836422111966951,6.689705030003249,0.07245872491296201,9.37169019079639,0.10551389728117654,2.797108129219982,71.04678070924356,71.3052720300512,-1.177622923046202,12.11758751686532,-0.10967512669535134,-32.81807179946692,-0.32296417820854206,-7.245723410109312,164.47809093458685,157.71911613737961,-0.20199679635373702,35.205367225195964,0.19093716862954585,26.85129087586226,0.35774914033307315,7.673733089140331,93.43131022534328,86.41384410732842,0.9756261266924651,23.087779708330643,0.3006122953248972,59.66936267532918,0.6807133185416152,14.919456499249643,72.0
vid_0026_aug_0,vid_0026,False,Perfect,63,left,85.98515709604926,136.5746852627196,-0.42863737165214977,17.459556828157012,0.01204849501513894,-0.43558669739933203,0.009435137233447322,-0.08704779772331654,25.110188335466354,15.216522220147375,0.3140632237553422,4.8049163263671915,0.04843100412599658,4.8343346337630555,0.04447161137028186,2.122268408681481,53.84390396818199,86.76354494551798,-1.0454971413193206,4.635048872681908,-0.08475424893681491,-16.26842277551971,-0.12484061264222879,-3.9993770226382077,139.16565892978704,173.93136365643045,-0.025026053840220053,24.735820383647535,0.11671134672147117,9.063398638078738,0.1414875192297701,5.040957385687042,85.32175496160505,87.16781871091247,1.0204710874791005,20.10077151096563,0.2014655956582861,25.331821413598448,0.2663281318719989,9.04033440832525,63.0
vid_0026_aug_1,vid_0026,False,Perfect,79,left,86.0692734946783,138.53193292957565,-0.43003920959560793,17.83355815131041,0.020186481733870814,-0.37914726445144215,0.005664664900395449,-0.08457853738852222,25.583805146583558,15.207863905913426,0.33240745275003597,4.999004335634609,0.04241137445142534,4.034413493318218,0.042172705519502335,1.8802700610310497,49.44628564537725,78.03462537831787,-1.127126741796383,5.77569150485318,-0.06186534958946935,-12.25080914714529,-0.10651177545323057,-4.693699238344834,139.31525450394463,174.21783431558518,0.04821368719877506,28.93479814948943,0.11474860323830145,9.949010298633077,0.09212557524513287,4.019275657690093,89.86896885856737,96.18320893726731,1.1753404289951581,23.159106644636253,0.17661395282777081,22.199819445778367,0.19863735069836344,8.712974896034927,79.0
vid_0026_aug_2,vid_0026,False,Perfect,66,left,85.5011736491412,137.4117710945913,-0.43241117557331515,17.083841631424566,0.012355553885106701,-0.6858402213678574,0.005006057009995038,-0.04828152059214281,24.355681463984613,15.282164616050403,0.31036882834595125,4.864769649907029,0.04462911200022817,4.914641397970203,0.04560131851862471,1.6103640604750404,53.9537240130964,78.68878183570732,-1.0139419758788657,6.850105587325751,-0.0870798945687253,-11.634548358587374,-0.12106797457592111,-3.2228953313935147,141.76133934181473,163.55485004035071,-0.07395725677059317,26.298393298276046,0.1070644451510084,11.067000540547681,0.12169077748130158,5.616876603598531,87.80761532871833,84.8660682046434,0.9399847191082725,19.448287710950297,0.1941443397197337,22.701548899135055,0.2427587520572227,8.839771934992045,66.0
vid_0026_aug_3,vid_0026,False,Perfect,63,left,85.44484840580289,138.1957072305215,-0.43145484713241317,16.995275076452113,0.017884578073771064,-0.5421911960695472,0.00870747229989563,0.00438461654824233,24.28069146232648,14.641409167533226,0.313823996680872,4.810941725812548,0.0506940479068712,4.428350897189995,0.04345183318344428,1.9232903799946965,50.97849564086078,79.21432969802542,-1.0319927085428244,6.198824562421287,-0.06762385263074341,-11.035875144167818,-0.088259178232439,-4.9907350612884915,140.9431802843471,167.34442638892264,-0.06590155420709387,24.965261675485085,0.15197184862265933,7.3256383843739314,0.13429544392424148,4.204951527445849,89.96468464348632,88.13009669089722,0.9660911543357306,18.766437113063798,0.21959570125340275,18.36151352854175,0.22255462215668048,9.19568658873434,63.0
vid_0026_aug_4,vid_0026,False,Perfect,66,left,84.77029920606334,138.1601844397609,-0.4303425297341862,17.512190139644467,0.013494536101488099,-0.5590131248282694,0.010103469700742858,-0.07887190855814044,26.049051373614155,15.09483280279038,0.3282813639651164,4.9030563417242226,0.048064425537655164,5.699499684753432,0.04541272568279395,1.6120921133299573,45.58481409974702,83.92819528265466,-1.113998064084261,6.564003230002701,-0.09090671205141165,-13.376515655731303,-0.12322802106915223,-5.854585813585636,140.37097320913102,173.27274256171413,-0.015531214322011877,26.249863170012198,0.1235208416416931,12.822813671257833,0.13398447249551743,3.142932196536946,94.786159109384,89.34454727905947,1.0984668497622492,19.685859940009497,0.21442755369310473,26.199329326989137,0.2572124935646697,8.997518010122583,66.0
vid_0026_aug_5,vid_0026,False,Perfect,78,left,84.91535435236118,136.21745144483688,-0.42503128886118685,17.484063887726855,0.02093934078715737,-0.38194678831606976,0.008276944450330915,0.02655732770492034,24.96446444728426,14.368064087007195,0.3208122616348256,4.9710203357912075,0.04881599663541833,4.76863482497035,0.037470193479036074,1.868595841056468,49.34628191226524,70.6910932962947,-1.1273844439345841,6.865867592351488,-0.07595531655156361,-10.246447451345148,-0.09329923709768734,-5.240332676490018,146.12079176162453,163.6171145033484,0.03271008566887135,26.7236089031264,0.1711786568119128,10.57394927052827,0.09113080996001521,5.484887936383135,96.77450984935929,92.92602120705371,1.1600945296034555,19.857741310774912,0.24713397336347642,20.82039672187342,0.18443004705770255,10.725220612873153,78.0
vid_0026_aug_6,vid_0026,False,Perfect,58,left,85.57381569124854,135.8530018890452,-0.4292121490906554,17.47141217655168,0.02105325639544574,-0.41417310092615256,0.009676620107616699,0.025603501775948244,27.39607065527639,15.847495777494357,0.31518451639216505,4.779762031732211,0.050980232021057705,6.027958097924004,0.04209088705590841,1.720309225111241,47.513656179212035,76.53694822692384,-1.0422752405879163,7.911335365134935,-0.10114411217620889,-14.970864572773095,-0.08500097148034769,-4.078396523476542,149.63208097398282,164.1819746274494,-0.034509796233478385,26.132625611530987,0.1297412684231034,19.06822881498013,0.09057756341247819,4.099637326636058,102.11842479477079,87.64502640052555,1.007765444354438,18.22129024639605,0.2308853805993123,34.039093387753226,0.17557853489282588,8.1780338501126,58.0
vid_0026_aug_7,vid_0026,False,Perfect,77,left,86.49254664578113,136.2550632148231,-0.4362944240670957,17.62055033516943,0.019585142058305718,-0.6702973215758504,0.006885275460479801,-0.10873622592058031,25.810220437426654,14.669892043958269,0.32413513332347094,4.6528523027285935,0.04817953352452125,4.892010744630285,0.04479710729175279,1.8668706214906232,52.995031822916744,72.64293872435647,-1.0924004101193667,7.811540908159402,-0.07451705522742035,-11.539175814222297,-0.10764381506278678,-6.502686775435361,142.72772745527556,164.50954845989747,-0.02817115163625261,26.49767828282037,0.1555301014338807,12.54909945929505,0.10457052220823865,4.578769434121472,89.73269563235881,91.866609735541,1.0642292584831141,18.68613737466097,0.23004715666130104,24.088275273517347,0.21221433727102543,11.081456209556833,77.0
vid_0026_aug_8,vid_0026,False,Perfect,67,left,86.82479261264858,137.39759894855598,-0.42483946476899387,17.653806521667043,0.015466411898558144,-0.8589128583002597,0.009514961262343387,-0.03170130227844346,25.174337811977416,15.287278135522167,0.31871237609958214,4.855992196717909,0.04608851784489949,5.108829102409603,0.044857627716153314,1.5117091189172631,53.88175770995263,75.02946980008014,-1.0392796648971683,6.719768157117794,-0.07776818918679425,-16.65075976620132,-0.08759146717079325,-2.781158864178373,141.8720073916575,163.41851915003764,-0.009024179944137956,26.72812643338166,0.12054330102902452,9.675010752454519,0.1457264694230762,4.030743580338372,87.99024968170485,88.3890493499575,1.0302554849530303,20.008358276263866,0.1983114902158188,26.325770518655837,0.23331793659386946,6.811902444516745,67.0
vid_0026_aug_9,vid_0026,False,Perfect,80,left,87.3785496151014,139.05935383832264,-0.4257227538526391,17.480357131778586,0.01935801623907145,-0.4136469394533595,0.007096429966028332,-0.10292024839140693,24.869675455682973,15.42730657877415,0.3199771688172799,4.435872325481798,0.05567499477956583,4.5669189567295385,0.03696760596584105,1.54684562786402,52.10080305318362,78.23074733118649,-1.0972002153878613,7.198935027950176,-0.11078966622645689,-11.19020228994097,-0.09881814256541932,-5.63362224341223,151.03602741040626,173.57935385130463,0.010144043737629671,24.89362783264669,0.1245807031154775,15.571680687554306,0.0898892868477571,4.379117307138055,98.93522435722264,95.34860652011814,1.107344259125491,17.694692804696516,0.2353703693419344,26.761882977495276,0.18870742941317642,10.012739550550286,80.0
vid_0026_orig,vid_0026,True,Perfect,72,left,86.03410998771898,138.46810695705022,-0.4314867077839871,17.320727963953466,0.017951826577290348,-0.5139510830217561,0.007631415827847244,-0.044626310623107034,24.651907102304126,12.934861271331503,0.3209719721081688,4.570735846540841,0.03031049367948878,2.40714423799903,0.025400186628403456,1.1490088001406644,56.23081423335084,74.14060116891945,-1.037432194134303,7.62607648943513,-0.04715256664858381,-5.86239696221854,-0.07382013042544161,-2.748505146715873,137.03652191459184,164.0042222390268,-0.08791686056620451,24.320249026078155,0.09489689881588245,4.875828875013081,0.060610029262084864,2.6738390553931293,80.805707681241,89.86362107010736,0.9495153335680985,16.694172536643023,0.14204946546446626,10.73822583723162,0.13443015968752647,5.422344202109002,72.0
vid_0027_aug_0,vid_0027,False,Perfect,84,left,121.85533215354445,91.14637152186485,-0.8922226753174701,15.806596798279507,-0.1556323267063207,0.7736063990457319,-0.007009148524609434,-0.10424472540834656,30.550882747750503,36.037140978071086,0.26367239750349725,8.41368045793535,0.08914760814154145,11.638955582341858,0.08546995832213364,2.4941172430019916,55.8449800688034,47.51261221269952,-1.3427728604493758,3.0610795272788747,-0.31961296370961634,-37.58229104715342,-0.2908572709648109,-6.506784952803649,173.17860588396442,166.03489512887705,-0.3267022810468254,34.80788417895435,0.0646600169934486,46.14184284935946,0.16031112866305697,5.311441415569744,117.33362581516101,118.52228291617753,1.0160705794025504,31.74680465167548,0.3842729807030649,83.72413389651288,0.45116839962786787,11.818226368373393,84.0
vid_0027_aug_1,vid_0027,False,Perfect,58,left,122.18269376201485,91.80867853313114,-0.8806700841316004,15.534951521956113,-0.15362902929211503,1.5210246434414842,-0.010249496847384272,0.044559079013306,29.71375307500622,34.165473908051446,0.2517743258095469,8.36765665754157,0.0905114073912206,12.127998089956574,0.08469408135220605,2.7457579696620695,49.942430047635426,54.28401445240402,-1.3337229260607328,2.0277641900893877,-0.31385876270637775,-26.63269837909987,-0.19703230318102366,-6.947436247531748,174.94372529421622,160.26525190905065,-0.35003382701544217,34.95196749341315,0.040668178616150824,25.38741738432624,0.17372085766806133,8.124133085967792,125.0012952465808,105.98123745664662,0.9836890990452907,32.924203303323765,0.3545269413225286,52.02011576342611,0.370753160849085,15.07156933349954,58.0
vid_0027_aug_2,vid_0027,False,Perfect,58,left,124.02654352723083,89.98246021612262,-0.8752664162240987,15.732536677034464,-0.14605897948133598,0.9040235968897613,-0.009061931056456267,-0.0791102183777548,30.84619797231809,35.163764449507,0.25705111442991807,7.88820812482508,0.0837631888482495,12.081577688786389,0.08490673901666168,2.6004322646508387,51.385490876009506,49.622158055815476,-1.3330386409917736,3.703377882795587,-0.3285797485892603,-28.312385050843268,-0.22071652156183819,-4.25613584336709,173.74832976452478,169.84787357844755,-0.33987159151085633,36.482687739056914,0.00918160906789002,24.9277161870909,0.15568535504313452,6.035596441389867,122.36283888851528,120.22571552263207,0.9931670494809173,32.77930985626133,0.3377613576571503,53.24010123793417,0.3764018766049727,10.291732284756957,58.0
vid_0027_aug_3,vid_0027,False,Perfect,83,left,122.63171174882491,88.91987927038522,-0.8916249334876539,15.229766334337787,-0.1482988548053956,0.8764781316276646,-0.006401141864448944,-0.009431308290755695,29.534092998095044,33.805180779903644,0.2654088713045988,8.23652975736571,0.07982347401810418,10.507745972260041,0.09024187275224493,2.515029318120461,55.9445273462268,51.453647776391534,-1.358394784630535,3.46134914104053,-0.3435880619960937,-27.036484533387657,-0.28156289998330036,-7.349159150455466,167.18342372063458,157.4106051087094,-0.3405074982693109,31.343399651453826,0.01803924734152738,37.46875562768825,0.2036308756697175,6.863031346571315,111.23889637440777,105.95695733231787,1.017887286361224,27.882050510413297,0.3616273093376211,64.5052401610759,0.48519377565301786,14.212190497026782,83.0
vid_0027_aug_4,vid_0027,False,Perfect,70,left,122.68498584490298,90.78635835922628,-0.8901745160566131,15.76812242858873,-0.14947218283622438,1.5075483326337558,-0.009719553053860647,0.05156876624908746,30.96770111411253,32.94056049608038,0.26637965401613206,8.219383503026787,0.08223327443274388,11.771674747277055,0.08906889005162352,2.521882786205135,49.73880897849136,51.941051585909406,-1.3603825840707509,4.132099661355443,-0.30068134641118094,-35.06977169786245,-0.2640155996174522,-5.637169309755368,174.7848054939591,157.08922953561165,-0.3236926187972985,34.10634278502228,0.025423097964804096,36.08391250290582,0.2431696876464865,8.669593347485337,125.04599651546775,105.14817794970224,1.0366899652734523,29.974243123666835,0.326104444375985,71.15368420076827,0.5071852872639386,14.306762657240705,70.0
vid_0027_aug_5,vid_0027,False,Perfect,82,left,123.1644264797059,90.73860240526109,-0.890869942036611,15.848073968403275,-0.15147642959367866,1.133843082268176,-0.008104765695866985,-0.038882399064977806,32.042301811010034,34.63943699994502,0.2656110883294436,7.992223783829341,0.08309736947605537,12.248982106682185,0.09036462505624661,2.6077329257216095,45.64738820675761,47.62951290185103,-1.33649018190996,4.34405492491344,-0.3224871016558516,-30.409812216034688,-0.36228231827402163,-5.653711520941245,173.87782263095474,162.83714975754665,-0.38275640914707787,36.18615112575097,0.024113134082668457,40.92857988832573,0.19457131384667647,7.31590887164033,128.23043442419714,115.20763685569563,0.9537337727628821,31.842096200837528,0.34660023573852006,71.33839210436042,0.556853632120698,12.969620392581575,82.0
vid_0027_aug_6,vid_0027,False,Perfect,80,left,122.23736911044821,91.22471686343727,-0.898013783197807,15.998029896317036,-0.14580747253051346,1.0063255516871459,-0.006839087707547373,-0.07033428346370056,31.54161273002081,35.953121171114134,0.2667525734200279,8.276540951933919,0.07784850208810332,12.694993013360094,0.08529862627654058,2.499903389976255,52.28710600056344,48.727076359048006,-1.321660799035242,3.0404793465709763,-0.2867148034908981,-26.68006664688596,-0.28130036921641005,-4.842184299426349,176.1008789225355,169.58255756273869,-0.40010193179590137,33.59772157995477,0.0413596905081122,43.19798670082807,0.16717684925022247,7.15351196208968,123.81377292197205,120.85548120369069,0.9215588672393407,30.557242233383796,0.32807449399901034,69.87805334771403,0.4484772184666325,11.995696261516029,80.0
vid_0027_aug_7,vid_0027,False,Perfect,69,left,121.81136716704788,91.3309664281175,-0.886903718419886,15.79961347425066,-0.15209758308647106,0.9883902325326849,-0.00936026523657114,-0.02274059038050046,30.3705200541184,33.9003449717317,0.264171030929921,8.51597612201959,0.08681792299057396,10.517298200282697,0.0836696979858101,2.6423086123260062,56.573025405537905,47.93360193889042,-1.3346054666534597,3.6853681315725098,-0.309354310286934,-24.739248110696593,-0.2891966916823263,-5.516817896201344,169.6351006741712,161.2825191060252,-0.31819884198516335,36.83209379948593,0.03513944241672565,31.143351360639656,0.1583537750230345,6.7510641466317916,113.06207526863331,113.34891716713479,1.0164066246682963,33.14672566791342,0.3444937527036597,55.88259947133625,0.4475504667053608,12.267882042833136,69.0
vid_0027_aug_8,vid_0027,False,Perfect,71,left,123.00856984562469,90.79034454778393,-0.8899511359475388,15.380125060903172,-0.14640342414332722,0.9048705107826726,-0.007752234932033528,-0.011190831659096415,30.90047160172975,35.5523506771782,0.2705817180311908,8.158425151269052,0.08419712660181408,10.815133856675242,0.09310844360073146,2.5231002947965084,53.174333177358434,47.957247087782285,-1.3437674415234615,2.629158320567909,-0.324622216298547,-33.64594748938708,-0.26595598028407025,-6.5775195655126595,165.23439448903457,170.79708438102597,-0.32195676187246647,36.26239006981409,0.07642028027919796,25.553166053114317,0.1782992904655023,7.706302274234076,112.06006131167614,122.83983729324368,1.021810679650995,33.63323174924618,0.40104249657774493,59.1991135425014,0.44425527074957255,14.283821839746736,71.0
vid_0027_aug_9,vid_0027,False,Perfect,69,left,123.26274396943676,91.15505146205732,-0.8845050654107909,15.49292199409471,-0.14811672380929303,1.1295918867532522,-0.007429144438998011,0.08531927744331703,30.16211997892606,34.91270207589093,0.2522438629202954,8.032884120425903,0.08423505296351667,11.659165983483682,0.08627292674135278,2.9728661658926647,61.39882402735551,47.87338037044551,-1.3330935362227547,2.642794018988871,-0.2934348945639067,-37.12755380729081,-0.2405857110631593,-6.184778251299948,169.07955117545893,172.05668378274774,-0.4270481376360631,34.3990622086021,0.05674462056782886,36.12067633810232,0.16869986474192777,8.246017697755844,107.68072714810341,124.18330341230222,0.9060453985866916,31.756268189613234,0.35017951513173556,73.24823014539314,0.40928557580508707,14.430795949055792,69.0
vid_0027_orig,vid_0027,True,Perfect,72,left,123.39028590180662,91.1437845316687,-0.887046112032876,15.333090220612414,-0.15253460827463677,1.1202212192118453,-0.008268016855409722,0.0018851866264079703,30.07154983887045,34.616238051118614,0.26623695696169153,8.379640354369888,0.07786502035279148,11.268235771149012,0.09687860939517433,2.623754220437375,57.51319713606345,55.04003103307747,-1.2840613001885006,5.360471996652264,-0.2800980199162571,-29.432000653391814,-0.3039611646898232,-7.138610876335114,168.7093920847446,154.58116855199125,-0.3512717542220932,37.374637070259254,0.03253909028052683,41.63551938103254,0.22670650719344804,8.10962957523618,111.19619494868115,99.54113751891379,0.9327895459664074,32.01416507360699,0.3126371101967839,71.06752003442435,0.5306676718832712,15.248240451571295,72.0
vid_0028_aug_0,vid_0028,False,Perfect,62,left,77.08108561067279,126.4965468727296,-0.341716111256845,15.261025865143385,0.05387209085120114,-1.005251198701003,0.012785136049766785,0.03638792158315842,24.03185167909885,12.299112410177626,0.27709374288221456,3.977675926060667,0.08430541198769444,5.254632990433302,0.041391461729487565,1.3434796310915857,45.88154810147163,80.1376916192353,-1.0088506695375696,7.248935631125357,-0.19158576312496875,-12.762831998068961,-0.0829960572271135,-2.5259103898199653,145.36319652918837,156.0473615581599,-0.06303768627319928,22.73085842472897,0.20255963055595033,10.539414652437173,0.16859590037911787,3.192280814800352,99.48164842771675,75.90966993892461,0.9458129832643704,15.481922793603616,0.39414539368091905,23.302246650506135,0.2515919576062314,5.718191204620317,62.0
vid_0028_aug_1,vid_0028,False,Perfect,62,left,77.27267096215128,126.94189301054774,-0.3377106904330397,15.372798447371375,0.04840691329372763,-0.6784696254628183,0.012286651602295265,-0.017520805226138542,23.355109437400376,12.563873995758863,0.28201191981968404,4.142899616057752,0.08239147595590986,4.880640395210518,0.038431590898508755,1.6036638006374604,52.87785517109842,84.7685304947142,-1.068075721982802,8.824169658948199,-0.19172151986976468,-14.888066177404568,-0.060451031520829146,-3.5079233370806104,138.1283088781372,159.5071012531063,-0.04473377453531491,23.42879757462107,0.19235132770429206,8.739313539488762,0.10651980239036674,5.020992311014757,85.25045370703879,74.7385707583921,1.0233419474474872,14.60462791567287,0.38407284757405674,23.62737971689333,0.16697083391119588,8.528915648095367,62.0
vid_0028_aug_2,vid_0028,False,Perfect,65,left,77.98800405103326,126.96920055474067,-0.3446295161803204,14.64870565826363,0.05105294920580471,-0.9090822920868257,0.009553019487815149,0.031528186526656406,23.660096269960647,9.83623856979511,0.26329224748132196,3.846396918387289,0.0741292320609688,5.317862628754793,0.037641859589649336,1.490606369874855,43.394577213955024,98.25722876834128,-0.9947776720192366,7.621316509416836,-0.15823287841026262,-13.389912230976364,-0.1019071993847395,-3.869446327620846,144.1822355315673,153.1502873634545,-0.07065237314049255,22.080241324187075,0.18905206359978924,9.446633290815672,0.10109376638999701,3.7631513712903057,100.78765831761228,54.89305859511323,0.9241252988787441,14.458924814770238,0.3472849420100519,22.836545521792036,0.2030009657747365,7.632597698911152,65.0
vid_0028_aug_3,vid_0028,False,Perfect,57,left,77.57952956807485,125.28044038024719,-0.3389992303680452,15.090389286752474,0.0520881804124167,-0.8650092343906701,0.010378730729804657,-0.019058216608341984,23.5179300237909,11.178181821203239,0.26787353313462153,3.7412617288727787,0.08063656805187805,4.770277465914985,0.03583160128749124,1.6793555536556883,44.20186872015858,101.24277593376542,-0.9976311977470937,6.758565219080708,-0.17170157605839656,-10.330160210457372,-0.06277387744137469,-4.291417564049458,130.65522052378194,151.36785250503618,-0.06952222547106213,23.350129024377928,0.20046814430622384,8.727425948980535,0.12734946176641165,3.698696571442932,86.45335180362335,50.12507657127077,0.9281089722760316,16.59156380529722,0.37216972036462037,19.057586159437907,0.19012333920778635,7.99011413549239,57.0
vid_0028_aug_4,vid_0028,False,Perfect,67,left,78.24168746561871,127.4954251704357,-0.33775522367103256,14.87924757692621,0.05082718913360093,-0.8486125372154312,0.011465371145346933,-0.04207060238799926,25.110599469858037,12.035479443995543,0.2702409482035901,3.955545006108578,0.07897706713919006,5.2823700851018,0.04468636935026782,1.594157295138529,50.076304912064614,95.17099033569865,-1.0495437020973297,7.286167683995314,-0.22056379625719622,-14.104503612516247,-0.10050532885817032,-4.030587765098105,142.39335717041772,152.32457086761454,-0.054315808577736435,25.357165276936062,0.20462429205685445,9.218582965155889,0.18164147188750213,3.999155881411586,92.3170522583531,57.15358053191589,0.9952278935195933,18.07099759294075,0.42518808831405064,23.323086577672136,0.28214680074567244,8.02974364650969,67.0
vid_0028_aug_5,vid_0028,False,Perfect,83,left,77.42914043100218,126.16508495801152,-0.33969077161237504,15.069865933736402,0.05060543992265393,-0.7922905202728505,0.008155786974332892,0.1246265893272786,25.525930249095392,10.08171015890501,0.2712267394083663,3.8748143286941943,0.06783158806238768,4.528851169812684,0.04002713830783466,1.683677547768651,49.53202386749877,98.46753570099288,-0.995713875833078,6.510606620417225,-0.17352137762362563,-14.617487720920764,-0.09613931429311823,-3.6821349600556035,139.69266686585362,156.50677962046706,-0.048887550415744996,22.67091080096656,0.1666523701817709,8.194289823404134,0.08270373055623692,6.3427590232063515,90.16064299835486,58.039243919474174,0.946826325417333,16.160304180549335,0.34017374780539655,22.811777544324897,0.17884304484935515,10.024893983261954,83.0
vid_0028_aug_6,vid_0028,False,Perfect,82,left,76.47142284862798,128.54461986173754,-0.33109042629645175,14.660458830559309,0.06261021635534089,-0.6930610119750321,0.00826393173588694,0.021104895348534745,24.185640390375248,10.768760538173357,0.2722132596049374,4.0562615219030045,0.06842647397802518,5.1842722443277305,0.03759308648649456,1.5269054149391958,42.59175763088264,98.17952449726538,-0.9915931737791434,5.43365806117779,-0.19343978916873422,-16.266449808255615,-0.062082118818897886,-3.524768699066524,145.22695533324836,154.7093363912361,0.002358552594592056,22.08935104114761,0.2153949536319497,13.075017764332117,0.09288232992354312,3.1883011332056452,102.63519770236572,56.52981189397072,0.9939517263737354,16.655692979969817,0.4088347428006839,29.34146757258773,0.154964448742441,6.713069832272169,82.0
vid_0028_aug_7,vid_0028,False,Perfect,58,left,78.99468347737947,127.11562149969495,-0.3331586847472263,15.358153722430195,0.05416174342158587,-0.7322871377758843,0.011999394032440977,0.033658551564650085,23.625086811365385,10.097832063116082,0.2594511301248079,3.4001545455710627,0.0813343249859171,4.666945138344031,0.03651536605150058,1.321304884820919,51.18671865982143,105.98884668382911,-0.9702861022630793,7.993141124694416,-0.14058824016401564,-14.501592229660552,-0.0567254645352967,-3.624062584492111,135.41360732987823,148.5930034708218,-0.038094239020768805,21.920583999532415,0.2369680149433655,11.438860847465989,0.1254837184935016,2.8540953457158373,84.22688867005681,42.60415678699269,0.9321918632423105,13.927442874837999,0.3775562551073811,25.94045307712654,0.1822091830287983,6.478157930207948,58.0
vid_0028_aug_8,vid_0028,False,Perfect,75,left,77.0850786629452,127.01770045297015,-0.3494311841561515,15.461566963164387,0.05467713221653308,-0.6229912241225445,0.008968515951403135,0.08785781143154561,23.644165622304662,10.437073782463816,0.2695394715859447,3.765735679054084,0.07539744301797713,4.556008367771527,0.03822275441062459,1.4690565544060417,52.09059098975991,107.16411392088717,-1.0602195104009553,7.228720056670948,-0.1967024088774941,-12.211480486878372,-0.07898524525902778,-3.2098046417418704,137.27506250759728,157.37007597928965,-0.029873937050952426,24.589646828100634,0.2195188214501061,14.715662640734934,0.12036379278950526,5.042681045850912,85.18447151783738,50.20596205840248,1.0303455733500029,17.360926771429686,0.41622123032760017,26.927143127613306,0.19934903804853304,8.252485687592783,75.0
vid_0028_aug_9,vid_0028,False,Perfect,84,left,77.02311775867568,128.62351569131292,-0.3331746508549963,15.385750680766538,0.05540288087604527,-0.5880747704067661,0.007080590532170278,0.05773813206635164,24.030899885620943,10.871479332089995,0.262161804787606,3.7335947842594406,0.06873470563762202,5.056659171789754,0.03753074703207146,1.5397932470017883,47.697544997594264,95.30221154240174,-0.9577975241370805,9.153740482344505,-0.19692662826587184,-14.693113745839518,-0.09809861855880292,-3.0974061206159416,140.9592260353542,157.59966213713554,-0.06276904505469083,23.85239235769466,0.18817677054620338,11.783714264998338,0.09628006418574936,4.957008439772793,93.26168103775993,62.2974505947338,0.8950284790823897,14.698651875350157,0.3851033988120752,26.476828010837856,0.19437868274455228,8.054414560388736,84.0
vid_0028_orig,vid_0028,True,Perfect,72,left,77.55833657580371,128.35229519033248,-0.33745782537526253,15.153478837722453,0.05452031686263831,-0.701029736046058,0.00910847654645916,0.01788247912272524,23.123824974017577,5.8630091128698725,0.2618498684217703,3.501582235608333,0.06670602238883114,2.398830315475248,0.020967721722438788,0.7092729911809427,56.91427417609772,105.34831513387577,-0.9699837737231041,9.13314986456485,-0.16762780738269734,-10.349969728381012,-0.02857376511704024,-2.2662805751814448,130.7717014493512,143.244820187922,-0.12466216369181338,20.284723299166895,0.17350898273102056,3.1003391854153364,0.05876998641395775,1.3342340328945834,73.85742727325349,37.896505054046216,0.8453216100312907,11.151573434602046,0.3411367901137179,13.450308913796349,0.08734375153099799,3.600514608076028,72.0
vid_0029_aug_0,vid_0029,False,Perfect,80,left,82.13590906984253,122.98313028214675,-0.4180650637432087,16.53555306371091,0.06983556990218207,-0.6221792036887325,0.00750799336042249,-0.040238181554264355,26.97613592004741,19.397610404206695,0.3065605476365185,3.8069133107489836,0.04785031015426795,4.9800525222090375,0.04120586477972694,1.483115673255657,44.80403264970048,61.0475925678506,-1.075750032537471,8.611899804265999,-0.059633051626734476,-12.466260723189421,-0.08431952705609175,-3.5957180161843167,142.48737974416028,164.58305413974767,-0.05818390668969342,23.799929677673443,0.17573004578958976,9.575803189981208,0.09427390943823627,3.0243231145813985,97.6833470944598,103.53546157189707,1.0175661258477775,15.188029873407444,0.23536309741632422,22.04206391317063,0.17859343649432802,6.620041130765715,80.0
vid_0029_aug_1,vid_0029,False,Perfect,82,left,81.8825185780805,123.4753045684555,-0.40905814472187546,16.260247480727823,0.06711939752783153,-0.5090363119245634,0.007219054212298868,-0.10995080091504011,27.08660068606553,18.737105117019482,0.29721456764303655,4.407991650511974,0.05288759895321506,4.7732162342957976,0.038123331319645556,1.7725112714759024,50.928859323613636,59.55480369131725,-1.0944493535783366,7.370302409657592,-0.0812914173864571,-14.465158447095412,-0.07996124287142126,-4.071809227208437,143.03644019019148,168.22245000392437,-0.06316544291560178,27.101449187646814,0.21510535367363534,9.366922007072006,0.13343295083334067,6.388260199816383,92.10758086657785,108.66764631260712,1.0312839106627347,19.731146777989224,0.29639677106009243,23.832080454167418,0.21339419370476193,10.46006942702482,82.0
vid_0029_aug_2,vid_0029,False,Perfect,78,left,82.61506330062322,123.86582172777766,-0.41244890524002853,16.349224328283423,0.06363543774874128,-0.5376679134520959,0.006572325441076583,0.014464284375104882,27.491390021476004,19.263793258953793,0.29977269768609216,4.012961877035434,0.05480503929059918,4.645190791038816,0.04042089515018528,1.3660809948327162,47.0284710277805,64.0153060835422,-1.0869636051163738,9.111741295728196,-0.047328826554029535,-12.209017764216853,-0.12688742010125065,-3.4987079684004474,149.18773294192786,165.36529432142507,-0.03884740462287295,24.655022217400514,0.18894881498217156,9.750967736182915,0.12332969541317756,2.822628625962036,102.15926191414736,101.34998823788287,1.0481162004935007,15.543280921672318,0.2362776415362011,21.959985500399767,0.2502171155144282,6.321336594362483,78.0
vid_0029_aug_3,vid_0029,False,Perfect,79,left,82.19770609208378,124.0486689864926,-0.41221247292539875,16.51196011039415,0.06698694606198757,-0.77687844945656,0.006754608815339415,-0.04641449474038932,26.553642300594333,16.807500104045513,0.2931523270900656,3.9748265276231667,0.04444968312864705,4.564033439128506,0.042139777427854325,1.4221468099471368,44.40394229508926,59.68819512459299,-1.0398776513410792,7.919347338469244,-0.04099465080449389,-12.280452559009454,-0.06470063377689639,-3.424883091556808,143.57209876191382,161.8768252369383,-0.07424201564402733,24.545791277566718,0.15053362819466645,10.53201325035354,0.10952711353987343,4.504431480412113,99.16815646682457,102.1886301123453,0.9656356356970519,16.626443939097474,0.19152827899916033,22.812465809362994,0.17422774731676982,7.929314571968921,79.0
vid_0029_aug_4,vid_0029,False,Perfect,83,left,81.99419363989936,121.95502003860908,-0.4079686314625543,16.341821052875236,0.07060180287969786,-0.6444633355077019,0.007368838959205048,-0.05734981237929499,27.954898556545686,18.470617807962576,0.2905380916535075,4.488599989013371,0.05485781385938272,4.790081453278733,0.04454488659726767,1.4722926341814275,40.41479457920336,70.99183043165661,-1.0467594583132347,8.570583069027936,-0.05413041328737854,-14.258887414715986,-0.10608016980591384,-3.138972516733883,141.39582232130522,165.75359094937772,-0.03954045535812134,26.166492836355438,0.19504690455384527,12.98445814602723,0.14535809403666639,2.9534189983955823,100.98102774210186,94.76176051772111,1.0072190029551134,17.595909767327502,0.24917731784122382,27.243345560743215,0.2514382638425802,6.092391515129465,83.0
vid_0029_aug_5,vid_0029,False,Perfect,70,left,81.57338919499516,124.22433572182334,-0.418698749789401,16.282863091829533,0.06348371507349462,-0.655755616755064,0.009189100510047147,-0.07963905529048716,27.362497654712772,18.84283256017416,0.2982772293285377,4.616032638955864,0.05479519307059365,4.856834837926565,0.03899959286314031,1.5512494612372525,48.28704771132903,63.9153643340774,-1.0794767699455412,8.601570860018075,-0.07904903135582096,-11.817082366889728,-0.0882161911281894,-3.803222702654672,143.82080152580846,163.55112377907852,-0.0898497221914063,26.194463134583923,0.17255843612798832,10.222968313268936,0.08732326133443519,2.8320792282319065,95.53375381447944,99.63575944500113,0.9896270477541349,17.59289227456585,0.2516074674838093,22.040050680158664,0.1755394524626246,6.635301930886579,70.0
vid_0029_aug_6,vid_0029,False,Perfect,68,left,82.31143274605901,124.55225091735758,-0.4130410831834281,16.10725373174122,0.06959202284000077,-0.8834884204929477,0.008548901864561295,-0.11506370025715913,26.976773832335184,18.21506105683349,0.29298768164675987,4.254118396488599,0.049321000036751605,4.4969921325312106,0.03761576614241439,1.5630142712800394,48.51309229126656,59.757242055094316,-1.0609145236443982,7.4222137854491805,-0.054620678254591576,-10.347869822430333,-0.06888687653060588,-5.094936998671198,137.65454464581123,160.59729901926536,-0.11703999490851391,25.429793378149515,0.1894694484020497,11.308571315416224,0.09442026915118085,3.685958805025053,89.14145235454467,100.84005696417105,0.9438745287358843,18.007579592700335,0.2440901266566413,21.656441137846556,0.16330714568178673,8.78089580369625,68.0
vid_0029_aug_7,vid_0029,False,Perfect,62,left,83.08110657843274,123.1838234559107,-0.42136926438238254,16.419360612235185,0.06809161414895017,-0.9388511710688475,0.011211392212141106,-0.12941513174383512,26.557839650926592,16.88842956675542,0.29233148905473927,3.886295817142834,0.053539926693072615,4.951249520796607,0.034111701304343114,1.6043661380620962,50.95395888336795,77.05272463626785,-1.0141965353268385,6.2927461109489125,-0.08810787226546378,-12.797529740362307,-0.0991267031285023,-4.390806916617944,147.10735082772996,158.24457993525775,-0.10883575117050026,26.148035212069896,0.15756185468033093,9.776871306926136,0.08588171449063958,3.99041827280281,96.153391944362,81.19185529898989,0.9053607841563382,19.855289101120984,0.2456697269457947,22.574401047288443,0.18500841761914188,8.381225189420753,62.0
vid_0029_aug_8,vid_0029,False,Perfect,82,left,81.53621466978386,122.49277300624176,-0.4106136711759442,16.49078582446219,0.06991454940132202,-0.7876354619289673,0.008437795951558712,-0.005404956462605526,27.187613957089603,17.66480514748395,0.28882652815536664,4.170573934492236,0.0492154184988053,5.434092748074094,0.02955155095105455,1.5507967528830597,45.18880210574448,69.2607363758625,-1.0291599804213838,9.174077949424376,-0.03999171318166238,-17.736326352233426,-0.07259524263683492,-3.5518204264571906,144.73725113283268,157.82830743827367,-0.08369369902351531,27.246409066014426,0.19625875562470485,11.187689579455796,0.07407136073305773,4.065333723846267,99.5484490270882,88.56757106241116,0.9454662813978685,18.07233111659005,0.23625046880636724,28.924015931689222,0.14666660336989265,7.617154150303458,82.0
vid_0029_aug_9,vid_0029,False,Perfect,66,left,82.05311365730842,122.9003174371438,-0.413841093352306,16.188070694037147,0.07084091240249582,-0.3985327587605571,0.009279684289617987,-0.04730015951968427,26.350728428983505,17.135755105324172,0.2989772587646935,3.7098327931254977,0.049919635000945387,5.856453025765944,0.03446202798769474,1.339778539079123,48.53563907689006,58.927841717392695,-1.0306807860506906,10.148979983915083,-0.06771892437876152,-11.632213479494652,-0.09547840433019433,-2.82067906187169,140.6997813827024,157.6839718261251,-0.06532430647034237,24.63612643782383,0.17154910248752908,23.561622004873243,0.07239566577884021,4.344006340073426,92.16414230581236,98.75613010873239,0.9653564795803482,14.487146453908746,0.23926802686629062,35.193835484367895,0.16787407010903455,7.164685401945116,66.0
vid_0029_orig,vid_0029,True,Perfect,72,left,82.07352857252243,123.21868639953234,-0.413724253582613,16.152482474416114,0.06768424060472761,-0.6844787668742722,0.008969454291173459,-0.013789440903975344,26.525851344122856,16.82373027171092,0.29840279977153383,3.7277750907952956,0.03726996477845085,2.494590124457344,0.02398428258044342,0.8272503473706582,53.13188374723881,66.66113100257357,-1.029214984501188,10.512075555795171,-0.04883914020180045,-7.033971847222791,-0.049418466188865584,-1.9787543664878768,135.49215241969455,160.93922050092155,-0.13923322794865955,22.95683274942288,0.15177479582778633,5.259031892600891,0.07533513807176562,2.6740494339429537,82.36026867245573,94.27808949834798,0.8899817565525284,12.444757193627709,0.20061393602958677,12.293003739823682,0.1247536042606312,4.6528038004308305,72.0
vid_0030_aug_0,vid_0030,False,Perfect,62,left,78.28509953876333,131.1583067198457,-0.41189662545168837,16.37065067549631,0.013900410637520576,-1.240579209866552,0.016698928243789532,-0.06094656706350824,34.15127179039745,15.584261320914836,0.3607148621297619,3.4064946344619194,0.05583041070177333,5.643238924922437,0.036657103903062295,1.240724390399827,34.72941550958333,94.65651775893339,-1.1860807659886,10.76798425950891,-0.13492539844591128,-13.087870002514826,-0.06431156982110409,-3.792941254467766,146.31002385508538,169.29889976229867,-0.00613088575732601,23.180433481906945,0.1504647161420296,11.299372675628405,0.0950058950041644,2.680670101480394,111.58060834550204,74.64238200336528,1.1799498802312738,12.412449222398035,0.2853901145879409,24.38724267814323,0.15931746482526848,6.47361135594816,62.0
vid_0030_aug_1,vid_0030,False,Perfect,72,left,78.53115773251105,128.29093707747268,-0.40910028917588814,16.380772224023197,0.013377336284577691,-0.9543647481367787,0.01227661808603028,-0.03617809186124679,34.392953549236516,13.539804949307058,0.35392070845287205,3.617154717077544,0.043929219729878205,6.007468631582758,0.040026125120373325,1.4595387517844514,30.145779480287125,97.81800477161529,-1.0901622284270263,9.20142691168982,-0.09132077945692052,-18.31884528497275,-0.0858118162795406,-4.685967544705504,150.35747291014096,159.58768069421834,0.023722439973268394,24.37273082545809,0.12128333842052155,13.383423382362146,0.09144449170940905,3.343130436540788,120.21169342985382,61.76967592260304,1.1138846684002948,15.171303913768268,0.21260411787744207,31.702268667334895,0.17725630798894965,8.029097981246291,72.0
vid_0030_aug_2,vid_0030,False,Perfect,60,left,78.94582205440356,128.97443220072202,-0.40556210796197795,16.93338148349667,0.010122743327772243,-1.2947743897165096,0.014343099459825514,-0.09611352865961474,34.62925116406999,15.448837296138786,0.3410214930424357,3.3169137949841363,0.06330897938142907,7.0810389154475715,0.03837576148329626,1.3674506542260136,28.279695891357466,93.52357202389699,-1.0991870451279357,10.458238699920887,-0.17320030575258863,-20.007561993134885,-0.07218455405453872,-3.4223106432062878,156.91241848903175,158.5145185050548,-0.016087286241061483,25.76818482921579,0.12653475883979304,21.115996804446844,0.10215324557071764,3.2549342655418787,128.63272259767427,64.99094648115782,1.0830997588868743,15.309946129294904,0.29973506459238164,41.12355879758173,0.17433779962525636,6.6772449087481665,60.0
vid_0030_aug_3,vid_0030,False,Perfect,63,left,77.18613695396387,129.06105820617174,-0.40681967808420727,16.635783533767352,0.023447557178407623,-1.108437085710685,0.01651719377018204,-0.18323475225428346,33.1899296497106,13.969680325825156,0.35340480033379373,3.5983226467851295,0.05472603010708204,5.483012963117384,0.0351594273392672,1.2699315125214838,31.57145188047548,96.89367074300861,-1.167904926718309,10.00172478961536,-0.11826856572109543,-12.530843621626808,-0.059772016023289465,-3.628331055472099,142.15417308943648,169.62502455424857,-0.004714342031840069,25.084190312516295,0.14081249744164379,10.897834396780716,0.0948278036386877,3.2352978631444067,110.582721208961,72.73135381123996,1.163190584686469,15.082465522900936,0.2590810631627392,23.428678018407524,0.15459981966197717,6.863628918616506,63.0
vid_0030_aug_4,vid_0030,False,Perfect,85,left,78.98618421153085,128.77686132531625,-0.41037528795687006,16.639639478797807,0.015620195201839519,-0.796114007781462,0.00916239065486432,-0.004218973632797423,32.98700946555662,14.491164450706142,0.34724317918417463,3.4278484299319922,0.05549715070365063,4.920083035637416,0.031192546927856873,1.5105482811769844,33.87897327553365,98.20202462349386,-1.0656052603671111,10.398471236493126,-0.1135126905819956,-15.012311548173976,-0.06709920087231802,-3.6646981107516794,144.6218521469056,172.19813143647505,-0.012823379511802013,24.227534794646562,0.20038960493655278,9.240449961073892,0.08103552985984869,4.537332767481846,110.74287887137196,73.9961068129812,1.052781880855309,13.829063558153436,0.31390229551854837,24.25276150924787,0.1481347307321667,8.202030878233526,85.0
vid_0030_aug_5,vid_0030,False,Perfect,71,left,78.25204164940881,130.0784192682877,-0.4046275061229617,16.74787197012,0.017414634420249927,-0.9740830816194105,0.011335392351441384,-0.08161898071309026,32.37641595563582,16.436901326649135,0.341467070085259,3.5596733445349047,0.04961861648686198,4.691179278553931,0.037172891801055666,1.3800702952647579,34.43937724959002,90.4265675833565,-1.0475148759219448,9.233392254085475,-0.09982816265356928,-11.697726175469903,-0.0633382634659691,-2.913090625668307,139.5197614312354,165.05706180659416,0.01895502408280947,23.859240313841585,0.11559988418919144,10.76211509903893,0.10357643000881539,3.4967394429834497,105.08038418164537,74.63049422323766,1.0664699000047544,14.62584805975611,0.21542804684276073,22.459841274508832,0.1669146934747845,6.409830068651757,71.0
vid_0030_aug_6,vid_0030,False,Perfect,79,left,79.21986332274473,129.47437930400332,-0.41399558266140135,16.647942157135258,0.015368235054670868,-1.0784506136042176,0.01273368803318868,-0.07459193396332349,33.77895571771197,13.86463002581665,0.3624225282425538,3.332581612289267,0.05190244153099637,5.208353963158675,0.03258421309827937,1.18404119738908,34.79798905888921,96.69391400864984,-1.1520162087692856,11.31732234217701,-0.09490948259874124,-14.84235013732193,-0.08212049556101925,-2.542786219640176,147.06852388693775,164.11287913370282,0.024281951567032833,25.4301676390613,0.12982820524570887,9.726879136079788,0.08722016427890333,3.036727389096586,112.27053482804854,67.41896512505298,1.1762981603363185,14.11284529688429,0.2247376878444501,24.569229273401717,0.16934065983992258,5.579513608736762,79.0
vid_0030_aug_7,vid_0030,False,Perfect,77,left,77.96701772025328,130.8002057724651,-0.4096859065299888,16.336976272044634,0.018949830411208252,-1.3333425402131156,0.013400968652425157,0.021790953041382587,32.660014945410786,13.158930686819671,0.3556494554229947,3.57321200152425,0.05835251692340034,5.8506432222302,0.032345000957009,1.5144042125680885,30.346051228644754,94.41591753954077,-1.1746767440038663,9.18858580653647,-0.12857206091284543,-23.79477582343233,-0.061640115399094586,-3.9125760778440846,162.131204114421,158.42245626660008,-0.011185853119425881,25.334701595683704,0.17338855636673958,11.424352692381028,0.07261269729514697,3.66855343901799,131.78515288577626,64.00653872705931,1.1634908908844404,16.146115789147235,0.301960617279585,35.21912851581336,0.13425281269424155,7.581129516862075,77.0
vid_0030_aug_8,vid_0030,False,Perfect,75,left,79.27953306804818,129.5659021593316,-0.41163444537342775,16.881787774237885,0.01551207271215213,-1.2068861060685272,0.011470358790478192,-0.0770782712118143,32.53556547602428,14.299068317926224,0.35043959830339844,3.327888643329415,0.04826317128175922,4.523577868856446,0.032564768174579886,1.3332733385155386,32.30250339072929,81.43635095508492,-1.081798337468248,10.564455366230032,-0.10783534216116222,-17.11981870812909,-0.05470702616469375,-3.059903162359019,149.23840368538737,163.5841013557985,0.003858468818270566,24.995790491802993,0.13032142675270106,10.300941924360885,0.08381050998611855,3.4864315777999275,116.93590029465807,82.14775040071359,1.0856568062865186,14.43133512557296,0.23815676891386328,27.420760632489973,0.1385175361508123,6.5463347401589465,75.0
vid_0030_aug_9,vid_0030,False,Perfect,79,left,78.04758861601164,130.5194404746643,-0.401920517504366,16.848353034065486,0.018224204979123842,-0.8864188649488999,0.010861646103703531,-0.001467500909204138,33.43652198035387,13.718928986742732,0.3537031899147183,3.4432530664577743,0.04721106568951472,4.964228085229531,0.040078883589577584,1.4901524823563466,29.30870975304755,90.2700568895112,-1.0981313450253425,10.02250193271945,-0.08670991798795626,-16.284628943278456,-0.07866514610676045,-3.0567957671938863,141.44159704180288,174.30447946161956,0.022626649687398026,26.53501833971528,0.14271283754888908,8.723326280776767,0.09009038052081875,4.519510362309472,112.13288728875533,84.03442257210837,1.1207579947127404,16.51251640699583,0.22942275553684532,25.007955224055223,0.1687555266275792,7.576306129503358,79.0
vid_0030_orig,vid_0030,True,Perfect,72,left,78.6466438111032,130.70408015493234,-0.41060346204751863,16.593330109019064,0.018573169133207872,-0.9890944310443742,0.012407011105242059,-0.054193579468853836,33.3643879536462,11.773699333738202,0.35179824405891164,3.0449272164303425,0.03675987909757664,3.2390995290870883,0.017668426962829328,0.6431820490427586,38.27119889155494,100.43482326720854,-1.0905985320848073,11.783445436036066,-0.06308432554932811,-7.354758385544798,-0.047984308801869324,-1.246914068453906,140.0535983089414,161.66037541631442,-0.06994660229979588,22.71640401173477,0.11656139657483099,10.055590688646294,0.04306281682183183,1.5524884122147142,101.78239941738644,61.22555214910588,1.0206519297850114,10.932958575698704,0.17964572212415908,17.410349074191092,0.09104712562370115,2.79940248066862,72.0
vid_0031_aug_0,vid_0031,False,Perfect,81,left,99.70595971452862,137.11152526869512,-0.617363718930653,18.641189365099383,0.02667821141621291,-1.1138887655000569,0.009517111953009597,-0.10961887304555105,36.5715027651934,19.59579490260172,0.404462800098442,4.116671006614953,0.04180837309095768,5.748977363624289,0.04650392009653912,1.4759627157899493,46.64895793156092,96.67234223331813,-1.35519342015204,8.304587581382343,-0.07477125181378177,-14.843521339115483,-0.1446606211579481,-3.1999148884871182,172.59799947669725,172.16503748185718,-0.05227360712273088,27.050426741291187,0.13236866013035137,13.31203399048043,0.1182586381513614,3.5315790908548603,125.94904154513634,75.49269524853905,1.302919813029309,18.745839159908844,0.20713991194413314,28.155555329595913,0.2629192593093095,6.731493979341979,81.0
vid_0031_aug_1,vid_0031,False,Perfect,76,left,98.49467246204425,136.30123839667354,-0.6175918890730018,18.582789076254386,0.026855463653997415,-0.9017134402947297,0.01080698660968726,-0.19883788396751795,33.60592728983573,21.245564956474144,0.39371579951866165,4.558955181150811,0.0502271864119387,5.054393803907751,0.041792091787066006,1.4647379494648924,49.79221948740845,85.40789850322638,-1.176791666920151,8.589381058498049,-0.07532612059183022,-12.90719245152156,-0.07107010793566243,-3.443101195445508,153.72122324841877,177.33551280425132,-0.06686171710716537,27.281574524276397,0.1344069340371854,19.241080142326638,0.12099072963481117,3.0343573038862512,103.9290037610103,91.92761430102495,1.1099299498129858,18.69219346577835,0.20973305462901562,32.1482725938482,0.1920608375704736,6.477458499331759,76.0
vid_0031_aug_2,vid_0031,False,Perfect,78,left,98.74257452397472,138.35233480920476,-0.6249337732643029,18.94372929487999,0.029925303533685665,-1.0399305661658498,0.012341489541740108,-0.09724867427722327,33.90137297046529,19.453319424697536,0.4080757042400066,4.49694033591751,0.05142521049133486,5.629673373844961,0.03607158037586662,1.488959544459194,46.49416106556748,100.89999414766397,-1.2517639290333487,7.470302201870265,-0.10330425814017434,-16.604093866847293,-0.08355376971270045,-3.386458644614696,152.8101961376232,174.11103395693937,-0.09682212411279789,27.4680986978214,0.17211813167976384,11.773481668907742,0.09863306629891844,2.970888319158016,106.31603507205571,73.21103980927539,1.1549418049205507,19.997796495951135,0.27542238981993816,28.377575535755035,0.1821868360116189,6.357346963772712,78.0
vid_0031_aug_3,vid_0031,False,Perfect,81,left,102.61209646549163,136.02847761548077,-0.6377457014581707,18.55574140129688,0.02167588231201065,-1.3347951137145315,0.010308761658195402,-0.1058836971921551,37.45551259830825,19.525448456539255,0.43311884018638624,3.723575258940893,0.04771612367615709,6.019442063806569,0.044966470218640545,1.2122365147129173,45.96942806231918,91.92939016647885,-1.35575524711349,9.15888546356699,-0.1064486461896302,-20.47321888636533,-0.11943066543029834,-2.6340649913011394,175.00613328144806,176.80584266823567,-0.0798004095446998,24.989687742929767,0.15175933627988905,20.93359244027954,0.1209069848672702,2.743777673179263,129.03670521912886,84.87645250175682,1.2759548375687901,15.830802279362777,0.25820798246951926,41.40681132664487,0.24033765029756854,5.3778426644804025,81.0
vid_0031_aug_4,vid_0031,False,Perfect,60,left,100.12606640349692,137.2573974943957,-0.6270916981719137,18.586906246398843,0.02594588179543404,-1.1986565023218267,0.012365634431254258,-0.1852810364903925,36.47356619301829,17.075906358337022,0.4201094705465919,4.00706715800581,0.047050845681538375,6.681972141601785,0.05511703925727028,1.6499985719414407,42.325157765090225,98.51151501971198,-1.3969835517166826,11.067119394608257,-0.0902453371934227,-17.569480738548613,-0.17341842677242092,-4.272942826571705,162.32590238514672,171.5461180924577,-0.06895877634641667,27.843967977657297,0.13222330050664585,13.682802957913992,0.14683550922869693,3.4909456831242185,120.0007446200565,73.03460307274572,1.3280247753702659,16.776848583049038,0.22246863770006856,31.252283696462605,0.32025393600111784,7.763888509695923,60.0
vid_0031_aug_5,vid_0031,False,Perfect,85,left,98.86058956562256,137.43188999780796,-0.6101976986041616,18.782568904513052,0.022375852266201902,-1.2305823451532976,0.011088782669036939,-0.08211143220995394,34.832420579097054,19.361593692313388,0.38577858023725353,4.479317358357041,0.046339373317361536,5.8378072100493705,0.04049081895165224,1.4140165525886657,44.51263959111122,98.59523374261605,-1.1524690952945051,9.092102261707495,-0.07953724887089714,-18.11923999347667,-0.07291539391988922,-4.0360784343316265,159.48643153013694,177.10601131667428,-0.1193046083015703,27.388239268889578,0.1648229112701272,13.750667451063045,0.10521566909317609,3.482990417134367,114.97379193902572,78.51077757405824,1.0331644869929348,18.296137007182082,0.24436016014102432,31.869907444539713,0.1781310630130653,7.519068851465994,85.0
vid_0031_aug_6,vid_0031,False,Perfect,65,left,99.65340443190432,137.3316967461124,-0.6263001500864606,18.597593346795552,0.02790470718725398,-1.1091071664006886,0.01477497449913308,-0.04402274547701197,35.52588173104001,18.85628996916074,0.3895693554851442,4.288617860227931,0.047831187063322976,4.85871064939711,0.03677930420461979,1.4648159750143988,43.69315696539304,99.60487260774326,-1.1980251736874847,7.966941277882382,-0.10640049805207023,-12.107845052727932,-0.10386993549741363,-3.7119797213350765,155.54311033159004,169.7310495037586,-0.09753895452678463,26.18447261540258,0.12567843525614156,13.454748352986456,0.08060238183024526,3.2965124911183956,111.84995336619701,70.12617689601535,1.1004862191607,18.2175313375202,0.23207893330821178,25.562593405714388,0.1844723173276589,7.008492212453472,65.0
vid_0031_aug_7,vid_0031,False,Perfect,62,left,100.06557542418517,136.30217200908785,-0.6311658508790277,18.28145907504831,0.028710468094591886,-1.0539493548461476,0.016000797877262166,-0.06941531435245121,36.34379376964014,20.040926545132987,0.4232964095353516,4.14126604037199,0.05202259551021942,6.879334131807285,0.05201081252387815,1.5465117863213254,47.929188409015474,82.7620214974989,-1.3042936047672553,8.190159677089659,-0.1031898787371406,-24.83143180125637,-0.12837789416351186,-3.5763662553888356,174.2179251899915,173.26101033527777,-0.11420470288749818,25.72765156685184,0.17458063595129814,19.741816579941258,0.11848165179631964,3.865345942470368,126.28873678097602,90.49898883777887,1.1900889018797571,17.53749188976218,0.2777705146884387,44.57324838119763,0.2468595459598315,7.441712197859204,62.0
vid_0031_aug_8,vid_0031,False,Perfect,81,left,98.27884240431213,138.23141300293523,-0.619588142261175,18.201093932714585,0.022849238633649755,-0.7687469225053035,0.010226497706209222,-0.10710257603009694,35.18522434170967,19.627963698472307,0.4097468902893668,4.187547557370069,0.04400324538731465,5.523222249987469,0.04574820152491331,1.3229236312042645,46.77774401106657,99.17432534748984,-1.2387293691731436,8.392741546474653,-0.06136823856431407,-13.143711645148855,-0.125178790572543,-4.034634275238284,151.6557049731736,170.9261742737483,-0.07123310895173784,27.94365236170301,0.11759065706909624,18.491818019000277,0.09565013699882141,3.2341378884811185,104.87796096210704,71.75184892625846,1.1674962602214056,19.550910815228356,0.17895889563341033,31.635529664149132,0.2208289275713644,7.268772163719403,81.0
vid_0031_aug_9,vid_0031,False,Perfect,81,left,101.1611886528999,133.8165126206425,-0.6517336276136044,18.74029333045776,0.015344455453063349,-0.9795690181943347,0.0113283456252567,-0.09881190510466278,38.79165030904289,17.256628504798407,0.4347326636755405,4.450490824387298,0.04781279265243129,5.227190969012095,0.04811403886656083,1.4534372047101334,47.01010547406252,101.02703526138097,-1.3374380122395009,8.63590665830078,-0.0821179139439628,-18.700275020125204,-0.10289311470135931,-3.662174359483906,174.14376451347664,173.3539203475259,-0.07975282812902917,29.823206101485756,0.14473437935630604,15.447181053025261,0.12635874227865196,3.637941056865456,127.13365903941411,72.32688508614493,1.2576851841104717,21.187299443184976,0.22685229330026885,34.147456073150465,0.22925185698001127,7.300115416349362,81.0
vid_0031_orig,vid_0031,True,Perfect,72,left,101.43236508441987,136.1965228733684,-0.6363418738337584,18.493510792180302,0.018791075960364757,-1.1441644411873488,0.012473538341186755,-0.1304476507449306,37.80901814703927,17.11974115916363,0.4256252554356832,3.9400755737732838,0.036524882977837125,4.46759825877045,0.03678887371704763,0.7063504383686123,48.85313630433373,99.56212357823543,-1.3197364154780853,11.116465384769521,-0.08535355525234489,-15.700485953837017,-0.11218781722019022,-1.6783915672851748,168.08533041309803,165.2859594479172,-0.1256021410271123,24.09808687006412,0.09274628947638858,13.084800318093102,0.11628169805375344,2.0942611023050706,119.2321941087643,65.72383586968178,1.194134274450973,12.981621485294598,0.17809984472873347,28.78528627193012,0.22846951527394366,3.7726526695902454,72.0
vid_0032_aug_0,vid_0032,False,Perfect,59,left,134.41708738146187,87.34294984353772,-0.9441513323827322,18.879950341187083,-0.03249009571247321,0.472642776209761,-0.005796950394105227,0.05082353116822413,17.004891907124755,30.482953224942374,0.14625677281407923,2.8587272297117354,0.04727977572215524,8.05176229212372,0.06088213623917568,1.6105044316253254,79.87136715156366,53.3296268989502,-1.2653594887176476,12.529112375690504,-0.16717342148517836,-26.08980256393493,-0.14102354445453838,-3.6200208258707827,170.02066921968685,150.95236288485057,-0.4421837959837554,24.778133870197557,0.05622711908568116,16.800643775936337,0.26550255430058856,3.740672634487085,90.14930206812319,97.62273598590036,0.8231756927338922,12.249021494507053,0.2234005405708595,42.89044633987127,0.4065260987551269,7.360693460357868,59.0
vid_0032_aug_1,vid_0032,False,Perfect,76,left,130.1921658689354,89.57200356254344,-0.9373664153764889,18.998562771155406,-0.018026111899162,0.8883263283635614,-0.004111334581203523,-0.06678890104355358,19.859184223687492,32.653035596796585,0.16902813890779841,2.9841147257676806,0.04832157767519704,8.282148810054094,0.06961489412763508,1.3946791680258526,64.3928044337869,49.92083296184165,-1.264243024060278,13.468052648895194,-0.15206815582068162,-23.867881801692526,-0.15585118717660268,-5.63021636337912,166.90766714980023,145.21601326491208,-0.28797036989404234,25.47385473314351,0.07910001424848835,27.55032981966464,0.32859561698986217,3.1698617054907388,102.51486271601333,95.29518030307042,0.9762726541662357,12.005802084248318,0.23116817006916995,51.418211621357166,0.48444680416646485,8.800078068869858,76.0
vid_0032_aug_2,vid_0032,False,Perfect,60,left,112.11823648089545,109.38915933544422,-0.7073837460976627,18.78086537190511,-0.00401201212415946,0.5985335009351022,-0.004779245742598003,-0.005116784789830575,37.0973907068736,31.676928207788006,0.3936240746141239,2.777052411453399,0.060188082840945775,12.887997530963442,0.12851614397539043,1.9077726654383145,48.05809547827945,53.71586584222901,-1.2797306885385944,12.036373055576586,-0.16375022858662758,-39.32782950460205,-0.4464426989488279,-6.636700230852522,173.20558215127616,148.15403251980428,-0.009912084598502124,24.48906272808617,0.1066931918641219,41.45365292235927,0.4098128539093252,4.803523718648923,125.1474866729967,94.43816667757527,1.2698186039400923,12.452689672509585,0.2704434204507495,80.78148242696132,0.856255552858153,11.440223949501444,60.0
vid_0032_aug_3,vid_0032,False,Perfect,65,left,131.94453460753982,88.21057507331429,-0.9438908941776865,19.18239212497986,-0.027085927396910736,0.40841785527718993,-0.006180933313468739,0.015580785259220228,17.734497066986805,31.885763532786612,0.1501063380257728,2.9783279030583096,0.04520367584259573,9.231434110683812,0.061515939726371406,1.418518336894627,72.16365524932193,49.69702914376979,-1.3393710528643659,12.93150482104047,-0.1552419846909584,-28.526762605527885,-0.19440229378790658,-3.7141015126897834,171.1045710185308,144.63772076078507,-0.392237072708413,24.883612208904818,0.07137436837196591,21.03725914541038,0.24342408275757532,5.32088660232288,98.94091576920887,94.94069161701529,0.9471339801559528,11.952107387864348,0.22661635306292433,49.56402175093827,0.4378263765454819,9.034988115012663,65.0
vid_0032_aug_4,vid_0032,False,Perfect,61,left,132.5930324470957,86.29290970755207,-0.9537711867154015,19.142407016173724,-0.02855064098024592,0.3560781065045178,-0.004453558318341399,0.02086855427935686,18.40389982445955,29.853420703414205,0.13840189360919405,2.620601440839004,0.04520995432162981,8.225128960837747,0.059802793374293964,1.272102259823665,74.13130641646866,51.94819587637829,-1.2282231839636641,12.591113254775273,-0.15605406269878178,-21.106329916879837,-0.1717687152161067,-3.1484100254405476,170.19353518474858,140.915959925543,-0.40626158358157805,24.612297899567984,0.0778839561009134,18.937945158811416,0.2659129736551388,2.6297715786049185,96.06222876827992,88.96776404916471,0.8219616003820861,12.021184644792712,0.23393801879969517,40.04427507569125,0.4376816888712455,5.778181604045466,61.0
vid_0032_aug_5,vid_0032,False,Perfect,83,left,132.07444825944023,88.32316805918745,-0.9486467927171566,18.78557830363255,-0.025432380313547952,0.38574617461099325,-0.004572410695430101,0.050815181402461364,17.882444616412915,32.131116832843716,0.15463796956157522,2.618132899771517,0.05310255260919584,8.60002401653131,0.05482121867399443,1.3979206777993816,74.09141301415764,52.32924781836961,-1.2686089141449735,10.325747663085409,-0.1561916224032513,-27.51386088810169,-0.1527931857823466,-3.169411788537479,165.94275547638603,155.2733160565952,-0.41301157798423727,25.157268674940994,0.07835507966760004,17.331312836167,0.20625711931585206,3.6751357169229015,91.85134246222839,102.9440682382256,0.8555973361607362,14.831521011855585,0.23454670207085132,44.84517372426869,0.3590503050981987,6.844547505460381,83.0
vid_0032_aug_6,vid_0032,False,Perfect,57,left,133.06582928107517,86.5068205286479,-0.9466336097530131,19.008136643447298,-0.020657383565456648,0.33407723431695335,-0.006430047187010644,0.06905686404331213,18.749364372414696,29.913087830074062,0.15854199029235114,2.694732035290531,0.04222661880662528,8.090334730716503,0.06891735982999152,1.487404794794623,69.42966149116339,47.81780234437007,-1.3141456838818455,11.96526777214333,-0.1582206225808585,-31.30314896618644,-0.19064185997496574,-2.7823237593864754,164.32267013050281,143.6612735742545,-0.39362715457557396,24.284594693551643,0.055127932267725915,24.61574525352166,0.283725076948337,4.267841190091882,94.89300863933943,95.84347122988441,0.9205185293062715,12.319326921408313,0.21334855484858442,55.9188942197081,0.47436693692330273,7.050164949478357,57.0
vid_0032_aug_7,vid_0032,False,Perfect,84,left,133.0729676913949,86.54792772746767,-0.9502190620057853,18.847680673969837,-0.027214573832886422,0.23490795911094906,-0.004688825568252003,0.09703343482507124,17.8076551654607,30.646980302095276,0.15897494608602805,2.949234341378021,0.0514034435295667,8.578854454835204,0.0631413531691045,1.6729022315613618,65.09576810057224,46.2481272384983,-1.3663407161078234,13.342037954674467,-0.20536556380529297,-30.054650099624027,-0.20544162200740618,-3.4005192567366738,170.07591002355628,156.2993581685766,-0.35681633002898827,24.411215990827426,0.09954913879552235,27.685223281053105,0.25604823390574477,3.6735476751007523,104.98014192298403,110.05123093007829,1.009524386078835,11.069178036152959,0.3049147026008153,57.73987338067713,0.46148985591315095,7.074066931837426,84.0
vid_0032_aug_8,vid_0032,False,Perfect,66,left,107.98181363969745,110.91190582160701,-0.6696224788763397,19.473543733897998,0.004277732718923603,0.465809871846123,-0.0030020125739542605,0.14039271899018094,37.96138210662091,29.89472301615003,0.4281258873726103,2.788322635630196,0.06653682861635996,11.1010195906696,0.1208943411684638,1.6162658911781325,48.940416149359635,46.20877848208996,-1.2923922892572164,12.799623356364428,-0.18924865017721199,-42.31549290670031,-0.40679515201364047,-2.806598148598278,174.0994059097786,147.31671661859147,0.04498781342311586,24.867888147001935,0.14917460906754837,25.065360049212103,0.44795335497970784,4.217861114660142,125.15898976041896,101.1079381365015,1.3373801026803323,12.068264790637507,0.33842325924476035,67.38085295591242,0.8547485069933483,7.02445926325842,66.0
vid_0032_aug_9,vid_0032,False,Perfect,65,left,118.43873127917227,102.92909549985623,-0.7736496622297532,19.322269279181995,-0.008537467327391668,0.7860763820221519,-0.004109199464485594,0.08578441187775408,33.28383544260346,33.80784557262936,0.3671290522744882,3.0547112004945247,0.0602631615133099,14.7535301684773,0.15049178214082826,1.5609627318497636,50.21535534574989,49.62068386460228,-1.258047151610052,11.73600983041651,-0.15595108938229324,-42.988989789656145,-0.4642096906594638,-3.735529935362546,168.42483639619786,155.99983471506604,-0.04091977475474107,26.484944987970195,0.1156050090747702,42.220431194016015,0.46707742756564935,3.4004217893873445,118.20948105044798,106.37915085046376,1.217127376855311,14.748935157553685,0.2715560984570634,85.20942098367216,0.9312871182251132,7.135951724749891,65.0
vid_0032_orig,vid_0032,True,Perfect,72,left,109.28177642435035,112.35779333788795,-0.6720390418414155,18.916026320888996,0.0021001432726996862,0.5445534120671817,-0.004547705348151315,0.05185767560838923,36.39029522455068,30.93653593086984,0.4095953518413905,2.1963597153305767,0.058154339603346296,9.366127588504916,0.09934261372156954,0.7594320497024067,55.97309853394129,55.15807249962432,-1.2440624829064912,14.721022971547356,-0.1579418733664663,-37.954226146176524,-0.3669443776256992,-2.154169236983222,165.32854303714893,141.85382815064054,-0.07963049895710683,23.97700411244725,0.09163083730594807,28.89198017963487,0.4296130634226929,2.7409920620523067,109.35544450320765,86.69575565101621,1.1644319839493844,9.255981140899895,0.24957271067241438,66.8462063258114,0.7965574410483921,4.895161299035529,72.0
vid_0033_aug_0,vid_0033,False,Perfect,58,right,108.08732461795822,84.56369394744178,-0.7184919787220484,10.974982370591862,-0.12435764904395746,1.123091212620255,-0.015214998023876443,0.11970103661585449,33.42140493440497,30.970576365808,0.28226869762661577,6.551688418535405,0.06310426998999334,16.144003955608028,0.12230362938111708,1.9896118894932573,44.97007736112328,49.17969081862586,-1.1259323289052947,1.9744832237879018,-0.25057703075645055,-49.122191672458456,-0.317190601918197,-4.517738015183758,158.6619350198211,158.80329030555916,-0.251311401702501,24.165736931594587,0.012009514665784288,39.61160391322302,0.35303909541383305,6.765755824813185,113.69185765869781,109.6235994869333,0.8746209272027937,22.191253707806684,0.2625865454222348,88.73379558568148,0.6702296973320301,11.283493839996943,58.0
vid_0033_aug_1,vid_0033,False,Perfect,70,left,107.4331435012454,82.89503508212357,-0.7235551678181646,10.853412968651222,-0.11436587714822673,1.4748532564012349,-0.013999294112503302,0.0955914600470052,33.11628264703537,31.559198790323016,0.2905923198613984,7.245399798305862,0.07385084538761132,15.644411653458986,0.11639779978475782,2.0297497886805473,36.71979420199011,46.73101560104631,-1.1858273720815782,1.2201376416601224,-0.2724137763645298,-38.227279633707994,-0.2953751137124452,-4.24433348641082,159.52640873140956,151.91878206827056,-0.21002978162265962,26.6245754110487,0.0400475972109527,41.45537734778562,0.2730724562503582,6.638810211351795,122.80661452941945,105.18776646722425,0.9757975904589186,25.404437769388576,0.3124613735754825,79.68265698149361,0.5684475699628033,10.883143697762616,70.0
vid_0033_aug_2,vid_0033,False,Perfect,62,left,108.1957492985627,83.09143655732721,-0.7092585533128116,10.997787383274554,-0.11884478414006641,1.5501378284682616,-0.01426437946398454,0.09832903808296696,32.48654565476199,31.153050383158217,0.28435456434251244,7.377628001634411,0.06937126735254322,15.181021842607187,0.11907265182917336,1.9888857988073043,46.317355957046146,45.89396493271291,-1.2103831782121346,0.221271903309503,-0.26115465050966485,-42.98639758728426,-0.32448481776497645,-4.32293024498528,161.1591447917753,151.38362223267634,-0.20660790777988813,28.188508368360445,0.051673568569285344,38.984472620781304,0.3562794059080388,7.972569828762803,114.84178883472916,105.48965729996343,1.0037752704322465,27.96723646505094,0.3128282190789502,81.97087020806556,0.6807642236730153,12.295500073748084,62.0
vid_0033_aug_3,vid_0033,False,Perfect,66,left,109.4259151134807,84.92581049419513,-0.7170600940522687,11.330289997399666,-0.12491747819850302,1.4469590465224358,-0.014068985707656703,0.04969074142687666,34.80689728044107,31.376998436410965,0.29122781142008464,7.220246433219982,0.07133106537929086,16.056213957052893,0.11278257828968317,2.0375037832814815,39.50554876066441,50.05751474556117,-1.2055124115120028,0.691566968182406,-0.2319315280360787,-35.83205442351231,-0.3234094560575689,-4.232484083937559,153.53982889348342,164.57414253481622,-0.20067980125258633,29.956130046082297,0.11345182003352915,46.32986559246529,0.29694537194459014,7.0366679282005435,114.034280132819,114.51662778925504,1.0048326102594165,29.26456307789989,0.34538334806960785,82.1619200159776,0.620354828002159,11.269152012138102,66.0
vid_0033_aug_4,vid_0033,False,Perfect,75,left,107.92529108989638,82.04041702249593,-0.7183958181233897,11.154661970102246,-0.11635464823269376,1.2023881904690326,-0.01285813054753722,0.14524148651384033,33.408107829465834,31.55788486237318,0.2921340691477408,7.463696863767749,0.06370056723628309,15.999373748855913,0.1110384129783151,1.8862716558026398,46.227978046719755,44.89063539343047,-1.1916262328069327,1.5663858950457052,-0.22318436553952786,-42.56604876776715,-0.3191451624144884,-3.5567147368620713,159.90524090047634,152.85966168429357,-0.23482649472441397,28.29673830436526,0.03522212912404993,41.650036889279875,0.3361397186322974,8.372929178937504,113.67726285375659,107.9690262908631,0.9567997380825187,26.730352409319554,0.2584064946635778,84.21608565704702,0.6552848810467858,11.929643915799575,75.0
vid_0033_aug_5,vid_0033,False,Perfect,67,left,105.77407257256952,83.12340912940277,-0.707430501393077,10.925245877489735,-0.10919693359619566,1.6776904086738564,-0.013208517916630169,0.05751565266101972,32.855153939871315,31.4694593802785,0.292509821287062,7.499240461062012,0.0647906225909028,13.6291879874181,0.10967784876936154,2.0369472855242567,41.793071210100976,48.761118050097714,-1.1867932413750562,0.972777423023934,-0.27641538314405595,-41.36839853086253,-0.27024417618012264,-5.026439524515335,160.8481958008829,160.64480440422832,-0.2353938459373145,30.386338314316756,0.04123006941596449,30.659356212790712,0.35753549383168926,7.1700642778331245,119.05512459078193,111.88368635413062,0.9513993954377417,29.41356089129282,0.3176454525600204,72.02775474365325,0.6277796700118119,12.19650380234846,67.0
vid_0033_aug_6,vid_0033,False,Perfect,83,left,108.08928816112326,83.5623195639685,-0.7157553326764955,11.337715998351252,-0.11974795561432872,1.0445034303093936,-0.009953860225231976,0.06421117775824964,34.28914867002112,32.512538267117115,0.29160044399392043,7.120149821394722,0.06992354538912221,15.998006409320068,0.11376417939209142,1.8685516656103567,49.96006610175687,51.653950352519786,-1.206087133454769,1.3832659880547917,-0.2893836318260693,-54.778471795539716,-0.384812534481855,-3.9674181425654798,168.65179998382754,161.86749754176813,-0.23281683445679557,28.778099534924745,0.043238377790331343,46.72344505817877,0.30845568015754865,6.857927988340399,118.69173388207068,110.21354718924835,0.9732702989979733,27.394833546869954,0.33262200961640065,101.50191685371848,0.6932682146394036,10.825346130905878,83.0
vid_0033_aug_7,vid_0033,False,Perfect,80,left,107.58964678928348,84.83003298882512,-0.7137864183125446,11.045891986248717,-0.11772617864515858,1.3888316016652635,-0.012715866951084925,0.0874088800777106,35.88498095637749,31.60666397585019,0.3006574675270844,7.377037802530985,0.06943809459652947,16.107960881735448,0.11444051255860932,1.8879731537692352,35.970997410944804,48.6049789651158,-1.1926659098444352,1.2518610756075677,-0.2609481288361498,-42.92053426206061,-0.3208803278512068,-5.207653681390628,169.31169742282947,157.83114878832598,-0.17068194619484534,29.33238780850906,0.03403982794184929,44.667721635882444,0.28573993463004355,6.861184120197367,133.34070001188468,109.22616982321017,1.02198396364959,28.080526732901493,0.2949879567779991,87.58825589794306,0.6066202624812503,12.068837801587996,80.0
vid_0033_aug_8,vid_0033,False,Perfect,78,right,107.22898856524462,82.67048206357767,-0.7143106556266107,11.13765069405241,-0.12443101828134835,1.0406271291786424,-0.011222082708106275,0.053764162384209314,33.769250164783394,31.864280026781483,0.2942118741479581,7.072532078337496,0.07091884758349251,14.667489538649306,0.10833650153490992,1.780426597260607,38.96171674201966,47.93708238562107,-1.1645988515313288,2.0684385053453744,-0.27675329181579805,-37.01941596347008,-0.2847991514770738,-4.77310468348468,171.34733030303454,160.17171562566352,-0.2020051254511197,26.654561913250827,0.027065178798640635,40.03439821161545,0.31983460603618785,4.658622664934169,132.38561356101488,112.23463324004246,0.9625937260802091,24.586123407905454,0.3038184706144387,77.05381417508553,0.6046337575132616,9.43172734841885,78.0
vid_0033_aug_9,vid_0033,False,Perfect,82,right,108.82700755387671,84.23245962201291,-0.7182386729599357,11.030984095629666,-0.1201826612165111,0.5882385997406503,-0.00899784739309291,0.06784831245876688,33.85194871943481,31.611678875238237,0.28465027466448967,7.212491879180128,0.07081676198614172,15.914451773706581,0.10309491187336053,1.806534742018321,39.67871963976182,46.339000508285885,-1.1335095289326722,0.8013878461291515,-0.30755581886036976,-49.41563249286263,-0.26145603207691365,-3.662169069032986,159.14191006688506,166.58174310241202,-0.1772759414631896,27.37554375667485,0.05578563260003061,49.94025903208937,0.3295696658328741,4.810743989410401,119.46319042712324,120.24274259412613,0.9562335874694826,26.5741559105457,0.36334145146040037,99.355891524952,0.5910256979097878,8.472913058443387,82.0
vid_0033_orig,vid_0033,True,Perfect,72,left,108.58276420782151,83.77939170412147,-0.7188855204011237,10.63832957068537,-0.11851865137927436,1.3343229998600954,-0.012790543531680793,0.08652690625267155,33.903685929777,31.430771546043108,0.30031223722368755,7.148707642141466,0.060090187990523854,15.837202874923678,0.1214620706145865,1.614625282344111,50.459126813144934,54.91472991025491,-1.176975879268836,2.653926416204708,-0.24052439953595273,-44.73237755348457,-0.32845142908585223,-4.352588498855406,159.17298236958294,153.83377848101475,-0.2383942092275234,26.65369754821274,-0.00670372634461233,40.39572310429232,0.3487956736021245,7.314036856930162,108.713855556438,98.91904857075983,0.9385816700413127,23.999771132008032,0.2338206731913404,85.12810065777688,0.6772471026879767,11.666625355785568,72.0
vid_0034_aug_0,vid_0034,False,Perfect,57,right,88.47296568022828,83.48744736811301,-0.5399128643125846,10.52269375292238,-0.13009940771695228,0.7935913894745983,-0.010241657754874895,0.10650755660691323,31.945037740788898,24.152089536798204,0.2731649579924124,5.553247112204112,0.06194122373585588,13.233275817154116,0.09704460382807326,2.09240373897386,45.80879580440456,55.88670359389988,-1.12980329505569,1.5333967325177402,-0.28831148019885466,-39.238325875473976,-0.23386489887859446,-6.244731594812257,145.92645834013533,154.45502025860813,-0.19882965123397522,22.806794259095426,0.03130002168344826,39.356297812358804,0.37178826973004936,5.590788244695488,100.11766253573077,98.56831666470825,0.9309736438217148,21.273397526577686,0.3196115018823029,78.59462368783278,0.6056531686086438,11.835519839507745,57.0
vid_0034_aug_1,vid_0034,False,Perfect,78,right,83.74866027650317,81.85482395752008,-0.5285186359768945,10.650846619049052,-0.13157488767469816,1.0631041899519478,-0.008416537282226851,0.03742635495506418,32.40032726363207,24.122863399639918,0.27625799953449615,5.293616551458232,0.06824398097052445,10.887904641343145,0.07926138676829907,2.0092566439369954,34.336608835879005,51.503987632003415,-1.1712023083482037,1.266976313492995,-0.30002843013525976,-34.04077171366799,-0.22235556138395413,-6.275916399941447,143.69553236704718,151.7382650232797,-0.14686226611046937,23.48069761677882,0.016284634908538254,29.648525900393622,0.2278949576767157,5.284938015332548,109.35892353116817,100.23427739127628,1.0243400422377342,22.213721303285823,0.316313065043798,63.689297614061616,0.4502505190606698,11.560854415273994,78.0
vid_0034_aug_2,vid_0034,False,Perfect,85,right,87.66244645946793,81.75866551822139,-0.528520536406118,10.227591471847001,-0.13565347891097523,0.7613801515679808,-0.008069385084485613,0.0038236088446193654,31.2507771875458,23.76453566739095,0.27872975850185977,5.560385601520361,0.07499172762783773,12.785484647522972,0.0905465614763004,2.152008208803727,42.320558005306324,55.049658543117744,-1.093981999447979,1.7185512196363446,-0.30596218942089376,-47.0853483530141,-0.3210131029220657,-5.907872099157361,151.1207441239451,159.01151648691183,-0.1731068148834155,21.28067859796965,0.07023790361861246,36.83831481485866,0.2667628769276225,6.86293962844753,108.80018611863876,103.96185794379409,0.9208751845645634,19.562127378333305,0.3762000930395062,83.92366316787276,0.5877759798496882,12.77081172760489,85.0
vid_0034_aug_3,vid_0034,False,Perfect,60,right,87.05349382057453,81.11926975345915,-0.5301667845174414,10.7952050296415,-0.1362349942159044,1.1757485571870108,-0.009694946586673591,0.06937059888302316,32.547889675664884,21.75469707159976,0.2820165995239919,5.41495039112836,0.06148879665785595,11.11459667954366,0.09358017956694496,2.142540907235024,35.29864932437231,56.54630091561786,-1.0813040449227824,2.157059136951585,-0.2473521411996072,-42.212941101661386,-0.20173308762435888,-5.886104772888136,155.8454732437987,142.00745116868976,-0.032275710389857326,21.87346482145474,0.041390370664457575,22.64712620046562,0.39133036181707614,6.898031987958681,120.54682391942637,85.46115025307189,1.0490283345329252,19.716405684503155,0.28874251186406474,64.860067302127,0.5930634494414351,12.784136760846817,60.0
vid_0034_aug_4,vid_0034,False,Perfect,67,right,86.48331452138491,81.70984489888139,-0.539195568991731,10.473413642507857,-0.13585286068298072,0.549344049283854,-0.00923311052326863,0.16321226226494154,29.86772992289837,23.23294737290157,0.2764225007042599,5.305696322917837,0.07850549529308049,12.010614669719741,0.09323735859511506,1.8438861598027834,43.09965223994268,51.864820008493076,-1.1478527812146948,2.9060742568328832,-0.28643865584015604,-50.13759559804675,-0.2172412768327499,-4.459844484522337,155.74445592139148,151.85184315557441,-0.1421913712753935,21.733727491135095,0.04311794737583906,24.314751644042502,0.381456229628845,5.150368758165362,112.64480368144879,99.98702314708135,1.0056614099393013,18.82765323430221,0.3295566032159951,74.45234724208925,0.5986975064615949,9.6102132426877,67.0
vid_0034_aug_5,vid_0034,False,Perfect,60,right,86.8937266645874,80.70024407668593,-0.5294584320197822,9.845676509020382,-0.13694332851203436,1.0767498448660702,-0.008468086733992578,0.09009821216256234,32.341281683055854,22.335486910652556,0.2770544978952528,4.9535876075561465,0.06829662301128717,11.868511456126509,0.08795929349878857,1.7585842470532445,37.362253044635146,51.68631226034527,-1.120700278160572,1.020554954637512,-0.31409596366111925,-45.930932763256656,-0.2002474126222209,-5.866596497463146,147.76168949052786,138.47932142339164,-0.15941984273530563,22.088108484501166,0.008340779558218797,28.76520556876688,0.3862419270284861,4.966037001977604,110.39943644589272,86.79300916304638,0.9612804354252663,21.067553529863655,0.322436743219338,74.69613833202354,0.5864893396507069,10.83263349944075,60.0
vid_0034_aug_6,vid_0034,False,Perfect,83,right,86.12395863185678,81.85083995523762,-0.5339301160614239,10.141191494442062,-0.12476817275582065,0.688016115718159,-0.00634282962377517,-0.0070807743887026505,30.326284812475826,23.657241895601402,0.2831650618863163,5.427378594493901,0.07075729263280042,11.149138936661032,0.08169665991605027,2.0460249152817447,42.152242167006584,54.53018412667543,-1.1638216713777465,1.7296142315027112,-0.256970059218654,-43.11599835989523,-0.26576603198189447,-6.811063912267235,150.45710269094974,158.59369758199304,-0.1848806348807719,22.14739565242567,0.040894116080839885,26.873513683369012,0.23564699238853754,5.231040587132845,108.30486052394315,104.0635134553176,0.9789410364969746,20.417781420922957,0.2978641752994939,69.98951204326424,0.501413024370432,12.042104499400079,83.0
vid_0034_aug_7,vid_0034,False,Perfect,67,right,87.05164865063686,81.81729209661952,-0.5442853354909742,10.309666348710977,-0.1346629199268395,0.4800246227746069,-0.008734006954057311,0.10004004980863758,32.76463444017929,23.707467783138238,0.27412131025728026,5.400568365114835,0.06704382381350776,12.947456382616958,0.08288065050814782,2.0330234149237145,38.28632526070473,49.75936329488531,-1.1322505209949618,0.8565929552679079,-0.2748751356335829,-58.66548005581461,-0.17524040055058437,-4.024118757561401,157.67988556604183,150.17211441547906,-0.1643311395290028,21.201516410822038,0.0313752929104814,26.620495254073525,0.36190740383681247,5.987947840341986,119.3935603053371,100.41275112059375,0.967919381465959,20.34492345555413,0.3062504285440643,85.28597530988813,0.5371478043873968,10.012066597903388,67.0
vid_0034_aug_8,vid_0034,False,Perfect,79,right,86.19199452408763,80.77487768388559,-0.53560029813278,11.047358556110046,-0.12974775259968566,0.6754990198403021,-0.008720211065822521,0.018141404152507024,30.055377288432293,22.797574764658936,0.2833561046916434,5.531987119800399,0.07166176329749445,11.37536244947168,0.09067409450489854,1.927825197880402,44.143467996319565,53.897718209770275,-1.157354023112205,2.659368427118572,-0.26650223839277665,-46.63746419700954,-0.34321613194819645,-6.271884898445501,147.5499028558816,147.29847140006115,-0.11217346049989985,23.386586899995322,0.032120564362627876,39.9161680703818,0.35187721346832046,4.157841314555441,103.40643485956204,93.40075319029087,1.0451805626123052,20.72721847287675,0.29862280275540454,86.55363226739135,0.6950933454165169,10.429726213000942,79.0
vid_0034_aug_9,vid_0034,False,Perfect,63,right,84.43948483077135,80.9826305607212,-0.5248857653818816,10.26978925811579,-0.1347456221058038,1.0388700494181609,-0.007773150921064166,0.07563023325863702,30.901660516712194,23.128020906204053,0.2696945706201946,5.127564784036442,0.0647833808959006,10.953941608213547,0.0793338284653573,2.0747357190118683,41.869758684809305,52.96869233512987,-1.075153139832049,3.65098031167134,-0.28774802346005357,-43.268136291002065,-0.22149539072307872,-4.2455335015097235,145.42714035941938,141.59305325023354,-0.14207097687778913,21.597466288187118,-0.0075460990158017615,32.53130900654837,0.2784078324359683,5.337957315979907,103.55738167461007,88.62436091510367,0.9330821629542599,17.946485976515778,0.2802019244442518,75.79944529755043,0.499903223159047,9.583490817489631,63.0
vid_0034_orig,vid_0034,True,Perfect,72,right,87.14091304531176,81.63510517596642,-0.5308727731331755,10.311743372283082,-0.1319924861380592,0.9011830865257774,-0.00905843771223388,0.06445351704389284,32.472246665507285,22.8687139353809,0.2894337081004905,5.296446092477506,0.059474779328811476,12.148762841241641,0.09558333143782892,1.8502921120352689,47.32964127586434,59.312210577347386,-1.0760583945322115,3.417092216239813,-0.2378529529008249,-49.105059828439636,-0.3244520239674126,-5.932689211712408,147.71411414813866,148.64663934883737,-0.19200577054528167,21.632344180183267,0.0022899854337615046,41.64427637421639,0.385782085296747,5.250219111278755,100.38447287227433,89.33442877148998,0.8840526239869299,18.215251963943455,0.2401429383345864,90.74933620265602,0.7102341092641595,11.182908322991164,72.0
vid_0035_aug_0,vid_0035,False,Perfect,80,left,116.9974634912323,87.76315000735954,-0.8018668983831478,11.278294911213084,-0.12041205663818177,1.1466738034318629,-0.009679387382327856,-0.007516035008288879,32.94248678943746,30.95724408242881,0.276309457612996,6.553913651314017,0.05924504646763922,10.196928631631382,0.09265373110094587,1.7769280988230658,46.81997174880883,45.24820392754235,-1.2565998451899587,1.488769666907106,-0.26933832310635,-27.57727840351547,-0.20777392912438897,-4.357713825416875,163.05314312425818,165.08922320328892,-0.270164612058408,24.960559309334098,0.018005186037201446,26.257178381344694,0.33781660404531083,4.371556762325958,116.23317137544936,119.84101927574658,0.9864352331315507,23.47178964242699,0.28734350914355145,53.834456784860166,0.5455905331696997,8.729270587742832,80.0
vid_0035_aug_1,vid_0035,False,Perfect,71,left,113.85172074847704,88.44892460504946,-0.7938148718351385,11.542762078728918,-0.11480957565818901,0.7978026786106086,-0.011555319059259293,-0.019966214515253648,30.928910393424477,29.65458647322517,0.2744550366048548,6.697081969776447,0.05854102316405216,11.350630703935948,0.10020866694920512,2.072598838739127,52.62884285461964,56.18201841074577,-1.3511742614806894,1.9096781526683115,-0.24800894734840664,-35.57245944441612,-0.24816582963254197,-5.607506075669328,156.51506577687078,164.07436589693717,-0.211919681895394,23.702071828143144,0.015644172314245516,27.503710081018724,0.3141490779129312,4.920969371036438,103.88622292225114,107.8923474861914,1.1392545795852955,21.79239367547483,0.26365311966265215,63.07616952543484,0.5623149075454732,10.528475446705766,71.0
vid_0035_aug_2,vid_0035,False,Perfect,63,left,115.84053850347632,88.98587735439457,-0.8002685365392725,11.070513462652672,-0.11636124157012093,1.6996145642379341,-0.013243801380164417,0.028875659346133932,30.968545955594944,30.231972055535483,0.2871374125807934,6.6868024010724225,0.06034783677783254,12.133072112808259,0.09665135333393324,1.9214311474516206,53.388379647019555,51.39587353781298,-1.2462143091217248,1.416545815829065,-0.3039864147846619,-39.31617945601994,-0.19807292579818725,-6.830820573346745,162.20458597036816,158.43734216145194,-0.26905928086931163,26.840791670364553,0.04034779394406052,31.250832180853067,0.28016655572430815,4.494528149878644,108.81620632334861,107.04146862363896,0.9771550282524132,25.42424585453549,0.3443342087287224,70.567011636873,0.4782394815224954,11.325348723225389,63.0
vid_0035_aug_3,vid_0035,False,Perfect,60,left,115.45579515524581,88.81534774993438,-0.7957385149038061,11.440970510678113,-0.12285135980886719,1.3809428525240315,-0.012232182885308002,-0.06061145189106113,30.018722920582043,30.868996556793473,0.26028558487705805,6.712575589853076,0.07664551327601661,11.82803691847946,0.08185034330905483,1.6595035531277473,55.28754008998261,50.830017884439435,-1.2864202041775723,1.504676339039615,-0.31851272149950094,-31.636799366390896,-0.1730307385559302,-4.7622980187859545,164.99460329760612,166.62273495304268,-0.28267553066805085,27.528791072338397,0.03607402616146399,28.327578071103996,0.23156685665793225,3.6411566605353864,109.7070632076235,115.79271706860325,1.0037446735095215,26.02411473329878,0.35458674766096493,59.96437743749489,0.40459759521386246,8.40345467932134,60.0
vid_0035_aug_4,vid_0035,False,Perfect,81,left,115.50517547599961,88.46717021977724,-0.8054628407592324,10.717172753404444,-0.11317447481396159,1.0029811043907941,-0.00829172116822835,-0.04937571907913484,29.799766308287076,30.722192255516852,0.2748688603434375,6.721767835865713,0.058016570280589014,11.594745876235441,0.08354881213975034,1.930279331721234,54.13031553314348,52.816327397756424,-1.3402412750056074,1.2730648848391972,-0.21901134138577444,-39.82403471391883,-0.20148132077494196,-3.968620196034209,169.49730285394355,169.07189648633843,-0.2828668825319768,27.336212796810614,0.020789593051818427,34.342548493392904,0.2546346847645237,4.834614096808323,115.36698732080006,116.255569088582,1.0573743924736307,26.063147911971416,0.23980093443759287,74.16658320731173,0.4561160055394657,8.803234292842532,81.0
vid_0035_aug_5,vid_0035,False,Perfect,71,left,114.80755056504951,87.17903985535969,-0.8070928991858372,11.192962433180423,-0.11493785182577129,0.9933787914706893,-0.011149908898968766,-0.029764015160349194,27.70258545196994,29.308338600862957,0.2714254585950332,7.114281225443984,0.07117828868958065,10.119767661113878,0.08697962180449435,2.0555071045126687,59.746028485960096,53.81362087251542,-1.2486813829272632,1.699995195752542,-0.3085871524731791,-33.66005967701203,-0.2099994583984358,-5.971127859743785,157.73193748013372,163.11579020246865,-0.3013409073347637,22.613687705044452,0.053896720353288664,28.590551372696062,0.3188684566577502,5.807374792176578,97.98590899417363,109.30216932995322,0.9473404755924995,20.91369250929191,0.36248387282646777,62.25061104970809,0.528867915056186,11.778502651920363,71.0
vid_0035_aug_6,vid_0035,False,Perfect,83,left,116.16916387939787,88.1676823562633,-0.7980596771745556,11.037641011286487,-0.11115514327595245,0.8456310244358902,-0.008976584407112269,-0.027519118073507414,30.022243865674827,30.45012445537968,0.27527052196324897,6.774837310236056,0.05827485845990644,10.838691713224625,0.08804037979052311,1.825268015146921,54.7487889118233,55.123913241966186,-1.2893978341556673,0.8853908465854619,-0.25416808478206465,-25.967087297528238,-0.22341171946054228,-5.362168701750363,167.63470548409137,166.65132353453095,-0.2362810205569238,24.397209469437346,0.0026697549794918625,29.15502647935874,0.2275382929469909,3.93055103424662,112.88591657226807,111.52741029256475,1.0531168135987437,23.511818622851884,0.2568378397615565,55.12211377688698,0.4509500124075332,9.292719735996982,83.0
vid_0035_aug_7,vid_0035,False,Perfect,80,left,115.29295717676567,88.53649268551092,-0.7966981494815608,11.193017537019006,-0.11739326219137818,0.8544243438466385,-0.007644005888561095,-0.0034782309839571203,31.692799607280044,30.342610500194418,0.2830618995214531,6.463418323504369,0.07034632131716799,12.04391242791505,0.09049043543365438,1.7319061648884002,53.85657218845724,52.05212179781063,-1.3190297124129864,1.5018540518585726,-0.3001196605524885,-32.3617240917775,-0.22936517568987908,-4.5907722662267405,160.8159074475743,159.54600078204862,-0.24737392851244433,25.773903611485373,0.04072321201072434,32.78045038084675,0.2798661360853916,5.489637555015521,106.95933525911704,107.493878984238,1.071655783900542,24.2720495596268,0.34084287256321283,65.14217447262425,0.5092313117752707,10.080409821242261,80.0
vid_0035_aug_8,vid_0035,False,Perfect,78,left,116.46308130596587,87.57072168700715,-0.7976362417145875,11.329919856079982,-0.1130781584757514,1.0800914627543725,-0.008879261946098985,0.04488245014614485,29.24610559501373,28.915566687570177,0.2735679884740024,6.5031995442653985,0.06053766290990147,11.396990669678981,0.08787752715111102,1.850387852916901,54.97046651004561,49.205746884807105,-1.3095951803306936,0.7816815552354216,-0.234246378386608,-38.447905112477756,-0.2167025173126561,-5.380353640439578,166.32840502022609,153.95226848733233,-0.25526654854845476,24.177834754585895,0.031471199259420095,27.19317726100291,0.32253550887207083,4.754598970065789,111.35793851018047,104.74652160252523,1.054328631782239,23.396153199350472,0.2657175776460281,65.64108237348066,0.5392380261847269,10.134952610505367,78.0
vid_0035_aug_9,vid_0035,False,Perfect,71,left,116.04912858216397,88.92843648565429,-0.814512402265286,11.286373515658093,-0.11945986821257505,1.372984021920129,-0.013191467332996247,-0.06779145885095879,30.124744259683922,29.700074683004583,0.28732104320437707,6.677568690930081,0.06549890764491473,11.599989671687451,0.09586287689368264,1.9578723038394907,48.47919683920664,57.38376902771669,-1.3680657059579244,1.196159289435487,-0.31994668432830775,-37.12967270597804,-0.2252364408908894,-5.080999934008235,166.46485246728682,160.95337403800247,-0.24095625239617147,27.41036270877375,0.055042776040590324,29.8427858440581,0.29047314159381715,4.79980910774824,117.98565562808018,103.56960501028578,1.127109453561753,26.21420341933826,0.3749894603688981,66.97245855003614,0.5157095824847066,9.880809041756475,71.0
vid_0035_orig,vid_0035,True,Perfect,72,left,116.30014172792228,88.61675776156197,-0.7996464459121391,10.98933407968142,-0.11576572009686502,1.0582930454575008,-0.010214325043117955,-0.003207207632398654,30.242625838840315,30.0010823327791,0.27868636602075786,6.615128315780933,0.05379452626727754,11.976798677965562,0.10531284789741761,1.6627658489157273,57.377411057842544,60.831316322407375,-1.240657704486119,2.1400077071285057,-0.2463347080066304,-39.25236219106814,-0.26658001365743383,-5.797501326754118,159.66434072354244,157.43939463023204,-0.28817189222871,27.322078530199384,-0.007945669191910948,31.389287414907006,0.32825939404714527,3.7494070305381673,102.28692966569989,96.60807830782467,0.9524858122574089,25.18207082307088,0.23838903881471946,70.64164960597515,0.5948394077045791,9.546908357292285,72.0
vid_0036_aug_0,vid_0036,False,Perfect,63,left,84.46043052639527,137.17256916686878,-0.4380267121723596,15.371028043816064,-0.02791456788133682,-1.1666061852987577,0.013813135666841125,-0.07636678949824549,26.62926673416043,13.726587931269696,0.3492006217249113,3.0591638802984864,0.04682657974809015,5.696191646189486,0.03929972983187743,1.8955224990069923,48.60525161991449,106.80538874242801,-1.1401496923957544,8.93420039466146,-0.13986421086086284,-19.039635790175325,-0.08378613789842781,-5.066571283026348,145.50684899865453,166.39845809703252,-0.06673614702320407,23.646818491758378,0.0987756310988628,14.857215120701177,0.10221249885751219,4.584746024391034,96.90159737874004,59.59306935460451,1.0734135453725502,14.712618097096918,0.23863984195972565,33.8968509108765,0.18599863675594,9.651317307417383,63.0
vid_0036_aug_1,vid_0036,False,Perfect,82,left,84.79421039370871,134.43212883355062,-0.4303773948815348,15.362871786411242,-0.030598277502021137,-0.88645683890835,0.011585688607270102,0.08054599910023222,26.297112950832325,14.157051831211238,0.35541134095521404,3.068717132304023,0.04365001931458428,5.17294293871629,0.03707195108594751,1.7694533528951808,51.14712132337693,79.8122092285127,-1.1090492263216343,10.198077287137737,-0.15188908535676438,-12.928662933098877,-0.07339016622763356,-4.022173362001374,148.12788590523255,168.60332268049373,-0.06040730754548018,23.910094612495193,0.10166495244249951,10.354048915707288,0.09590645168801082,6.76100312373398,96.98076458185562,88.79111345198103,1.0486419187761542,13.712017325357456,0.2535540377992639,23.282711848806166,0.16929661791564438,10.783176485735353,82.0
vid_0036_aug_2,vid_0036,False,Perfect,76,left,83.56705231263452,133.807809606705,-0.43921163197180135,15.3109974381139,-0.026976130292098957,-0.590801757615468,0.010850623565769291,-0.09769057021455513,25.849007371967883,14.537214589970347,0.3550821203509287,3.1362733135376946,0.05410315168704493,4.818708064777822,0.04085853924146013,1.606152453137864,48.01961300134192,73.302820456721,-1.1649098999708196,7.648058578878969,-0.1545888498561951,-15.394849550926594,-0.06633856520745157,-4.644086195402206,140.90026315859933,160.05412451551155,-0.023674946727799018,23.325354816630345,0.09504306646493615,17.042373744668808,0.10338115010055818,3.182337047491135,92.8806501572574,86.75130405879055,1.1412349532430206,15.677296237751376,0.24963191632113124,32.4372232955954,0.16971971530800975,7.826423242893341,76.0
vid_0036_aug_3,vid_0036,False,Perfect,74,left,84.1595951628448,136.81128914793982,-0.4333443305885483,15.286476972597875,-0.02846145516527407,-1.0179082504057406,0.012336909225667526,0.033029076599370044,26.75006525246384,14.325801611199553,0.3518044039219744,3.0496293797312912,0.05064601993193868,4.19125868569198,0.04040007059074676,1.7268905819311233,48.88646099693609,82.34570575709704,-1.118993543805531,9.356404497522723,-0.14935862360025987,-8.53466368079178,-0.07592983324649194,-4.720406353551436,142.39586984649617,167.47971860888666,-0.029472332055451855,22.374819810138185,0.08430635732042949,7.643552649939547,0.1328910366341151,4.133891163594313,93.50940884956009,85.13401285178962,1.0895212117500792,13.018415312615462,0.23366498092068935,16.178216330731328,0.20882086988060705,8.85429751714575,74.0
vid_0036_aug_4,vid_0036,False,Perfect,67,left,85.62330250779148,136.38493726001835,-0.4318962072061962,15.219594778145455,-0.027140144103082593,-0.955732067581378,0.013039709742127417,-0.12057270241191739,27.445895279407996,12.676390567243137,0.3496372167895135,2.936325042268813,0.03851124287018002,4.3273501587719725,0.04326910702475974,1.621776613781707,54.53629412438261,90.10677140756925,-1.1504847857901033,10.37691330005067,-0.12961967557418858,-12.304798018011304,-0.10976947904169843,-4.021105729118157,140.88678818951084,173.36587686280632,-0.06954545165515136,22.697229342917655,0.03980859952237964,9.070894405913947,0.10984147927733356,3.2115332854632586,86.35049406512823,83.25910545523706,1.080939334134952,12.320316042866985,0.16942827509656821,21.37569242392525,0.219610958319032,7.232639014581416,67.0
vid_0036_aug_5,vid_0036,False,Perfect,77,left,83.98544160879997,136.4309622891474,-0.44359990321878046,15.649679454449322,-0.029628482573389844,-0.9386458517565617,0.01225859419841216,-0.07864810029111186,26.39771219271794,12.812743374291303,0.35388716247828395,2.910078571753249,0.04791913945842887,4.477805775579369,0.03342724548107168,1.4813334294509533,46.3551150764698,102.43081343601997,-1.1132999048806973,9.774154667963689,-0.13104906225040386,-11.149691427945335,-0.05104917667418429,-3.068067518824928,136.21393972107987,168.71795309029906,-0.06190213904759867,22.203092445684838,0.06105912552601002,10.968808713282645,0.09129363584314354,2.8459767432214296,89.85882464461007,66.28713965427909,1.0513977658330986,12.42893777772115,0.19210818777641386,22.11850014122798,0.14234281251732783,5.914044262046358,77.0
vid_0036_aug_6,vid_0036,False,Perfect,58,left,86.27189523630115,137.05273134084368,-0.4326640035543397,15.700184182157233,-0.030233945177628424,-1.087446371647049,0.014498622944008142,-0.05988245176132249,28.19630650773224,13.197291921291457,0.35254848998831856,2.7127640746470782,0.0370141210266455,4.75960333535311,0.04581107700234695,1.6995873848060092,48.57562911258347,106.79487565286848,-1.113970239430419,10.153867167349247,-0.12190354794275395,-14.029273111666924,-0.07156967042966988,-4.204682037403543,144.30544706595555,175.1332839940423,-0.06291591247587636,21.204169488799376,0.045857663433617316,7.368990454126461,0.15156225216754443,3.244958807029249,95.72981795337208,68.33840834117382,1.0510543269545427,11.050302321450129,0.16776121137637126,21.398263565793386,0.22313192259721432,7.449640844432793,58.0
vid_0036_aug_7,vid_0036,False,Perfect,68,left,84.43981467585736,137.32615726755571,-0.44053526748103417,15.380523370888803,-0.026111522157762402,-0.819177120091666,0.013711972030224196,-0.08272347731950902,26.557986194969352,13.420916315222371,0.35196524377714233,3.0995329228062323,0.052804949100207166,4.835661929017281,0.04134501549517809,1.677315057819855,52.9021560193058,90.61723222905285,-1.1181262977313309,8.439147794501103,-0.16091555848333447,-15.007458137128857,-0.07245398246280094,-3.553807189960718,142.0105509925793,166.21632801207144,-0.04657654493077301,21.743911231217602,0.10409948754835645,10.89854184779503,0.13540785502772407,3.4832602787711746,89.1083949732735,75.5990957830186,1.071549752800558,13.304763436716499,0.2650150460316909,25.905999984923888,0.207861837490525,7.037067468731893,68.0
vid_0036_aug_8,vid_0036,False,Perfect,61,left,85.61645558147704,138.56983792194734,-0.4367841732328968,15.86905923401711,-0.02866939584466543,-1.0700297545907143,0.014131991838376939,0.00021072921952460397,26.992708090882914,16.17875945003282,0.3567083170132726,2.6477644288980686,0.04272947905756833,4.7161088592988065,0.04269304505832498,1.6397063793259197,48.448144471667895,77.50282093859077,-1.1621643911985235,10.450353206402752,-0.1456795446511655,-10.084954824786806,-0.08246773365849358,-4.479918222613039,144.21957638166384,175.54719383489,-0.06603831041330566,22.349168407442466,0.10327780761301661,11.185253264135625,0.10672802217826843,3.4255250493813563,95.77143190999595,98.04437289629924,1.096126080785218,11.898815201039714,0.2489573522641821,21.27020808892243,0.18919575583676201,7.905443271994395,61.0
vid_0036_aug_9,vid_0036,False,Perfect,83,left,84.55032613932322,136.24977885272128,-0.4377231149406143,15.362699805818835,-0.02547887367221144,-1.0425363065649302,0.010775770828540018,-0.022793232353417972,27.136881698004025,15.722299498963483,0.3527393363006174,2.6334154043020352,0.041229554959631806,5.136753797335613,0.03897724576856499,1.3163465382801924,48.44984908226839,81.78879094411306,-1.1313238349622574,9.321209923535172,-0.1307615565476638,-16.109614536257766,-0.10072896659610137,-4.465470381815662,157.98678504810718,173.0447348522248,-0.04429851274189789,21.610472725908405,0.05625596381502891,16.30454379910646,0.1193632070628643,3.0600669649300603,109.53693596583878,91.25594390811173,1.0870253222203594,12.289262802373234,0.1870175203626927,32.41415833536423,0.22009217365896566,7.525537346745722,83.0
vid_0036_orig,vid_0036,True,Perfect,72,left,85.17115481175497,137.13000794436843,-0.43486959167672107,15.430058173467554,-0.023851982602652567,-0.9823668813793489,0.01218150959320065,-0.031018201113893678,26.258801904111927,12.14325951407587,0.3488571982112065,2.2569049026944907,0.028999628302926926,1.9246700891184156,0.02143543337705902,0.8733359384352251,56.301999225674734,83.28225206381697,-1.0799678683740217,11.51304991241901,-0.08010205237668602,-5.193707220380702,-0.03076535627411825,-2.428565700552366,139.60314643941715,164.5400241572088,-0.11025241283856402,20.691054947687228,0.05521614588570106,4.88166584753791,0.0679499742522166,2.1267263621091494,83.30114721374241,81.25777209339182,0.9697154555354577,9.178005035268217,0.13531819826238708,10.075373067918612,0.09871533052633485,4.555292062661516,72.0
vid_0037_aug_0,vid_0037,False,Perfect,60,left,91.31225011949023,136.1409799383131,-0.4370280676464938,14.012183973267382,-0.041119210295712215,-1.330264753345883,0.015585110255990504,-0.09144569403058243,29.903852333258666,17.066280465344317,0.3837227443984098,3.2355303184980175,0.03616623801703984,5.160601037002777,0.041408588636905504,1.5055268120319236,49.9273392073345,86.22143105381811,-1.1621146530858901,7.479077129494914,-0.12512355858045404,-17.06559451407876,-0.052265441811959135,-3.8559631663431153,151.7983560521244,170.38413781171698,-0.030731830137162408,24.332208489015606,0.0792430503083782,12.582864823451807,0.11579976097295686,3.304046246061383,101.8710168447899,84.16270675789887,1.1313828229487277,16.85313135952069,0.20436660888883224,29.648459337530568,0.168065202784916,7.160009412404499,60.0
vid_0037_aug_1,vid_0037,False,Perfect,66,left,88.58014736912752,133.28915086270146,-0.44084308451643844,13.611085509197867,-0.04943995919387473,-1.1193657673957167,0.013716801190275846,-0.15466761810231494,29.324114942419502,18.963290802676795,0.37284201382152216,3.5091686052711895,0.042941287258883576,4.880724598326752,0.04103806698323125,1.5902888338430818,56.456168295308224,79.28677252824264,-1.1688753586111227,7.263268522886984,-0.180422906300611,-13.708356443896264,-0.10175002706774994,-3.8653027984477157,147.04877009029283,172.4118505521717,-0.022261114208784405,22.111985651739086,0.04723256833767079,8.768643797952137,0.11216863979531388,3.5881050824708884,90.5926017949846,93.12507802392906,1.1466142444023384,14.848717128852101,0.22765547463828179,22.4770002418484,0.21391866686306382,7.453407880918604,66.0
vid_0037_aug_2,vid_0037,False,Perfect,63,left,89.75970626343184,134.56609069611918,-0.45115159826653395,13.246658157921932,-0.05051021365113083,-1.3586245746301835,0.0183075971071378,-0.16859968951935664,28.49110299195581,18.622747278071504,0.39266818860365754,3.6858466931363334,0.04454741178350564,4.319261669606703,0.04153444477396632,1.526955602515005,58.98634169401349,86.13239350008897,-1.2259614710605455,6.754063474113413,-0.1639886749449577,-11.502421994807186,-0.08712880531636519,-4.3918579556466355,152.53615027082455,169.73755086700945,-0.021423322616530238,24.920477971158,0.030024009491534054,5.944357333122333,0.12073307861324767,3.151745489939321,93.54980857681106,83.60515736692048,1.2045381484440152,18.166414497044588,0.19401268443649175,17.44677932792952,0.20786188392961286,7.543603445585957,63.0
vid_0037_aug_3,vid_0037,False,Perfect,63,left,87.88526946061236,135.02286033000112,-0.44346202130917767,13.91381547202403,-0.04713164409423979,-1.3696888945389278,0.015389736825496993,-0.15780976614182887,27.566605615915368,19.19985333982274,0.38052147321924834,3.4633499657548588,0.04744775842419422,4.48213193336876,0.030956303354637064,1.5394004059246031,54.149569066599064,86.03960679894422,-1.2080793991572063,7.673407017778253,-0.15073325639478777,-11.103707678566366,-0.07096227707645575,-3.533430937155411,148.6109289907225,169.07631236764718,-0.054195442889757306,22.78271725698306,0.07883495851823054,8.073993107198941,0.09544912694108104,3.5475282849724152,94.46135992412343,83.03670556870296,1.153883956267449,15.109310239204806,0.22956821491301832,19.177700785765307,0.1664114040175368,7.080959222127826,63.0
vid_0037_aug_4,vid_0037,False,Perfect,58,left,89.38568034151115,132.31712375324787,-0.44689766700924166,13.907989044497969,-0.04937565907745538,-1.3499934389080759,0.015683357900371585,-0.08327268666217448,28.670902838383746,19.967000968082125,0.3729563742999817,3.6376001191447966,0.04381980110614693,4.219836146043769,0.035687236701159544,1.6100295055249862,51.08528776745064,69.77144229949423,-1.1147112529702794,6.516871755448462,-0.17051536947550416,-10.986267929077425,-0.08887292517152917,-3.165177716222631,148.5319385676694,178.27039757164968,-0.025802334704370766,23.77328179570154,0.043021483085099815,7.681516644366123,0.10282951665762124,3.307734273709312,97.44665080021878,108.49895527215546,1.0889089182659086,17.256410040253076,0.21353685256060398,18.667784573443548,0.19170244182915042,6.4729119899319425,58.0
vid_0037_aug_5,vid_0037,False,Perfect,69,left,89.6170684502085,132.61552431530757,-0.43852548296297766,13.545856646693744,-0.04935648381179321,-1.0479703592822212,0.017094849594145693,-0.10917564993317817,29.80672472617113,19.999473374387676,0.39689036794442856,3.2380460196583947,0.044269738647320624,4.536260008056753,0.03975509573258322,1.3887248948789925,56.707545608119005,67.55066395597817,-1.220493137533596,8.452413050368076,-0.15772905914313048,-11.450043243264389,-0.0919250409934021,-3.8075948577904652,153.29870103099202,168.073750794818,-0.0296856046487175,22.997746976738114,0.08467159499016613,9.649959880362431,0.10905199083559647,3.001895701974881,96.59115542287302,100.52308683883984,1.1908075328848784,14.545333926370038,0.24240065413329662,21.10000312362682,0.20097703182899856,6.809490559765346,69.0
vid_0037_aug_6,vid_0037,False,Perfect,72,left,90.73370180664202,133.74528559433108,-0.45149423225307905,13.679430222855386,-0.047525373584290584,-0.8882205019439454,0.014206206741678511,-0.17401907899687485,29.01601197527974,18.644652591321055,0.39074418884798306,3.3577602846123735,0.04635682551110164,5.105945105497182,0.04059642438716345,1.5941838287503007,57.20711111641319,76.2137390304984,-1.1851964287407477,6.971985035589835,-0.1439757067123224,-14.253471041309638,-0.07078405275732313,-4.203035379240422,157.9094832080575,173.23278791096064,0.02076707260661026,24.319572555168197,0.06351906435788446,11.627435606705884,0.13080822013586457,3.2207693438928526,100.70237209164432,97.01904888046224,1.205963501347358,17.34758751957836,0.20749477107020686,25.88090664801552,0.2015922728931877,7.423804723133275,72.0
vid_0037_aug_7,vid_0037,False,Perfect,76,left,88.8398242124652,134.61531784381023,-0.44564874551400646,13.63761124275122,-0.038705465574683316,-1.0989104509100447,0.013462221980104015,-0.15714251838921314,28.59934409406407,19.023816333382143,0.38221224004827387,3.8952421520133704,0.04592387564717991,5.9358706493642615,0.033201413426343335,1.855023763653752,49.834834854536886,65.3300703455788,-1.1387310292830644,4.958474667576426,-0.13233146748633798,-14.484387058130466,-0.058281062578792286,-4.1646428852625315,152.4186109741563,174.3564512087836,-0.03799480496832808,24.248638717617236,0.06861003499994504,17.268433005752883,0.10014029886215287,4.501026578529293,102.58377611961942,109.02638086320479,1.1007362243147363,19.29016405004081,0.200941502486283,31.752820063883348,0.15842136144094515,8.665669463791826,76.0
vid_0037_aug_8,vid_0037,False,Perfect,61,left,90.66394836857248,136.06011435940525,-0.4427345993849512,13.597960436271677,-0.04862223876720833,-1.5727639368820598,0.016590821459521402,-0.19309792126132033,30.643739385387036,17.82325329854371,0.3757825363353522,3.6908912940192566,0.0447331608117905,5.19815236320753,0.04181172171169606,1.602099733224569,49.16994476075121,91.89168158589568,-1.1310029138564048,7.118376555688903,-0.15524522492999968,-15.739580411745948,-0.06328478212978295,-3.435975706998337,157.6575286940894,174.04348709490452,-0.002991515822505786,24.232221940245672,0.05690209783533086,10.562238326151494,0.11423183003673287,4.082736668646593,108.48758393333819,82.15180550900884,1.128011398033899,17.113845384556768,0.21214732276533055,26.30181873789744,0.17751661216651582,7.51871237564493,61.0
vid_0037_aug_9,vid_0037,False,Perfect,84,left,90.21170495691716,133.84885632237965,-0.45686756531655626,13.592465700747349,-0.042537754663332816,-0.7069170859260003,0.011305728255642234,-0.11091208463942176,29.660491235541006,18.071389484094485,0.388989660346948,3.5582679927656047,0.039868401438248276,4.651886042773007,0.04271258890158092,1.4525111791878955,47.976327316666286,77.77305523729169,-1.22178282793536,6.553854174190159,-0.16520037917200933,-11.037982700507769,-0.09535033656083214,-5.173063411943881,159.3044201647166,172.48788059867837,-0.024834402088755092,25.03657424597763,0.03983844545158027,20.07337648750635,0.13925700736995178,2.8746158759424913,111.3280928480503,94.71482536138669,1.196948425846605,18.48272007178747,0.2050388246235896,31.11135918801412,0.23460734393078392,8.047679287886371,84.0
vid_0037_orig,vid_0037,True,Perfect,72,left,90.60919606490717,134.64412846675387,-0.4471514844790206,13.483417023484627,-0.0461208333747144,-1.0757603426261768,0.013987129484645922,-0.13255624435905428,30.115074985308734,17.598185654250887,0.38576342710227624,3.0697487837992243,0.023418129664772778,2.349885351350749,0.01903236917247909,0.914763233366781,59.35614857228164,77.12716735583678,-1.1398274182337795,7.673228972804428,-0.1067098028512662,-6.981069154655344,-0.023197405480895827,-2.4929622348206797,151.12888729255945,168.81758306695752,-0.06918321911942227,21.986684287820555,0.014942789114772932,6.710975691938316,0.060058616533808395,1.718712130546769,91.77273872027781,91.69041571112075,1.0706441991143572,14.313455315016128,0.12165259196603914,13.69204484659366,0.08325602201470422,4.211674365367449,72.0
vid_0038_aug_0,vid_0038,False,Perfect,70,left,125.26063560340621,85.09257498272723,-0.8212762343858494,19.351642590509055,-0.048974855241250614,0.015447446798795386,-0.0017807272340381295,0.04261635545432004,20.887895383348987,25.52753657552185,0.1765490949951518,4.1080181668591305,0.06385608615584401,12.688200182549823,0.09043554180242296,1.6904025788218169,65.99366269621451,52.287127819962166,-1.094866507998534,12.811882093850596,-0.21990656542806453,-29.299795157685942,-0.1962265835108865,-4.053714076575553,158.75543914156677,158.10131385554192,-0.15809680862922282,28.71613972830595,0.1061769306539124,37.08866243504789,0.3297855920872118,3.9057129752899176,92.76177644535225,105.81418603557975,0.9367696993693112,15.904257634455355,0.32608349608197695,66.38845759273383,0.5260121755980983,7.959427051865471,70.0
vid_0038_aug_1,vid_0038,False,Perfect,61,right,121.8281133503689,86.9713722294616,-0.7782456201208087,19.175411879761747,-0.04222201562763672,-0.09277878100673634,0.00025904226147821144,0.04051009015889362,26.02457813628395,25.778213027079023,0.22360798003156604,4.434087748472319,0.06889359904601144,11.152735960564142,0.10107900706723569,1.973711636854685,59.77720837599865,52.0857928202139,-1.002704244373301,11.558283840189562,-0.17811851508470145,-30.79616372941144,-0.22869899851966952,-4.0112089269218405,170.03245794910336,141.9768431037533,-0.1665002773369617,29.99099966289429,0.1058673546179002,25.60368160372274,0.36163939550133767,6.161339446154211,110.25524957310472,89.89105028353941,0.8362039670363393,18.43271582270473,0.28398586970260165,56.39984533313418,0.5903383940210072,10.17254837307605,61.0
vid_0038_aug_2,vid_0038,False,Perfect,69,left,122.45157372901171,87.23668244761612,-0.7551690670560212,19.098341691151358,-0.04389088494921872,-0.1644377535837337,-0.0015635783481694444,-0.028994922008678245,25.076963852194776,27.128736471072497,0.22964701172690902,4.339545374771688,0.07295277546695768,13.325183802116701,0.08497991448796523,1.7166688527209368,64.5315023706951,51.453327364642526,-1.021044701930543,10.988651882536061,-0.21727307369513404,-37.72003758377981,-0.1685226894335981,-5.211519066851051,158.23978468336864,151.37701666390475,-0.12346663757326004,30.018859103911822,0.1351196524447236,34.425286424863884,0.3322770383984627,3.9052697393002553,93.70828231267355,99.92368929926224,0.897578064357283,19.03020722137576,0.3523927261398576,72.1453240086437,0.5007997278320608,9.116788806151305,69.0
vid_0038_aug_3,vid_0038,False,Perfect,58,left,121.52759255299178,88.08078106922346,-0.7643298997198065,19.67407722006108,-0.03431256645711976,0.04252969557775102,-0.000755217476044843,0.007992663497953061,22.478711108884323,27.736882306766905,0.2219881002491999,5.048385156344712,0.06998536442683724,11.19493823398775,0.10126147922349606,2.116363764312802,67.87786145675128,56.94276166576777,-1.0247335027435125,11.09975453850593,-0.2784984134543745,-39.19935669825943,-0.24996953933673893,-4.493055999625783,158.16154323115975,148.25757870201141,-0.19375022210964365,31.50470429152,0.10596915758965163,24.37811238004531,0.297224084140712,5.18431417984512,90.28368177440848,91.31481703624365,0.8309832806338688,20.40494975301407,0.3844675710440261,63.57746907830474,0.5471936234774509,9.677370179470902,58.0
vid_0038_aug_4,vid_0038,False,Perfect,61,right,119.64562510116104,89.81705938708883,-0.7620262260645309,19.184888736554317,-0.03534010302313083,-0.537156905183997,-0.002178352473303632,0.004299243533545317,24.582545527875908,29.78697228113493,0.2437917273301568,4.653400496938026,0.07334229920255113,12.125460965864864,0.10342724023882154,1.7988142350869658,65.33751901134708,53.71957266377724,-1.038360878773902,10.052708029404165,-0.18307503805307668,-29.988012397893428,-0.2719277207097884,-4.3913450392173905,160.24435885725407,156.28042876981212,-0.18749790834819224,29.822636731503543,0.10985166137251977,35.39666766521201,0.3678241547242888,4.776719273079956,94.90683984590699,102.56085610603488,0.8508629704257098,19.769928702099378,0.29292669942559646,65.38468006310544,0.6397518754340772,9.168064312297346,61.0
vid_0038_aug_5,vid_0038,False,Perfect,84,left,122.29505197687506,86.08255999788258,-0.7796280964680258,19.466622522846816,-0.04286885116108606,0.05519212417622147,-0.0027529888904702948,0.07035152636638006,21.632816354372327,26.39121269650991,0.203436539265724,4.535993828061094,0.06324187005761404,11.18797835016634,0.08630862944431601,1.6483747944814346,62.87374101920529,47.22652598791028,-1.0859925735768217,10.260822562014893,-0.1674120326593931,-40.15777864118509,-0.2115961251626437,-4.560065985872713,152.69656035613707,150.34634202825927,-0.2482247540265614,30.01927405888372,0.11894828518033525,42.8806423230841,0.2870520789639536,3.455951864293099,89.82281933693179,103.119816040349,0.8377678195502603,19.75845149686883,0.2863603178397284,83.03842096426919,0.4986482041265973,8.016017850165813,84.0
vid_0038_aug_6,vid_0038,False,Perfect,64,left,122.47169193243886,85.97067329273634,-0.7990001823918781,19.343163256900063,-0.04337261542040034,-0.29446042982324716,-0.0017323876043062259,-3.7739756917912204e-05,23.367100804854278,25.647040160958102,0.2098727980315132,4.6948649457865415,0.07081438822246121,13.972927301337405,0.11587755158569477,1.9304362088007614,64.78708557610086,47.817683297262356,-1.0644914271147523,11.076633328470509,-0.2099131772230558,-44.212383044126305,-0.35843730733214313,-4.212986068960781,153.21185166435347,149.79576264443605,-0.2017412528779372,30.418640320463403,0.09864234844531625,37.87931015280195,0.40798506077353375,4.100115557429257,88.42476608825261,101.97807934717369,0.8627501742368151,19.342006991992896,0.3085555256683721,82.09169319692825,0.7664223681056769,8.313101626390038,64.0
vid_0038_aug_7,vid_0038,False,Perfect,76,left,120.12631174930036,90.04481106107751,-0.7487786922450276,19.089490369825324,-0.03428934058233418,0.053829617400106035,-0.0016747438838622785,-0.004221034211903469,24.064043498498616,27.897554684390844,0.25521700029272837,4.409943288449303,0.07133420682524999,10.108633515546362,0.09245527584183656,1.6049745708799188,55.2895940708345,55.45994616769193,-1.1287012029693984,11.888470213503677,-0.18841830349015226,-41.63889243533878,-0.25272371458352205,-4.742811476819623,156.58692835088848,146.73945718380074,-0.16760763525469835,28.083872042289233,0.11992072380976058,32.47322674731289,0.3608095340044264,4.0573922759626,101.29733428005399,91.27951101610881,0.9610935677147,16.195401828785556,0.30833902729991286,74.11211918265167,0.6135332485879484,8.800203752782224,76.0
vid_0038_aug_8,vid_0038,False,Perfect,62,left,121.22816148589169,89.3866570946302,-0.7662271217278823,19.755566759803514,-0.03265324871726638,-0.22079705236972672,-0.0029997580163221016,-0.06124832439417479,23.540414636626824,28.19255054354216,0.23237106161523668,4.219545734568752,0.06766725199152529,12.718843784223358,0.10144223139917899,1.8603919194413847,59.15439001402578,50.553516416989545,-1.0372094328904211,11.941311833651802,-0.18614036885381818,-40.53109269255669,-0.24156242171737807,-4.380365949137651,159.79769555218013,151.03952238884224,-0.20875489316116957,28.780761272412164,0.15423868176457922,42.9776351677655,0.36009705175293827,3.7940512604067216,100.64330553815435,100.4860059718527,0.8284545397292515,16.83944943876036,0.3403790506183974,83.50872786032218,0.6016594734703163,8.174417209544373,62.0
vid_0038_aug_9,vid_0038,False,Perfect,84,left,121.41675928194607,89.25711772017091,-0.7487501003383799,19.13054359082066,-0.04541116277204326,0.07569277581464869,-0.0008736623416866914,0.027112069389133967,25.4278642248697,27.669506855016717,0.23940721810602955,4.234569641903047,0.07132526466938374,12.70012177189254,0.08915586828355261,1.4524252014275416,63.40793206982155,54.76403089242081,-1.1524821373948606,10.20520709981806,-0.2178584511451186,-31.88518257418582,-0.23931078651334214,-3.115719891766224,156.72689112919758,155.31058512565838,-0.14401124464138304,30.53020619950922,0.13594939878982423,45.407944410682646,0.316096530326061,3.0511779940779125,93.31895905937603,100.54655423323757,1.0084708927534776,20.324999099691162,0.35380784993494285,77.29312698486847,0.5554073168394031,6.166897885844136,84.0
vid_0038_orig,vid_0038,True,Perfect,72,left,121.11668165622847,89.76233948098462,-0.7527234259983092,19.209258649195352,-0.030288315457207376,-0.025919037751467557,-0.002325655784536872,-0.01186167187488316,23.40131827471458,27.517006579172367,0.2475996075322389,4.152014937244629,0.06218409711025919,9.69277469889677,0.09305294114112268,1.3254649646545347,71.84685169435546,56.76661707003695,-1.038446455676351,12.888619958702025,-0.1798239759846698,-31.627571722335347,-0.24730291207778832,-3.6060902000972996,151.614459347876,144.78335630997924,-0.19033705024625236,28.85101960859832,0.09429583591359002,26.518135350486105,0.3391667018473539,3.65604148320772,79.76760765352053,88.0167392399423,0.8481094054300987,15.962399649896296,0.2741198118982598,58.14570707282145,0.5864696139251422,7.26213168330502,72.0
vid_0039_aug_0,vid_0039,False,Perfect,78,right,94.26837677616224,93.0161464090684,-0.5892371569380381,17.452274156273067,0.005837433328747745,0.5021233699875806,-0.0003299520445245523,-0.04677206132103389,31.560311435127396,27.640940995859886,0.27653535651702615,3.6337483968332136,0.06926797057368222,9.153771487721684,0.06126614683016101,1.5115978956957554,42.603681546627506,48.6042925466492,-1.019327560331664,9.372362719209804,-0.1340637923614935,-17.3415199136483,-0.2861498151574094,-4.4647360046435765,152.13334499070328,145.66780392383586,-0.1593035037366961,25.8605443445141,0.20839532980206973,35.73524702839916,0.1297413953412539,5.076508143635102,109.52966344407577,97.06351137718667,0.860024056594968,16.488181625304296,0.3424591221635632,53.076766942047456,0.4158912104986633,9.541244148278679,78.0
vid_0039_aug_1,vid_0039,False,Perfect,67,right,95.18066758497721,90.84899791489126,-0.5866374246596061,17.49601525176805,-0.006850031997969865,-0.024732943962428765,0.0013610472037491337,-0.07903763058088376,32.44999989820787,25.784097350285844,0.2749826184526805,3.245062434678491,0.07197216813728421,8.990896309918465,0.07686261022371547,1.5288488829961293,38.980225941034035,47.780665167651605,-1.0323771115009597,10.11770655647794,-0.1626452910007864,-22.663725061730993,-0.2413285916050032,-4.503366331131422,141.9004063349791,147.01464212922565,-0.16071177301742,24.527411669452093,0.1435081358486402,33.585576494571235,0.19040421839387384,3.9282494360657525,102.92018039394506,99.23397696157404,0.8716653384835397,14.409705112974153,0.3061534268494266,56.24930155630223,0.43173280999887703,8.431615767197174,67.0
vid_0039_aug_2,vid_0039,False,Perfect,84,right,94.91300498304972,91.33362528282554,-0.5861728018593497,16.7995185420638,-0.009039898725060377,-0.19113933213508497,-0.0005609962164633269,0.008704595091246896,34.10882547863637,25.588421221265587,0.2835034249777161,3.289561504076641,0.07461739128915514,8.333781149393635,0.06778283961792923,1.5223405455173646,33.04540033491728,50.80002862829696,-1.0431542062265338,9.948587519144704,-0.15973155786266988,-23.646857266397795,-0.2540637715603234,-3.8573569399233874,149.06695393454027,135.21903728555642,-0.08237434256715515,25.09546305573291,0.1818543849417357,26.344545620304206,0.1850101485708776,3.6936479931828394,116.02155359962299,84.41900865725947,0.9607798636593786,15.146875536588206,0.3415859428044056,49.991402886702005,0.439073920131201,7.551004933106227,84.0
vid_0039_aug_3,vid_0039,False,Perfect,62,right,94.76708089909492,91.4525903011212,-0.5865511161849043,17.350151140588782,-0.0025573463683122182,-0.17547500523287332,-7.17953497559034e-05,-0.05348681722509602,32.9418767399394,26.399711576562403,0.28217846818305836,3.2861605376273704,0.07792279445588787,10.511612795590976,0.08696479839738969,1.6964912606977036,34.09039585279172,55.17359349682462,-1.0352850799736213,10.112126843906577,-0.1555408793156788,-24.748217081284345,-0.2988960861037677,-3.9053196561791035,142.93186987632916,142.59108137942096,-0.0774652523819429,26.959074094056696,0.21141949874207888,33.5163646299021,0.2129259054110591,4.774684933380321,108.84147402353744,87.41748788259633,0.9578198275916784,16.84694725015012,0.3669603780577577,58.264581711186445,0.5118219915148268,8.680004589559424,62.0
vid_0039_aug_4,vid_0039,False,Perfect,61,right,98.31105752391693,90.27114995433392,-0.60591683964555,17.385503971221695,-0.021751729823510504,-0.12793929010209684,0.000733861211190388,-0.0666721711020908,33.27218060677872,25.663240983577808,0.26740773113002253,3.097248654366888,0.07909755957267632,10.547588012386285,0.08608838673456477,1.5316694318749977,44.63715383263626,53.93898239950288,-1.0248770855395946,10.996484771088166,-0.1803714818814558,-23.340670666332436,-0.23159982873422258,-4.256030214767439,147.59289117500964,134.24488794318057,-0.17093913434005692,24.91497292664921,0.19867952251679602,25.758724142956176,0.1993693924182517,3.4897255923964767,102.95573734237338,80.30590554367768,0.8539379511995376,13.918488155561043,0.3790510043982518,49.09939480928861,0.43096922115247427,7.745755807163916,61.0
vid_0039_aug_5,vid_0039,False,Perfect,60,right,96.13453892284812,91.96440967749918,-0.5882367259411527,17.26537889745114,-0.008129674811546266,0.06035276793942993,0.0008348451922446247,-0.014946752492773892,32.01065491608882,26.443539363293475,0.2641434875691615,3.820482563445967,0.07212726192539554,9.30595721440035,0.07284502133228671,1.7472787670591223,42.24583966560967,51.83439350529237,-1.0269179538866096,6.996847170494665,-0.12944995504330395,-18.57803403781655,-0.22715694191465274,-5.019063932522181,141.14418295167255,155.11171231855843,-0.13890487246481442,25.269485336904545,0.18916179540041123,32.651063569392136,0.1584767160235099,3.126359594250879,98.89834328606287,103.27731881326606,0.8880130814217951,18.27263816640988,0.31861175044371515,51.229097607208686,0.3856336579381626,8.14542352677306,60.0
vid_0039_aug_6,vid_0039,False,Perfect,58,right,97.02416814838055,89.82427558889036,-0.60134694306172,17.214347672383955,-0.00940838786696414,-0.4321196873476622,0.002862952835080475,-0.0037707191701138645,32.48361585125717,25.10759514995419,0.274380510619957,3.6540608088253994,0.07933057183613032,10.145570135273589,0.08113371299407279,1.6942354497861525,34.56232553750029,51.1586886450789,-1.0577229637282144,9.980079842575664,-0.14814854152458296,-23.94534797773175,-0.2562237542210615,-2.8511002962911984,150.7528969110391,132.1717413297166,-0.08185646919496825,24.84645294712175,0.2141532281359459,25.693766934372924,0.20897559555996598,4.964949545904331,116.1905713735388,81.01305268463771,0.9758664945332461,14.866373104546087,0.36230176966052885,49.639114912104674,0.46519934978102745,7.81604984219553,58.0
vid_0039_aug_7,vid_0039,False,Perfect,63,right,97.08880400471523,87.88990701157041,-0.6221050660297007,17.478517236062164,-0.028750614232395538,0.06662598134072016,-0.0010721775134202834,-0.014906655013413954,32.78025005897763,25.928276241934682,0.25367691422933686,3.6357721597008297,0.06544370105413394,11.004089399672477,0.08585264993986157,1.4797121010403382,35.51831686467255,51.352003898093656,-1.0053346128619653,9.941839055458459,-0.1852410508953837,-23.458459262866903,-0.2327816083002951,-3.3236247416047426,146.64409457334946,147.17205358152836,-0.17914272329069203,25.701223938104086,0.14414659983585112,32.392680803380784,0.18339822367995123,3.3191536101691135,111.1257777086769,95.8200496834347,0.8261918895712733,15.759384882645627,0.3293876507312348,55.85114006624769,0.41617983198024633,6.642778351773856,63.0
vid_0039_aug_8,vid_0039,False,Perfect,60,right,94.66210591708543,90.29560217225846,-0.5935366203304652,17.29765656499669,-0.010298419305968459,0.15591111200043825,0.0010381408108846738,-0.012363333948011413,32.92448839401769,26.726979158575595,0.28076069352681926,2.8231921566909097,0.06955984860541745,10.279967157434431,0.07978891177264873,1.7144743788327124,33.38185894167482,49.007440509284095,-1.0277765689408154,11.603702201693636,-0.15737284224103715,-20.970776895344144,-0.3261277869425816,-4.628955903230896,141.8910341058702,143.30592113703338,-0.09956573107617794,24.319972275694834,0.16411605004164143,35.29166616174872,0.21530175024866977,2.9728768435795514,108.50917516419538,94.29848062774929,0.9282108378646374,12.716270074001198,0.3214888922826786,56.26244305709287,0.5414295371912514,7.601832746810447,60.0
vid_0039_aug_9,vid_0039,False,Perfect,61,right,95.37448192689283,92.51801417686553,-0.5997015988929454,17.434992374996767,-0.004384599894453826,-0.24488136432806934,0.0017937929181208842,0.061438396112869643,33.23714764781609,26.017042411182885,0.28176390583618666,3.255911142203847,0.07854824715533702,9.63414074013048,0.07827964044804614,1.416718833960745,36.74371022500416,49.46575665904228,-1.0160536661327613,10.850929329706641,-0.13883503497504113,-24.4479833223534,-0.26339720036093306,-2.9905203624556407,148.56194428759608,136.99688101478768,-0.14538168583627686,24.840185527844337,0.21256403943035565,26.583058372363027,0.13470834103897955,4.13630650966935,111.81823406259193,87.53112435574539,0.8706719802964844,13.989256198137696,0.35139907440539675,51.03104169471643,0.3981055413999126,7.12682687212499,61.0
vid_0039_orig,vid_0039,True,Perfect,72,right,95.06412943301495,92.45013204722952,-0.5831151783336861,17.245819463311108,-0.00031514790984999336,-0.0449429729681587,0.00044900484149848794,-0.022656325474175693,31.989895731101203,25.86208220698895,0.2753246412319531,2.9419214083102676,0.06630623637924492,7.690528375501571,0.06979834240532501,0.8279247884236447,43.26085412977808,57.98500387109698,-0.9739126973327213,12.398965065119862,-0.13645215892375104,-19.542495323268938,-0.2652248506636566,-1.7634782880390638,134.24551518589482,136.30063282152386,-0.14846582043678203,23.78885972566254,0.1701645468914986,31.697151917884014,0.16417365876277057,2.4226802974784682,90.98466105611674,78.31562895042688,0.8254468768959393,11.389894660542678,0.30661670581524963,51.23964724115295,0.42939850942642716,4.186158585517532,72.0
vid_0040_aug_0,vid_0040,False,Perfect,80,left,103.17276282947284,107.58830657464027,-0.6509766030696664,17.73027525391876,0.011025106352914213,0.4754556352604081,-0.004394357218801349,-0.017820471062160337,38.214168505180055,28.105125130027243,0.3647458597355536,3.404308477097895,0.07389492420952198,13.96280706900539,0.11832762394364994,1.3205795708699568,31.73968812193623,48.29913644679616,-1.2548798124535754,10.15227966052445,-0.13805056619500067,-51.60835041210568,-0.4502338233274377,-2.750647299881334,167.09614546309143,139.06911419499474,-0.04734103317079985,25.102035294732975,0.2059632630026697,54.125121024079704,0.41902429999578655,3.948848669725863,135.3564573411552,90.76997774819858,1.2075387792827756,14.949755634208525,0.3440138291976704,105.73347143618538,0.8692581233232243,6.699495969607197,80.0
vid_0040_aug_1,vid_0040,False,Perfect,84,left,93.86024088855041,119.46186987757743,-0.5446757438279638,17.478294379414482,0.02293961842234756,0.18324194579576228,-0.0049714888035086125,0.022877171405768462,37.73071605719922,21.749829599666082,0.37386510549305413,3.3079756313854363,0.07900500443635579,8.67370061469214,0.07745769008098649,1.4474359485593173,34.925493533568215,68.27453692653027,-1.2525484821098898,10.754219892648752,-0.11721482977881782,-35.22919201463714,-0.2100046689559184,-4.140388491895186,165.6195174420643,150.69804459897918,-0.08713447907115324,23.947655148748925,0.21971949777618296,28.279088033985694,0.35615625569067993,3.559478769978016,130.6940239084961,82.4235076724489,1.1654140030387365,13.193435256100173,0.3369343275550008,63.50828004862284,0.5661609246465984,7.699867261873202,84.0
vid_0040_aug_2,vid_0040,False,Perfect,86,left,93.2417758826367,117.53471470953254,-0.5598784669701427,17.50958898338241,0.024543312195132817,0.44647525101103536,-0.00439048686302343,0.02703890071129024,38.21433283127636,21.61208838553385,0.37680257761774016,3.642942835633957,0.07461577045530036,9.539422926148566,0.0775950421841374,1.411325757387558,38.82912653078614,64.80617328869421,-1.2053756935988285,8.512361213195351,-0.11362841459970964,-39.09800305255358,-0.26683419156262467,-3.182285351859183,165.93417548996823,149.73677877465354,-0.03198570652834232,24.799246031262253,0.21810050975543305,23.99523190381789,0.4056666263917533,4.180312002228888,127.10504895918208,84.93060548595933,1.173389987070486,16.286884818066902,0.3317289243551427,63.09323495637147,0.672500817954378,7.362597354088071,86.0
vid_0040_aug_3,vid_0040,False,Perfect,62,left,96.44061434898767,116.07566977777932,-0.5878537078537434,17.352405337693448,0.01303954857500618,0.35900653119683906,-0.0027605823951166505,0.026561799870082024,38.428198545973345,24.925970409419758,0.3779786301424589,3.7398809238840562,0.07204304024208727,10.556032752069896,0.09559672876786654,1.5096389858487484,35.24330689299583,67.92789218124753,-1.1997493708480103,8.846741734544981,-0.14447065272795534,-41.40733076922538,-0.26903277943995746,-4.058173299285912,159.1459363830462,154.81251253953806,-0.06339498764742191,23.879408870005463,0.2054255923938106,23.427333587981067,0.39702688263069397,3.2027917176635405,123.90262949005037,86.88462035829053,1.1363543832005885,15.032667135460482,0.349896245121766,64.83466435720645,0.6660596620706514,7.260965016949452,62.0
vid_0040_aug_4,vid_0040,False,Perfect,78,left,91.8408241475336,121.19150126899633,-0.530567139518661,17.87784323320342,0.03158570864844084,0.2307959933466963,-0.004529948009001345,-0.0671898727892953,37.788669770395515,20.260260102311737,0.3688563977128055,3.6765493800815308,0.07976841786878527,8.663229116998291,0.08428720010397335,1.4107998899019212,38.840636447179044,69.1257011766864,-1.1546468417299631,9.999545671921611,-0.17123315185031518,-34.32503258064801,-0.23755013820108684,-3.8012650617518453,161.0824504771826,154.39248546993895,-0.020822904247507767,25.248248829069595,0.23404953350718077,24.01114718914284,0.41490919208433724,3.2314068043554114,122.24181403000355,85.26678429325254,1.1338239374824552,15.248703157147984,0.40528268535749595,58.33617976979085,0.652459330285424,7.032671866107257,78.0
vid_0040_aug_5,vid_0040,False,Perfect,66,left,98.90807790838045,115.89032374959626,-0.5949733863240654,17.804940154221025,0.021809062219249567,0.46300506617836973,-0.006025912225805044,-0.013722965265316982,38.89406614436778,23.0047527799983,0.3808894796829755,3.4182519615372464,0.07890977254524582,9.850383152866607,0.09342010127667327,1.5588742622273979,41.644501158574776,64.83816615203206,-1.2141392191867395,9.994819078369261,-0.16209237821780054,-36.811629950450715,-0.1977960039804969,-3.255887565360058,165.4718248572855,152.29013148914117,-0.08187808932127416,23.544907416338948,0.19842895128918878,23.361721096628557,0.42711749170329877,3.7125903406641054,123.82732369871073,87.45196533710912,1.1322611298654652,13.550088337969687,0.36052132950698934,60.17335104707927,0.6249134956837956,6.968477906024163,66.0
vid_0040_aug_6,vid_0040,False,Perfect,75,left,91.95859360823053,121.24144602006407,-0.5349886438351883,17.70127184987253,0.027070207959101367,0.4371443251970467,-0.005195636584737867,0.03904248425221345,38.59850429040871,19.979834636595307,0.379971323360455,3.4701710021718717,0.06753432377588525,8.010873998113711,0.07374623552371387,1.6755577367866816,40.38631307161558,62.49507683482913,-1.2453056754209113,8.944784759317244,-0.10194205406890285,-41.09687004200653,-0.10194493107546876,-3.0799224163330923,165.648517228143,149.01562760084585,-0.03552680466504465,26.69288702907338,0.16556473487679088,11.656235220958294,0.39550039685032595,3.94419291211503,125.26220415652742,86.52055076601673,1.2097788707558665,17.748102269756135,0.26750678894569374,52.75310526296482,0.4974453279257947,7.024115328448122,75.0
vid_0040_aug_7,vid_0040,False,Perfect,67,left,92.05542599122019,117.57140470369335,-0.5323116323084756,17.915309089912554,0.032147866450987175,0.5321392352594077,-0.003911988096464083,0.07894473544144978,38.499484057077446,19.871675221158426,0.37605371188484726,3.7299260597232853,0.07670106958686927,7.922225775024882,0.08012050672277264,1.8092354163353852,38.08224753364838,62.4934404159163,-1.2029579594245945,10.176553075237251,-0.1685016395947705,-43.52860561986824,-0.11353130242352988,-4.570829557608536,166.7503754442202,144.02156920863595,-0.05311486505792984,24.3401630387048,0.19875212839505046,15.539530376912523,0.45853623450149106,4.713486117927772,128.66812791057183,81.52812879271966,1.1498430943666647,14.16360996346755,0.36725376798982096,59.06813599678076,0.572067536925021,9.284315675536309,67.0
vid_0040_aug_8,vid_0040,False,Perfect,65,left,100.95412739871371,112.99757388999718,-0.5997872326226776,17.41768657010678,0.005591904176357393,0.5616889433270272,-0.007996652814932602,0.0062839241673633625,37.80095026479593,24.931195279370414,0.3620129862376343,3.512889854560148,0.07177230257325325,9.673116555750658,0.08508139175867319,1.5161946357944354,37.47391534522453,56.49116610172138,-1.145362611886676,10.03240365607936,-0.1177274862848291,-50.7463212037467,-0.20904565052700952,-3.170788344212216,166.0375220074535,163.58880128126057,-0.06618767528059077,24.610665835030698,0.19292836818892628,16.378393873893764,0.37572203843846347,3.5359770107162163,128.56360666222898,107.0976351795392,1.0791749366060852,14.578262178951338,0.3106558544737554,67.12471507764047,0.5847676889654729,6.706765354928432,65.0
vid_0040_aug_9,vid_0040,False,Perfect,83,left,92.90282959709167,120.25809621344422,-0.5478639725835438,17.805501925104643,0.018057459261429407,0.47798148174589766,-0.004729902367493602,0.06505445824532083,38.71704495784555,18.879624720996674,0.37022527883377604,3.463019376376927,0.0743315134475193,8.440605281590503,0.06537697364336606,1.570311133855504,40.125110603259444,67.35991148709185,-1.253515283158146,9.81379603924126,-0.13042149452257581,-42.76125376801002,-0.08623304319256864,-4.125775891895273,171.22552361827053,153.24461967346295,-0.04396858557059746,25.37209622923126,0.16758398989767176,16.412339033406397,0.3637664448372216,5.467918866619637,131.1004130150111,85.8847081863711,1.2095466975875486,15.55830018999,0.29800548442024755,59.17359280141642,0.44999948802979023,9.59369475851491,83.0
vid_0040_orig,vid_0040,True,Perfect,72,left,92.11792587075445,120.76862817730006,-0.5341265390154859,17.62235111366342,0.02822194155494335,0.48131126534592056,-0.004862446615639894,0.002267036102771236,37.68658646871047,18.389947677386516,0.3678651929837777,3.1069081412587756,0.06782517053958345,6.553676983129606,0.06615676465156026,0.9267407552123335,43.885109042536,73.07012047863056,-1.1255858137442136,9.739091769416936,-0.10078827202249091,-36.99402189156615,-0.07038744383557083,-3.3573406645209287,155.36731390462725,138.54990568629836,-0.11983515617094986,22.444943382296433,0.18619655727096227,9.082867153463496,0.384464224520253,2.210299518583615,111.48220486209125,65.4797852076678,1.0057506575732638,12.705851612879497,0.28698482929345315,46.076889045029645,0.4548516683558238,5.567640183104544,72.0
vid_0041_aug_0,vid_0041,False,Perfect,81,right,90.97806849926195,84.12990354514419,-0.5951331639205907,15.196782087298699,-0.14492144783347086,-0.11983040147295711,0.0035717794527985024,0.060879348927522246,29.254026710630875,21.30342466097525,0.25896307355327447,4.365712236359241,0.08317003443506743,10.227895550307197,0.09264932156466724,2.2102398328304993,48.88467494630523,55.89770778251431,-1.205750032727249,6.4965530581968824,-0.2974851041803973,-28.434892045132916,-0.31611743196483694,-5.937706125855256,155.934721375991,133.4898195583176,-0.21606241278282468,25.636957175052427,0.05390357500797793,35.990388471302914,0.29865726967111217,6.167475576838118,107.05004642968575,77.59211177580329,0.9896876199444243,19.140404116855542,0.35138867918837524,64.42528051643583,0.614774701635949,12.105181702693375,81.0
vid_0041_aug_1,vid_0041,False,Perfect,63,right,94.23391366891164,80.57895941224052,-0.6191434091237084,15.103170068982921,-0.1684023069436074,-0.43028542896580124,0.0031052836015288392,0.11413002459682255,29.79570954056976,16.144668374329413,0.26828136993772317,4.743140242009585,0.08012579618016759,12.380709317886591,0.10617427496462117,2.6065093875010104,43.50918415860094,59.997323487819145,-1.176460025857167,5.717005346385822,-0.31562741357531504,-38.92375441158844,-0.3812590345527809,-5.246685676549359,158.27679793774425,126.1598381559525,-0.26027693977259436,30.074362855955535,0.009583433057952158,37.271430695838035,0.3054203152340411,5.432695050863423,114.76761377914332,66.16251466813335,0.9161830860845726,24.357357509569713,0.3252108466332672,76.19518510742648,0.686679349786822,10.67938072741278,63.0
vid_0041_aug_2,vid_0041,False,Perfect,81,right,91.89729550951013,82.70235281563818,-0.610386783559995,14.963100689133146,-0.15914929170959138,-0.30225423293821235,0.004558994710359684,0.09759556074859728,30.79683711680578,19.77617633333896,0.259308263538857,4.713499548180143,0.07525129834435268,11.391933856314683,0.08758530788342729,2.21772652342945,51.79056687399053,57.92082492058537,-1.1406639547434199,7.204738725068942,-0.34287211706816645,-31.24081853358946,-0.28480005167082023,-7.220266848358603,151.4240199163507,135.14525977365452,-0.28346443170066593,28.429158776919802,0.013533844882573726,42.17790409883607,0.245841536835176,4.647467143831691,99.63345304236016,77.22443485306914,0.8571995230427539,21.22442005185086,0.35640596195074015,73.41872263242553,0.5306415885059963,11.867733992190296,81.0
vid_0041_aug_3,vid_0041,False,Perfect,81,right,96.30935262960013,79.80219643490217,-0.6264134672964936,15.005763054162468,-0.16791408592327695,-0.15709547291623913,0.003896558743071941,0.10393184554476155,31.20505942731459,15.155411315446607,0.2567951804034849,4.862642543260379,0.06647741464702082,11.082565533233067,0.09067173776208826,2.317910784872269,47.71640831234777,59.48702240148986,-1.1337836211736743,5.575883694559476,-0.32035907779179773,-37.11933466003245,-0.2463994996251831,-7.155143416505055,150.76178668802015,119.25178286648053,-0.198999637335609,30.336890332595278,0.004581661700123606,32.555485659588435,0.26988379092738296,6.988409430345307,103.04537837567239,59.764760464990665,0.9347839838380653,24.761006638035802,0.3249407394919213,69.67482031962089,0.516283290552566,14.143552846850362,81.0
vid_0041_aug_4,vid_0041,False,Perfect,77,right,94.13928381719063,80.07863537423472,-0.6238912597835122,15.341549998252388,-0.17023496130734694,-0.23419406182643127,0.004486212635611371,0.1148241750615806,31.062843245519353,15.799532842101984,0.2602980076418225,5.064251029111307,0.07101564112574034,11.663504547774462,0.09205999189345332,2.3563426443532536,45.04439939552825,55.76084300662543,-1.127502453163364,6.462930804249979,-0.2880249277471283,-34.050893424701286,-0.2833208242351957,-5.992247614920222,154.71765634672866,128.5011354668777,-0.2646712967883682,28.36811232767654,0.017260801719990802,31.715527045629596,0.276150461123305,5.7130898436318445,109.67325695120041,72.74029246025228,0.8628311563749957,21.90518152342656,0.30528572946711907,65.76642047033089,0.5594712853585007,11.705337458552066,77.0
vid_0041_aug_5,vid_0041,False,Perfect,62,right,93.91444822615524,81.41900854501192,-0.5994544097176933,14.653476569206955,-0.1651854592845576,-0.396250007518283,0.007143310161645023,0.14050369603946525,29.78367658733936,17.55043192851577,0.2593226913183094,4.883833915014163,0.08035940497236814,11.277756570510721,0.09586407751499855,2.4397107613538216,52.38587531366176,59.093595410858676,-1.1468919409295268,3.6616706846048546,-0.30863946339522064,-34.71795431456964,-0.3250353186853684,-5.635474070992402,153.08133061348502,127.36048260383849,-0.2490848042693784,27.650961759361987,0.00931643440449114,35.02288995580964,0.29301107168523965,5.558710279573926,100.69545529982327,68.26688719297982,0.8978071366601484,23.989291074757134,0.3179558977997118,69.74084427037928,0.618046390370608,11.194184350566328,62.0
vid_0041_aug_6,vid_0041,False,Perfect,77,right,90.40023092570055,82.33130955283212,-0.5905950772705181,15.16738862646392,-0.16122193641152985,-0.4126737916724363,0.004327392838160901,0.018683159682135436,30.470339708008147,19.93919980970289,0.2596745680592218,4.565508391837622,0.07532901577905697,10.745401126400857,0.09604125626489432,2.28337546535114,37.22652863659487,53.88679650587364,-1.164498894069256,6.56780368034684,-0.33178394167916536,-29.697044814349688,-0.3442427318469476,-6.383724688203222,164.01088119849092,136.70070219809242,-0.23123268694009547,28.000617181342854,-0.0027533934992065717,29.38488785854529,0.23905925925575766,4.791502628524333,126.78435256189604,82.81390569221878,0.9332662071291605,21.432813500996012,0.3290305481799588,59.08193267289498,0.5833019911027053,11.175227316727556,77.0
vid_0041_aug_7,vid_0041,False,Perfect,75,right,90.72521587534251,82.70983824178639,-0.5859380426699126,15.202823457612594,-0.15157839997515382,-0.1777382036311741,0.005330787976741326,0.11376491215877249,28.445496278288775,20.72069212079422,0.2588024403613066,4.890596371565659,0.08008307752014636,9.797529452950268,0.08807343265377598,2.188171350305429,49.56451771753225,60.11883515315218,-1.1265562741168065,6.385490853538801,-0.315873234097167,-23.101457988291294,-0.29189356778434944,-4.619602563085429,153.72736201678148,140.87465461701728,-0.27958190220467927,28.769251415373535,0.010425225141611635,35.66029848729818,0.2662031124389441,5.938412917437306,104.16284429924923,80.7558194638651,0.8469743719121272,22.383760561834734,0.32629845923877865,58.76175647558947,0.5580966802232936,10.558015480522736,75.0
vid_0041_aug_8,vid_0041,False,Perfect,66,right,91.4922950875371,84.55699938512589,-0.5856749646381859,15.082484886318698,-0.15232269567757165,-0.396637991339446,0.004787760333313806,0.08343948647612952,29.5777385371417,20.512608787225975,0.24720157175234828,4.547355352109745,0.08446016826470425,10.9948939217433,0.09137540746847098,2.340915397335438,45.360355002231586,59.47134061963089,-1.0850952637601554,6.747413902114465,-0.31770281301801695,-26.668530517048644,-0.30519216048714876,-5.39946151124444,152.8521325973373,132.26291514321224,-0.30834312160400856,24.62988290127745,0.02328508361975842,37.85166251528271,0.24945047347445076,5.513380681890572,107.4917775951057,72.79157452358135,0.7767521421561469,17.882468999162988,0.34098789663777535,64.52019303233135,0.5546426339615995,10.912842193135013,66.0
vid_0041_aug_9,vid_0041,False,Perfect,70,right,95.35353137642676,78.4993154329838,-0.629213103463881,15.08449650075607,-0.16804270212481098,-0.4046027495544073,0.005672791923215965,0.060613537604042554,31.776107512685144,14.5675187549507,0.2425829904340078,4.588510976136605,0.06281383283993175,11.64828533708669,0.08391646065565386,2.512660586042334,42.79386654957819,62.0682509933909,-1.0914530429649447,6.011860380713809,-0.29806369955427414,-37.17553886878961,-0.28509664944507146,-5.611163010488874,155.13499159779712,120.73572766998224,-0.27517370552769616,26.580441826533516,-0.020750654823983694,32.2909692912691,0.23629912203989906,6.600425487741852,112.34112504821894,58.66747667659134,0.8162793374372486,20.568581445819706,0.27731304473029045,69.46650816005871,0.5213957714849705,12.211588498230725,70.0
vid_0041_orig,vid_0041,True,Perfect,72,right,92.45210598231218,82.92391872661193,-0.596864296254137,15.027004338108194,-0.1592662689011352,-0.38335802292953997,0.0046554602151325526,0.07106537261979246,29.47546433302789,18.18025680382798,0.2571197924281632,4.446261728318234,0.06865525961159445,10.182825636620532,0.08753596173128325,2.011707049006262,56.06967973877933,66.95409081899386,-1.1274524685622238,7.455971857933853,-0.27245734025032636,-32.78627055943384,-0.31238162359741467,-4.165640199967381,148.43844573303176,133.21779148785038,-0.3056066464325138,26.14188629724272,-0.012216866153311197,37.985069483989015,0.28743441066047226,5.701694906895469,92.36876599425243,66.26370066885652,0.82184582212971,18.685914439308867,0.2602404740970152,70.77134004342285,0.5998160342578869,9.86733510686285,72.0
vid_0042_aug_0,vid_0042,False,Swing,71,left,73.15229240499681,123.02877289243179,-0.1028041720514123,11.292366032402608,0.1367453363113424,-0.680905290671007,0.012013241390172456,0.07102328797681418,22.207132197137383,16.863669660538008,0.3021374372300886,3.60727613547964,0.1077214403048871,6.067919568711583,0.06440175033307975,1.693575254883497,44.908355611081724,86.9734984415105,-0.9909904347246014,5.676030240074988,-0.2253219148002837,-23.370964236900114,-0.10503672995231622,-3.306199719648621,142.71846768986342,155.63020955431656,0.13050827280169142,23.136900847185387,0.2597068491962135,9.619719511202405,0.3530409925452171,3.9406390606204766,97.81011207878169,68.65671111280606,1.1214987075262928,17.4608706071104,0.4850287639964972,32.99068374810252,0.4580777224975333,7.246838780269098,71.0
vid_0042_aug_1,vid_0042,False,Swing,68,left,75.13454311645563,122.5001260718619,-0.10068555623974444,11.077416239631685,0.13638003064189969,-0.8673518543957724,0.013127441436133898,0.12764090363625213,22.357229905378734,14.736476587920452,0.3032017608872082,3.788061127609364,0.11067746153803634,6.110850151803022,0.06508061218928633,1.6194941801578364,37.471729540362894,85.29571984941008,-0.9885158883686033,4.820574178981275,-0.18923161438096447,-25.58275453965691,-0.12284169632851571,-2.8965420246133915,139.1788187892009,158.13452659719744,0.1469203464025115,19.853033171506787,0.30919878359313757,11.556191825825028,0.31077307149457134,4.465545054837147,101.707089248838,72.83880674778736,1.1354362347711149,15.032458992525513,0.49843039797410205,37.13894636548194,0.43361476782308706,7.362087079450538,68.0
vid_0042_aug_2,vid_0042,False,Swing,57,left,76.02517653547415,120.82450869632443,-0.11313427560758159,11.097300092170912,0.12707340465208963,-1.256168276908736,0.015186519799353676,0.031614814263382585,24.198034968193575,16.635474897273767,0.32543520671424825,3.8326501261514614,0.1191682511902652,7.2392201684474,0.07901885843340058,1.660155765623878,46.034082699420495,89.04118018806271,-0.9515631211749253,3.4316351848172273,-0.18964224483871422,-29.78538368181401,-0.16004363671087546,-3.3230243535998127,138.73871192742962,155.73873154716384,0.20355700541554267,22.263137958121696,0.2891231828315458,12.98489074947394,0.35886295507289667,4.702144713946039,92.70462922800913,66.69755135910113,1.155120126590468,18.831502773304468,0.47876542767026004,42.77027443128795,0.5189065917837721,8.025169067545852,57.0
vid_0042_aug_3,vid_0042,False,Swing,65,left,74.23943905500053,120.69185047727898,-0.10128445446074594,11.438296191546739,0.13673107694887465,-0.9109499233096309,0.012145559859875915,0.05145813349685645,24.908693741112955,17.823380380260684,0.30166689843739836,3.5041185452436454,0.1188234025305546,6.730036884349361,0.06292331828624245,1.5915970488190883,38.886229855981526,82.32395188220207,-0.9137054875970547,4.69982090947767,-0.1945666727932557,-25.385292793088183,-0.07737059230306176,-3.6063406540925964,145.5081809607433,161.92021880199542,0.1498269116315517,20.696114911028623,0.2952728067122501,12.058528492859725,0.326686526821774,4.9453804041211065,106.62195110476176,79.59626691979335,1.0635323992286065,15.996294001550954,0.48983947950550577,37.443821285947905,0.4040571191248358,8.551721058213703,65.0
vid_0042_aug_4,vid_0042,False,Swing,63,left,74.95025992964591,123.56981494625536,-0.10796800933724199,11.43274141658502,0.12811205316039748,-1.2231654644744874,0.013640800294447622,0.04258031218365338,23.950627608178934,17.273154223643253,0.3204377495535393,3.739888186550205,0.115293999073775,6.418888539371975,0.06427003186405288,1.5979156686021345,39.32048298515622,82.98087441803003,-0.9509379812669364,4.625226659660778,-0.22043795544808695,-24.182281894213737,-0.13900503942996495,-3.934923390275466,141.57982668873615,156.73762855814,0.15213665613570637,21.576028341924708,0.2569507657484277,10.601037217738568,0.28685746248368954,3.6389606000843138,102.25934370357993,73.75675414010996,1.1030746374026428,16.95080168226393,0.47738872119651465,34.78331911195231,0.4258625019136545,7.57388399035978,63.0
vid_0042_aug_5,vid_0042,False,Swing,60,left,74.47677913954976,122.13746299925282,-0.10803412393098863,11.325068018779831,0.14805187830827302,-1.1446656192616487,0.013917168627601915,0.13326834481473532,23.408724368328,16.050341275875688,0.32097572677683683,3.5858284456463414,0.11146906714540275,6.426887536921594,0.07394986263437997,1.666540239188636,44.90032307891159,84.21994176775713,-0.9534479708026292,4.945396911183779,-0.15048403977987798,-24.30951327762785,-0.11035257878877786,-3.3714872101395033,137.3553592702786,156.79050405837776,0.17382475653784968,21.584905800235575,0.305047949047103,8.99987352708876,0.3504124555061416,3.4742102696352486,92.45503619136701,72.57056229062063,1.127272727340479,16.639508889051797,0.455531988826981,33.30938680471661,0.46076503429491944,6.845697479774752,60.0
vid_0042_aug_6,vid_0042,False,Swing,58,left,75.18571323322658,120.74067680287389,-0.11004081051393155,11.505359378646187,0.1297435841822999,-1.0294327740055829,0.016343957806320378,0.09666084283151596,25.145299432148104,16.895543802748527,0.34073458143778085,3.759171414119288,0.12143332047582299,6.687277130014582,0.07600201391361942,1.6540232665783738,39.2348476341884,79.95403566016492,-0.9638700280779302,3.6440636294433166,-0.20263193931217327,-28.192820264436364,-0.09943343762473034,-4.691820065660846,138.3261893198356,150.51963697572143,0.21076057058431497,19.636432761205697,0.25688152465560227,9.646785276256416,0.3657899269979881,3.4045307698716183,99.09134168564721,70.5656013155565,1.1746305986622452,15.99236913176238,0.45951346396777554,37.83960554069278,0.46522336462271846,8.096350835532466,58.0
vid_0042_aug_7,vid_0042,False,Swing,80,left,72.86649624544884,121.8426721762003,-0.08129392182664558,11.253309455805866,0.13501614793762035,-0.8126815148926744,0.011822676165403298,0.0756486955923119,21.253523160929987,15.847972412133338,0.28520301498717404,4.04845927255496,0.10522064682352465,5.167204729493378,0.05481688590561733,1.5715172305303438,39.89247778787389,84.9487572203704,-0.9783637397493369,3.8744815942729165,-0.1709744975537331,-15.780012119376153,-0.09889040317605641,-3.575339770397929,139.2745082867968,159.11036820435316,0.2290014628492293,21.608122153475733,0.29849786456405575,10.890494379122796,0.30717024054872477,3.822984355569827,99.3820304989229,74.16161098398277,1.2073652025985662,17.73364055920282,0.46947236211778887,26.67050649849895,0.4060606437247812,7.398324125967756,80.0
vid_0042_aug_8,vid_0042,False,Swing,79,left,73.74820582752932,122.85155096268804,-0.08844701112335687,11.429904635813012,0.13738159864332322,-1.1233288175539629,0.010292737164185724,0.09975713455289689,20.806743182097396,15.549316331207002,0.28190205303109356,3.9904177182094824,0.10953365855293219,5.837280279664163,0.054285771581810374,1.6513767329288194,43.28339415205864,91.78549657903794,-0.9343367912172971,5.203627479521442,-0.19539022122620703,-25.85636792713884,-0.13459942231977629,-3.1516640858107365,146.6742184764746,162.4655068467293,0.1803704589577242,24.201171588945833,0.27662350332902785,9.163170303159909,0.26886213564062883,4.188832636310111,103.39082432441597,70.68001026769137,1.1147072501750213,18.99754410942439,0.4720137245552349,35.01953823029875,0.4034615579604051,7.3404967221208475,79.0
vid_0042_aug_9,vid_0042,False,Swing,73,left,74.18814964059283,121.44721403620007,-0.09525852646880571,11.118510401927848,0.13450191174835197,-1.0545600585524446,0.010790662718111802,0.08420647735616194,23.385826139015467,14.52910623076876,0.288302834755121,3.7743590099337916,0.11589624193795549,5.994308321391657,0.05760105994342645,1.655755689993096,47.78526841136581,97.13232219766874,-0.8937117936033426,5.27624464787312,-0.24166304120202228,-23.021975051700885,-0.07307834460360046,-3.2041339247769107,146.71253455359948,160.65305532754118,0.16199695536750658,22.3814576242598,0.27496232125780484,9.52365382707146,0.31900738079615015,4.32351596637848,98.92726614223366,63.52073312987244,1.0557087489708492,17.105212976386678,0.5166253624598272,32.54562887877235,0.3920857253997506,7.527649891155391,73.0
vid_0042_orig,vid_0042,True,Swing,72,left,74.11894229685636,123.46439099201592,-0.09386006162689925,11.163490106751617,0.13718744126889115,-0.8634203773285041,0.012205299428716765,0.07759418179806316,21.781731534538444,13.383639884915837,0.296988223703407,3.481610767648958,0.10709647113806328,4.127823325269751,0.052855568137441564,1.1442778045216504,46.053994068013196,86.4303013579386,-0.9502566440434823,6.35125561143675,-0.20091090941273723,-22.449770853475087,-0.07252750062191549,-2.3506881229709933,135.46584467370124,148.7426491189104,0.1408511367468338,21.564334447632415,0.2590982975197757,5.57340603437515,0.30496504803547547,3.398737507977473,89.41185060568804,62.312347760971804,1.091107780790316,15.213078836195665,0.4600092069325129,28.023176887850237,0.37749254865739096,5.749425630948466,72.0
vid_0043_aug_0,vid_0043,False,Swing,61,left,131.26593773273956,89.73997651819943,-0.7546694726038107,12.363652150748083,-0.13683414540188277,0.06990191632312384,-0.007115049491881861,0.2557269296997965,27.659661491319074,31.57297174183845,0.26324204858876865,6.586004418572037,0.09828940764075193,10.693789622421091,0.09194884251693777,1.6844223528293267,38.81579140720372,47.57311717056039,-1.2385040232533013,1.8446283633296567,-0.36566132216062663,-27.728261256313402,-0.23177392437430344,-4.945129717273352,173.43806848839347,148.0821822963344,0.18385917689022202,24.67651316335874,0.06685475909034382,27.76959022084149,0.3639947623674805,5.566785741848368,134.62227708118974,100.50906512577401,1.4223632001435234,22.831884800029083,0.43251608125097046,55.497851477154896,0.595768686741784,10.51191545912172,61.0
vid_0043_aug_1,vid_0043,False,Swing,64,left,131.27426924913811,89.75497676720991,-0.7461657379082188,12.833499849489911,-0.13984912338950328,0.8613136587835701,-0.007355219868686798,0.3403085772866895,26.695167391256163,32.542516855255535,0.2712121898212561,6.028778480159899,0.10133009365763321,12.096191388528759,0.08548173813041168,1.4514241093352638,35.296690532580925,48.972592731281004,-1.216109099302157,2.2296779782474245,-0.33377295358292336,-34.07140286089193,-0.2304618033296637,-2.9881220238158175,168.82107578361354,149.0705166952137,0.1051213029558491,24.32273548701067,0.08541711762879908,35.238533964539016,0.2774000379529041,4.261309745699533,133.5243852510326,100.09792396393271,1.3212304022580061,22.09305750876325,0.41919007121172247,69.30993682543095,0.5078618412825677,7.2494317695153505,64.0
vid_0043_aug_2,vid_0043,False,Swing,58,left,131.039007120577,89.16794166004442,-0.7396399604407486,12.653987034425707,-0.1355323088294853,1.0441143180843897,-0.009458319573055651,0.20488270716936674,27.415866847016694,30.976266897359956,0.26828123821137495,6.2568570682336535,0.09859703929130816,12.123740453602874,0.09016058627138629,1.44080400998089,33.01592152563439,48.38227258409937,-1.2099017409859885,3.0856854265525113,-0.29828623067495713,-31.694267145822707,-0.2268723951400891,-2.3346609513437535,172.76962479551926,151.12454688742253,0.09054387047726076,25.06252799181425,0.09521726040395631,37.694000292888916,0.3228163503170917,3.7534160037860644,139.75370326988488,102.74227430332316,1.3004456114632492,21.976842565261737,0.39350349107891347,69.38826743871162,0.5496887454571808,6.088076955129818,58.0
vid_0043_aug_3,vid_0043,False,Swing,58,left,129.52106996014282,90.12249880063027,-0.7490211504352521,12.711574134626728,-0.14336124457832944,1.0961509679756074,-0.007953908857324277,0.24042820691941816,26.209628338933225,31.53648952225715,0.2704510119627638,6.301691734778397,0.10524535958733428,11.129741492973043,0.09291822696924722,1.5386732699409649,50.606851387346765,45.84861744211156,-1.2148738019493759,3.040483588846665,-0.3726486685165703,-26.69548953061461,-0.2597235091891744,-3.183505670643431,164.09373918296106,147.80263999676157,0.07979556316568925,25.332349190695844,0.06100954482335832,37.31820254081545,0.35488137029924605,3.4709875308497864,113.4868877956143,101.95402255465001,1.2946693651150651,22.291865601849178,0.4336582133399286,64.01369207143006,0.6146048794884205,6.654493201493217,58.0
vid_0043_aug_4,vid_0043,False,Swing,60,left,130.98380957016462,89.65813573178096,-0.7421202806557486,12.55876237469907,-0.1418707053879728,-0.19387926161001884,-0.005735890376595356,0.20044402149486876,26.004146880218364,32.86226981111694,0.2679185119520268,6.473826995865497,0.09778227313673907,11.598181243884715,0.09632362381604301,1.8185219990975254,48.677461092531765,46.69971011136143,-1.1871229693964425,1.9677642018410397,-0.34336024072754395,-43.915218840318886,-0.23937062837051987,-4.497961323545098,172.37304348763593,152.09629526131874,0.08840178152477673,25.24408923293161,0.11832291149053067,26.571784833683083,0.42059184395480237,4.609694144375609,123.69558239510417,105.3965851499573,1.2755247509212193,23.276325031090572,0.46168315221807465,70.48700367400197,0.6599624723253222,9.107655467920708,60.0
vid_0043_aug_5,vid_0043,False,Swing,71,left,131.96260652149903,90.69774658654786,-0.7506521509484182,12.789709726132147,-0.1436458944340672,-0.16195936759751797,-0.005291672976819961,0.1966662592928732,26.15493540365847,31.95807515887478,0.2627193787339151,6.5876380017325005,0.09764283307117125,11.061920361956203,0.08118937000512695,1.8001798067813537,56.882621083711626,47.7932937239237,-1.234980824872128,2.018116649409454,-0.34749666558887965,-36.93008210520055,-0.1872488778341585,-4.178901184181217,168.3267609302257,159.75984321661272,0.08223226243181536,25.90438685403983,0.11466153468117245,29.37301599829412,0.31184124419404613,5.057534058376149,111.44413984651408,111.96654949268901,1.3172130873039434,23.886270204630378,0.4621582002700521,66.30309810349468,0.49909012202820463,9.236435242557366,71.0
vid_0043_aug_6,vid_0043,False,Swing,69,left,133.40443220414582,90.33115219737047,-0.7532657875470427,13.017683931317132,-0.15078842666933812,0.18396457599897045,-0.00546344648517,0.2896017337380682,26.210423816004102,31.535194549015504,0.26356963959910146,6.257228264892423,0.09612109431788572,11.055668086325628,0.08289220966799984,1.626538403454238,59.95542499527012,50.86327393341874,-1.1988529251815443,3.117864701658482,-0.3522823767644883,-46.68589061542528,-0.2099994089864698,-3.8760190389632205,168.16236198555757,158.32823249309857,0.1186696330733421,25.87181905167417,0.09636702441398623,24.955122591180924,0.37097164308591357,3.9990108054896947,108.20693699028745,107.46495855967983,1.3175225582548864,22.753954350015686,0.4486494011784745,71.6410132066062,0.5809710520723834,7.875029844452915,69.0
vid_0043_aug_7,vid_0043,False,Swing,67,left,130.2065255318767,94.24493660772596,-0.7175787430159656,12.713649180668709,-0.11984203147725078,0.3532228529931415,-0.007118607593944653,0.27212926988559405,28.453072001613023,33.06566300376257,0.32713495630887396,6.376924621137346,0.14307684828903455,13.440664858428383,0.14348630741490798,1.6413290566096006,54.60030232836457,49.8573091433402,-1.2630850870826231,2.1439896353617645,-0.3715862232625581,-48.540223904473194,-0.4715030208397069,-3.076017519538076,170.60296451582366,151.49221974065048,0.1852638508598392,25.02740595747778,0.38851615727220623,37.39263090178368,0.46759705343413716,4.859596089986439,116.0026621874591,101.63491059731028,1.4483489379424623,22.883416322116013,0.7601023805347643,85.93285480625687,0.939100074273844,7.935613609524515,67.0
vid_0043_aug_8,vid_0043,False,Swing,69,left,134.10057174943063,90.52716496483067,-0.7625461401036584,12.794129293646083,-0.1406820308010726,0.03479882232126798,-0.005222935254557516,0.2891116484411406,25.696678281430916,32.819626468544016,0.257919021132864,6.28683542265604,0.10731652230787081,9.508647064907782,0.07807898364983322,1.7205188921170407,48.471814190749036,51.02653630280959,-1.225653069823889,2.359483630424162,-0.35901860262881585,-28.4828376755436,-0.20365706962918928,-3.8167706161590047,169.18347712077315,149.1657970687572,0.09072819062498227,24.531015247888003,0.095804220164094,26.416463260046235,0.28500782232446226,4.009078596437239,120.71166293002412,98.13926076594761,1.3163812604488712,22.17153161746384,0.45482282279290986,54.899300935589835,0.48866489195365154,7.8258492125962436,69.0
vid_0043_aug_9,vid_0043,False,Swing,83,left,133.4960534037604,89.80589964880933,-0.7491430838352396,12.479948596284762,-0.14910272474355432,0.18609702711283804,-0.006042243391772644,0.24876254427390498,27.174109312879384,32.09860645545366,0.26445122161005163,6.582488496067838,0.09945788060630266,10.602526643042122,0.07935006910381599,1.4920543313279966,53.562014371722434,45.0080444310968,-1.2789553996448657,2.5054927926394157,-0.3410030970168959,-36.46677086769713,-0.19784985318803983,-4.303751360983757,172.57456448942074,160.69811861939507,0.10658656139424783,24.774844777426416,0.11055769707628717,33.84185801224846,0.3018597798748452,3.300337051594709,119.01255011769831,115.69007418829827,1.3855419610391135,22.269351984787,0.45156079409318306,70.30862887994559,0.499709633062885,7.604088412578466,83.0
vid_0043_orig,vid_0043,True,Swing,72,left,126.66348107339516,97.8283892942563,-0.6647527421456665,12.414377472709084,-0.08236737546828761,0.2942998188901925,-0.005294004658169923,0.23973151365648937,32.85152466347837,33.38811654079828,0.3855469376698926,6.130250294050574,0.17773163801045896,11.769204437255706,0.1331643802970182,0.9883226481755903,47.00647762952385,53.63413184559074,-1.2084189848426792,4.318946715186528,-0.3265125925265639,-43.22547178459557,-0.3881732233141178,-3.2159005706671095,169.38424774054818,144.28937016182346,0.19082047371398503,22.952084599980687,0.38225223907933575,32.77869984433096,0.47744435294213095,2.5113610383845284,122.37777011102432,90.65523831623273,1.3992394585566643,18.63313788479416,0.7087648316058996,76.00417162892653,0.8656175762562488,5.727261609051638,72.0
vid_0044_aug_0,vid_0044,False,Swing,75,left,88.77130623480468,124.32930362829526,-0.20136498769655223,13.790028969675378,0.2873046956727769,-1.0073667362910257,0.01706249589772959,-0.022131229281388252,31.037806839828797,31.038175859887268,0.5375912220725783,6.342335875523153,0.14498873138566992,5.035720815257168,0.050887119368407584,1.9813530456882191,55.70881802155644,50.37693355730307,-1.3216643314628425,3.544556432204362,0.005916137955875186,-16.224182709172453,-0.14322279212722822,-4.651996009464832,156.58057346360516,174.21476019270958,0.30318466327712745,27.52212999924697,0.47031638245842516,11.995360564980665,0.13361528037040538,3.944437191757469,100.87175544204872,123.83782663540651,1.62484899473997,23.977573567042608,0.46440024450254996,28.219543274153118,0.2768380724976336,8.5964332012223,75.0
vid_0044_aug_1,vid_0044,False,Swing,77,left,88.2536995250146,123.58004585300927,-0.19639928709446933,13.658748983159317,0.2946460566698153,-0.969815597531463,0.018254464821523483,-0.11025628656262809,29.500337383842833,31.802600705616776,0.5353626647576286,6.202131011770249,0.15591007564445228,5.328299526754317,0.04895272460428672,1.9319763998593518,53.46207599199608,53.12488585926993,-1.3522506476232226,3.758996162374571,-0.015801720239800185,-16.091171419328774,-0.09322170619178927,-5.222428331432625,156.8989157934035,176.26622916957467,0.35886502963624434,26.65814598509904,0.517731104381565,12.533965458364918,0.13168935522610287,5.261544819697592,103.43683980140742,123.14134331030473,1.711115677259467,22.899149822724468,0.5335328246213652,28.62513687769369,0.22491106141789213,10.483973151130218,77.0
vid_0044_aug_2,vid_0044,False,Swing,85,left,87.64136139836042,119.20341471093067,-0.18693659461779288,13.73777989982271,0.2890843702821813,-0.6216713873188653,0.01724818639397957,-0.031070932613109576,29.943550072068057,30.40186188516554,0.5506851788962556,6.5285088005914735,0.14710368462534085,5.885067529226489,0.050086110047203244,1.8368878975366323,53.625935970590916,48.92969270913982,-1.4079665203082168,3.727506268238348,-0.005327283982005802,-13.795612446189779,-0.07599371744056205,-7.102883654465598,160.70167029267304,173.5930925805372,0.3875704684155322,27.65247923430232,0.5228614231943006,22.681676224718075,0.16082181973069204,3.3734847615956216,107.07573432208213,124.66339987139736,1.795536988723749,23.924972966063972,0.5281887071763064,36.47728867090785,0.2368155371712541,10.47636841606122,85.0
vid_0044_aug_3,vid_0044,False,Swing,73,left,86.70267291126287,122.84354188610067,-0.18985097735932457,13.547608767096628,0.2984783570002402,-1.1558903850086868,0.02012524577766555,-0.07604399278583178,28.860162572135465,31.628908701247727,0.548441089519662,5.979474708818296,0.1430276375463501,5.256091254535882,0.049864283784867784,1.8547126204325421,50.07321059479946,29.975315113033023,-1.3611249111568169,2.590986471458241,-0.009446662716928015,-12.540978274715009,-0.08090778895991502,-4.423333062233326,153.25244220044598,173.28867879725993,0.3711730451736889,24.910679361140552,0.5315939925008935,14.164863123745498,0.12162005133672288,4.1334987744493565,103.17923160564652,143.3133636842269,1.7322979563305059,22.31969288968231,0.5410406552178215,26.705841398460507,0.2025278402966379,8.556831836682683,73.0
vid_0044_aug_4,vid_0044,False,Swing,59,left,88.51669121719284,122.01121720089559,-0.18741387302099494,13.55980328238173,0.286217877068209,-1.4710176519479385,0.02452784744880679,0.034661671367802446,30.722660944098536,32.01118120738397,0.5414015895083452,6.392930747715801,0.14588890799729398,4.941044673847909,0.05550030015100478,2.33229986489625,57.01034586436905,49.84838157140969,-1.3363111676780526,3.6301682245959563,-0.004870254223904687,-14.07802993653403,-0.0852678541546576,-6.411547756316383,163.5300651123973,177.2442115066099,0.3733228083341914,27.15988444764751,0.535747434631651,9.94636491239524,0.16883675895957562,4.8618917781964655,106.51971924802825,127.39582993520021,1.709633976012244,23.529716223051555,0.5406176888555556,24.02439484892927,0.2541046131142332,11.27343953451285,59.0
vid_0044_aug_5,vid_0044,False,Swing,79,left,87.22385017119532,126.72682402901873,-0.18739050370319812,13.910778944339933,0.2868675324899971,-0.6934579197744628,0.016441161268054016,-0.024639504032496734,29.893386997916334,30.413765309983898,0.5297103254479414,6.122189835674545,0.14007332714560128,4.773110225502818,0.041601452254790845,1.7274564929556555,54.41932800979833,51.032266885274865,-1.2527639813393856,2.2515965701285032,0.01694724159967127,-14.983581592014232,-0.12940618223076716,-4.425350577674762,151.04022773219543,172.28634411664748,0.3226785091550979,25.870608882350222,0.5043052466208197,15.237169403409894,0.09979152122410656,3.6839665395719337,96.6208997223971,121.25407723137262,1.5754424904944835,23.61901231222172,0.4873580050211484,30.220750995424126,0.22919770345487372,8.109317117246697,79.0
vid_0044_aug_6,vid_0044,False,Swing,58,left,88.44283298989205,124.80837741124023,-0.19573566357347835,13.54093033409943,0.290273326482959,-0.9440913724723357,0.02299346962259536,-0.04618536325989934,28.942045794838684,29.575649388321967,0.5401546297968514,6.328478561542611,0.15245267378666774,6.053425580658584,0.06038289991377522,2.1106582448380773,57.83091061583494,55.135951943020245,-1.2988067595890163,3.651730574555558,-0.04055884076163643,-15.977526620847954,-0.1077742752930464,-5.005541235620603,162.06496171175078,172.650766376597,0.34029217428801894,26.83624058929646,0.5619539333933794,19.328744138332894,0.16951718219516387,4.447001455086005,104.23405109591585,117.51481443357676,1.6390989338770352,23.1845100147409,0.6025127741550158,35.30627075918085,0.27729145748821027,9.452542690706608,58.0
vid_0044_aug_7,vid_0044,False,Swing,77,left,87.66409102640847,123.75906724513358,-0.19740354700841448,13.531091631097569,0.2956572870852017,-0.7566270833659043,0.017750113928619138,-0.07614526534096865,30.481997804190865,28.964096262469727,0.5460201489771266,5.925404004378227,0.14862025389479397,6.000868428956952,0.054836788655451635,1.7033136815329468,50.519654616065424,54.17225296222455,-1.3166165146595288,3.7744570064625638,0.017071243844681908,-16.0384263104361,-0.1173347464254193,-4.403516442193853,160.56176226887513,171.9704971296476,0.34930923525730384,24.42072350283519,0.5042339613563654,19.20697865832375,0.16442686262624573,2.9703657200843496,110.0421076528097,117.79824416742306,1.6659257499168327,20.646266496372625,0.48716271751168355,35.24540496875985,0.28176160905166503,7.3738821622782025,77.0
vid_0044_aug_8,vid_0044,False,Swing,71,left,87.7715298019574,124.86876501112714,-0.17825774909029973,13.773404235146034,0.2852465011312183,-0.8107428391959641,0.021832428310975146,-0.013782627192246318,29.83084392777777,30.967980939508244,0.5412655251817288,6.025741813845116,0.15376555833030625,4.736750033449024,0.058138383688072066,1.5543299369906487,49.136325558722376,53.68172116248361,-1.4095224258865375,4.024139036299846,-0.05543557227284363,-13.837148676267645,-0.10893734379887998,-3.734091902900593,162.3876029343532,175.9935359161434,0.36526926547474625,25.937017200663288,0.5090902308193941,10.933034226771152,0.18691192104595444,3.2814711125569884,113.25127737563082,122.31181475365979,1.7747916913612838,21.91287816436344,0.5645258030922378,24.770182903038798,0.2958492648448344,7.015563015457581,71.0
vid_0044_aug_9,vid_0044,False,Swing,86,left,87.60250448929634,123.57531512754763,-0.18844042855797805,14.003784017547549,0.29370028821054645,-0.951704097768979,0.017454171909575742,-0.08255152909596618,30.160587079415187,29.64737336460967,0.5393543996659854,6.408142974296922,0.1462551456411944,4.470081477516528,0.04368486830815713,2.1483685379127673,55.79943808607037,47.14717624429618,-1.3569245333019446,3.5288484800517055,-0.02161102136543694,-15.575047185327747,-0.0770509894741278,-5.108284570165697,167.1612798273397,169.20681765356738,0.37957825609927154,28.08404715136941,0.5005792387173094,12.837627725447646,0.13401987226001857,3.7569110616306016,111.36184174126934,122.0596414092712,1.7365027894012162,24.555198671317704,0.5221902600827463,28.412674910775394,0.21107086173414638,8.865195631796299,86.0
vid_0044_orig,vid_0044,True,Swing,72,left,88.51594322178795,124.5947551646333,-0.19503262018976025,13.519905300667238,0.29346197591905343,-1.0062126414635781,0.01923209300906429,-0.04882840402432658,30.774914206822462,29.534776890753932,0.5456056917639622,6.124337235734977,0.14148710744078638,3.186956154459833,0.04549624462385645,1.4759550298431026,57.70485815699666,53.43205953824495,-1.3308943599355247,5.100418588609679,0.035793116375413145,-8.668047984509428,-0.13571977722789585,-4.084562239890828,157.13070700691455,169.5532593795376,0.3229876245487511,25.28246122392542,0.4891511017796787,10.206260195368884,0.12383398755873098,2.8433045035320372,99.42584884991788,116.12119984129265,1.6538819844842758,20.182042635315742,0.45335798540426553,18.874308179878312,0.25955376478662684,6.927866743422865,72.0
vid_0045_aug_0,vid_0045,False,Swing,69,right,90.71557714738061,74.89823351462192,-0.15192302055464207,21.878619112259937,-0.214227701628805,-0.8125551580484435,0.00952304878616927,-0.16801153399552113,27.760800522240007,24.721200662025517,0.38205803463093113,8.835231313754434,0.1913482952194564,16.996181440777747,0.12974203250405122,3.4506185252599524,23.462679474752246,45.604695563888185,-0.9967354861745263,4.446527858984698,-0.5726137212425005,-51.58478905198592,-0.223720399524373,-7.420136586893998,149.2251126659916,158.89372676466758,0.32877026008120247,37.939965724311186,0.38205455043195613,46.065053791589555,0.4849833148815531,11.54162107224217,125.76243319123934,113.28903120077939,1.325505746255729,33.493437865326484,0.9546682716744567,97.64984284357547,0.708703714405926,18.96175765913617,69.0
vid_0045_aug_1,vid_0045,False,Swing,75,right,89.98887458737032,75.30289682944598,-0.14464583833711767,22.0243349340737,-0.20637429404968616,-0.757847640686061,0.011313462606331154,-0.024771849168215912,28.339974131015936,24.70034608024785,0.38367175956513067,9.030887357015862,0.2095550191523667,15.011425447288929,0.12826989132620084,3.4762379773260417,39.73821869661555,40.13155006327798,-0.9916913533874545,4.43452218101333,-0.5108842260465642,-33.79605516200567,-0.31649804361513817,-9.067028042071485,153.67344180519018,148.15887114648632,0.4234375825709048,40.740584610575965,0.4204955309591775,41.90977892739627,0.446170109051617,11.60302119023436,113.93522310857463,108.02732108320834,1.4151289359583594,36.30606242956264,0.9313797570057418,75.70583408940195,0.7626681526667551,20.670049232305843,75.0
vid_0045_aug_2,vid_0045,False,Swing,81,right,87.9873484003578,76.85913415958424,-0.13453510588134804,22.245672802196196,-0.2135006766910213,-0.8762769774839723,0.008508061887746695,-0.040616765923445,25.87427372927682,22.65223781396835,0.37267554066295844,8.883906522892412,0.2014462437800154,12.147871812166244,0.11969871819728278,3.135700768949586,51.1386254856586,41.56973324389927,-0.9977299470871351,3.3158542499821806,-0.4852806081855387,-33.72789475827937,-0.2705293005311163,-7.469549890286519,148.5347669103024,151.36849933395843,0.37749401461566057,35.353564605585255,0.44500245120405113,35.293428820144605,0.47181220100332855,10.566232411015543,97.39614142464382,109.79876609005916,1.3752239617027957,32.037710355603075,0.9302830593895899,69.02132357842397,0.7423415015344448,18.035782301302064,81.0
vid_0045_aug_3,vid_0045,False,Swing,63,right,91.2849323285613,74.19599308839905,-0.15373057172455623,21.679934006589754,-0.22341218802763993,-0.9949813420780679,0.01156612685644402,-0.013480701181815397,28.890339672306016,23.399255915765888,0.3843025887438259,8.573321109599105,0.17867314186596903,15.34324911786271,0.12535907260703485,3.3369862608514422,55.5131271987817,43.35706659330892,-0.9643218048496548,4.922553071959375,-0.4776656886314232,-40.974824801572424,-0.3040283940492829,-8.527332323757204,154.01301136170454,155.89476478743066,0.35755005539559315,39.441475081291294,0.3461544728406656,40.82704018130404,0.4488044634622647,10.759218441780202,98.49988416292284,112.53769819412173,1.321871860245248,34.51892200933192,0.8238201614720888,81.80186498287647,0.7528328575115476,19.286550765537406,63.0
vid_0045_aug_4,vid_0045,False,Swing,82,right,86.34242450181213,75.53867579961108,-0.13564385232503479,21.87695844444133,-0.19978955932945835,-0.8878143383241784,0.007481349903942254,-0.05999766706697547,26.143604264863885,26.045111593010194,0.3605933094985245,8.712677311224825,0.20542691275095742,12.773565500412133,0.11703560285544984,2.9791538299869833,30.31713704933507,37.37520513449978,-0.9516151056473542,3.301751847190681,-0.44905733461886954,-41.549283634314364,-0.2757713958760784,-6.930091716563258,151.51043167437055,154.62470437372068,0.3259455486888775,36.95639769706764,0.4105132701114811,26.08819263829541,0.42295009143850626,8.115300954481697,121.19329462503548,117.2494992392209,1.2775606543362317,33.654645849876964,0.8595706047303506,67.63747627260977,0.6987214873145846,15.045392671044954,82.0
vid_0045_aug_5,vid_0045,False,Swing,65,right,89.34226557864164,74.03069496546922,-0.16516228071146483,22.153858227682804,-0.22422252029934667,-1.3812042170220764,0.010404856512863934,-0.01471350360824958,29.91325122413411,20.492075438419203,0.3937942320575515,8.65790892367061,0.15503577622122314,14.510402315821075,0.12636791251691043,3.3966161361891536,41.68699657764764,35.3570084141851,-1.0216214026821309,2.866349162251078,-0.4818818672027805,-33.99340933694353,-0.27476723710705675,-7.5256633790409,156.56785256434986,151.53017410050302,0.36026366521157605,38.59512330895755,0.3969225823047063,35.59505814243411,0.4837909264501973,9.386344736150459,114.88085598670222,116.17316568631792,1.381885067893707,35.72877414670647,0.8788044495074867,69.58846747937764,0.758558163557254,16.91200811519136,65.0
vid_0045_aug_6,vid_0045,False,Swing,74,right,93.79470101717263,74.12454806959354,-0.1413158291616647,21.797275221525243,-0.2101690883254505,-0.5736230747562979,0.008427617307639872,-0.0001182963218269822,26.50426469625808,23.37897418317143,0.3812282582359773,8.44792215450085,0.2006089912885788,14.80715874493889,0.1268383840615434,3.052491156803148,42.726673065703324,43.2581557603701,-1.0276983681949121,5.043216111869795,-0.49317902920904444,-32.76353235556511,-0.24676166773758507,-7.455502343747799,155.40993450302298,143.62581252338794,0.36648852770558826,37.24397089963419,0.4159338083527939,41.31345872948235,0.5203994112792409,8.587021187642389,112.68326143731966,100.36765676301783,1.3941868959005004,32.200754787764396,0.9091128375618384,74.07699108504747,0.767161079016826,16.042523531390188,74.0
vid_0045_aug_7,vid_0045,False,Swing,81,right,87.73304974814633,75.57788555397231,-0.13361238907495376,21.997665373536076,-0.2059498880416856,-0.6225514889953571,0.007294159090414778,-0.022546365168370254,26.21479705110412,25.279396452357954,0.3701087056379574,8.614770300841759,0.21030406036745597,12.278615411021782,0.11748341399847961,2.942220671050547,49.78041928914565,43.58552514164098,-0.9961480981516897,2.478479540276584,-0.5022562993254954,-33.38208130114191,-0.2695816325327807,-6.806754408647674,155.38167419044302,158.60644648283736,0.37723478012935363,35.62823079310297,0.402252505891992,29.641589532018486,0.4859210599233875,9.561262862684984,105.60125490129738,115.02092134119638,1.3733828782810433,33.14975125282639,0.9045088052174874,63.023670833160395,0.7555026924561683,16.368017271332658,81.0
vid_0045_aug_8,vid_0045,False,Swing,75,right,92.5499406942108,74.39685026864774,-0.14292054570870275,22.001774871797146,-0.20369661742494702,-0.8223263660654359,0.008581945035635249,-0.05048780669078469,26.313809874620244,23.801318592479713,0.38204109315714474,8.588525468265102,0.1891574140957314,14.573698602614066,0.12260159260751693,3.2414766130487704,52.75505376836623,37.50827100991197,-0.9821690630713353,3.5660633532547785,-0.47690267522418117,-51.48750603472694,-0.31561291644196227,-7.923237109967579,159.09227507176251,147.3218461957304,0.45441692871709816,35.69072565577383,0.43544993276292526,33.130632058238014,0.4450150478302032,11.713268669226178,106.33722130339629,109.81357518581842,1.4365859917884336,32.124662302519056,0.9123526079871065,84.61813809296495,0.7606279642721654,19.636505779193758,75.0
vid_0045_aug_9,vid_0045,False,Swing,60,right,94.56223981534298,73.07767197999014,-0.15814295310609694,22.276460403786317,-0.22769004469431203,-0.9963189823017914,0.01250808721845901,0.057741719414755144,28.697730589016285,21.406877018092732,0.39622923041172503,8.641633474637555,0.15751701850894786,15.928068929748056,0.12786959439612267,3.298287332211189,50.64199077884268,42.437353945209225,-0.9787289216991127,3.258008372551216,-0.47115499606493383,-47.028516800775165,-0.2921976987582763,-6.916440194989635,153.6011881757288,149.275776988659,0.321176214460437,36.36124320543588,0.3025404265305445,47.75517228426273,0.5095089216505815,10.38167818282054,102.95919739688611,106.83842304344978,1.2999051361595497,33.10323483288467,0.7736954225954784,94.78368908503789,0.8017066204088578,17.298118377810177,60.0
vid_0045_orig,vid_0045,True,Swing,72,right,91.55291567295465,75.78943337531848,-0.14293751318308343,21.884903485568415,-0.20973593958008852,-0.7982369655214883,0.008799325870196549,-0.044223303739478616,25.979664602714724,23.695483566776282,0.3862584964900382,8.779610885469145,0.1910665930476953,13.48422892683342,0.1391105543614113,3.3313985716691006,59.16233211622538,47.02269663562802,-0.957055507395605,4.607792638025044,-0.43446940417250124,-35.80625346516641,-0.33867457807608975,-8.82955527339489,147.21772432691574,153.76380854486933,0.34245041727863845,37.32534226020826,0.3993879444846892,40.689765297665225,0.45822675431414345,11.47078119357411,88.05539221069037,106.74111190924131,1.2995059246742433,32.71754962218321,0.8338573486571904,76.49601876283162,0.7969013323902332,20.300336466969,72.0
vid_0046_aug_0,vid_0046,False,Swing,72,left,84.97515494474636,108.67795148289673,-0.1896794584809377,14.93125069927914,0.07512146971610406,-1.2547708241623796,0.020602023069367065,-0.01839313075004238,33.013511826323985,31.39233503082225,0.47360473645079937,7.213001919896297,0.2346655722075414,10.328397211276746,0.10662871276811914,2.699515620427326,38.016325220998375,10.123483779506426,-1.1824677267039543,3.553756380612561,-0.4948839951362101,-37.18884236925143,-0.261730588477177,-8.09553207043991,156.4498366665554,168.10043003066212,0.34153504462408124,33.96329222655399,0.35116372853399624,32.98351799806705,0.5819428712479053,6.406607896378556,118.43351144555703,157.9769462511557,1.5240027713280355,30.409535845941427,0.8460477236702064,70.17236036731848,0.8436734597250823,14.502139966818467,72.0
vid_0046_aug_1,vid_0046,False,Swing,66,left,75.81761924157863,118.23847010908513,-0.046282738114382736,15.265332269570369,0.19936775519138147,-1.4072571603289095,0.02005700831050741,-0.02169447323650097,27.249629690363314,23.094317219822415,0.4168573245480776,6.6048485446433,0.13475284497280735,5.389979731116303,0.047632178490540036,2.8234370599110794,33.18046804494691,57.38325316445719,-1.0564095055679346,3.6800212737863482,-0.15164416513450862,-18.816143657821037,-0.06304124872352507,-8.130120463880926,143.36695924947455,154.2691944029807,0.3395794430126893,32.94961903969054,0.4206267469473511,7.161446021584332,0.13904917296626507,6.305172869734459,110.18649120452764,96.88594123852351,1.3959889485806238,29.26959776590419,0.5722709120818597,25.97758967940537,0.20209042168979013,14.435293333615386,66.0
vid_0046_aug_2,vid_0046,False,Swing,79,left,76.91978443687034,119.05076441983076,-0.0515601025130903,15.290566536468852,0.18872892937189661,-0.7460922308456311,0.015151136907439994,0.0474196032894689,27.114024492606845,22.75188818667322,0.4175280797832308,6.8946456737186095,0.12963669451877133,5.346384395370241,0.044589013247407806,2.771756493345438,36.48293236942433,68.1860994252684,-1.119406114420312,3.7747926513593213,-0.1652448070463403,-23.30528919422722,-0.13126242830549384,-7.343806883629517,150.38324809172747,162.84640376827255,0.32866934016552407,32.9778469705469,0.39898421427516834,11.36152760604783,0.10118906245689957,9.981683341868674,113.90031572230313,94.66030434300416,1.448075454585836,29.20305431918758,0.5642290213215087,34.66681680027505,0.2324514907623934,17.325490225498193,79.0
vid_0046_aug_3,vid_0046,False,Swing,65,left,84.08299200334713,108.08756828983947,-0.17017965987290345,14.88161675214593,0.10569641991143841,-1.68008386793042,0.019596586504816483,0.005647633072452534,33.40809369361477,29.413266749785482,0.46837719482507895,6.940241291977006,0.2301568373860106,12.82404232538169,0.14523386664503368,2.308806705762232,40.34525996449402,52.78567287205111,-1.1609209267152028,4.357370580462782,-0.5262154006850613,-52.91141774509218,-0.4286414739783464,-5.008827547646824,167.02060638643397,172.21492670264544,0.3214045666058023,31.2040236030796,0.36642119757095115,34.0161439456877,0.5420689071434182,7.53988010696024,126.67534642193995,119.42925383059433,1.482325493321005,26.84665302261682,0.8926365982560125,86.92756169077988,0.9707103811217646,12.548707654607064,65.0
vid_0046_aug_4,vid_0046,False,Swing,60,left,75.92743686468248,117.46038577846667,-0.06836058142340203,14.859750136288575,0.18678631007920188,-1.5691189861304815,0.022301312964240833,0.08636092672183729,27.362956440868842,25.35373367921769,0.42626680721563087,6.6442805341673425,0.13706710073233,5.949466749099955,0.043084644620140666,2.7365859352297304,41.83895213164107,52.84052932670168,-1.153161613069101,5.093857827209821,-0.17152700804274973,-21.958076931670725,-0.043690507653993516,-7.102239468272333,145.80605606215337,164.21233174080675,0.3379929900839217,30.519139744577025,0.38837468164857725,12.087836682556834,0.16594738886349025,7.007879800045211,103.96710393051231,111.37180241410508,1.4911546031530225,25.425281917367204,0.5599016896913269,34.04591361422756,0.20963789651748377,14.110119268317543,60.0
vid_0046_aug_5,vid_0046,False,Swing,83,left,76.26500689213293,118.77522263751828,-0.0576035551585517,15.038386989171977,0.19100881802857983,-0.8864936820086539,0.01716647434611151,-0.02734507176695466,28.354734212642622,23.300191244639308,0.4192437417983392,7.363239200329416,0.13345485604132806,5.091482407219887,0.044236191151497996,2.8112743989710456,39.035777457590235,41.87423792849326,-1.133677511181671,1.4837712639219514,-0.1319786790781981,-16.405205185890367,-0.07624242804774095,-9.135397370181792,159.40894306755663,159.23622169489158,0.3511237075777843,34.48561301347267,0.3683370353289532,13.141579656997209,0.1346483652293236,8.325467741877349,120.3731656099664,117.36198376639832,1.4848012187594555,33.00184174955072,0.5003157144071513,29.546784842887575,0.21089079327706456,17.46086511205914,83.0
vid_0046_aug_6,vid_0046,False,Swing,80,left,83.28610961387238,108.95501513075294,-0.14832390501601778,14.718582088782597,0.10545760142344744,-1.2047144235495661,0.018041297464827202,-0.011066484588404901,31.92785508864503,27.868192774043504,0.4531793051683993,7.134477507002974,0.21243703931896332,10.491952474087094,0.12400307391133482,2.85395623971007,39.329284858836125,54.54778452889357,-1.1343191710723735,2.1088086248005853,-0.3759517490982681,-44.32546375211918,-0.2938846818794898,-8.52944411061726,154.17976855020527,164.28829860552926,0.32071075908787616,32.102645456709,0.36179507034778247,30.769755387832614,0.542012289358593,5.840062860841762,114.85048369136913,109.74051407663569,1.4550299301602496,29.993836831908414,0.7377468194460506,75.0952191399518,0.8358969712380828,14.369506971459021,80.0
vid_0046_aug_7,vid_0046,False,Swing,82,left,78.38042608728779,115.98586780491472,-0.08702034524712363,15.369282317974841,0.15026819880444583,-1.048077582542601,0.014008357158913543,0.042825342341358694,27.989846253686522,26.175390112294203,0.4317145047904999,7.078440275308244,0.17118222506093322,7.84707451589399,0.08382370082208808,2.543544203945228,34.06755147363233,61.263575891513604,-1.0979839731899426,3.629424774063529,-0.346139221927418,-36.13971182278712,-0.24106734853760226,-7.393025161143326,153.03210996112944,167.17055311857862,0.3902383272518073,32.88158747235791,0.40457440694928887,34.066736586743566,0.42057129007942384,7.290720039039472,118.9645584874971,105.90697722706503,1.4882223004417499,29.252162698294377,0.7507136288767069,70.20644840953068,0.6616386386170261,14.683745200182798,82.0
vid_0046_aug_8,vid_0046,False,Swing,82,left,79.03576747888734,113.56799061347967,-0.10028016784574134,14.780366744991616,0.15613635596209885,-1.263077648649809,0.017398465341925493,-0.0841416077363873,29.306554264930817,27.689384429107673,0.43015896113799773,6.873553153782192,0.17089189406175617,9.496324089711317,0.1169242974974792,2.4296981203670986,37.89830645525955,54.528791453259444,-1.1052378091363293,1.6898828319524843,-0.33933699101389064,-34.90714183052281,-0.42195835898112105,-6.641523452855873,157.26348414152235,170.66822469805825,0.34087102510016576,30.431426026277492,0.37359087977006034,33.71800196469925,0.424815003176257,7.977895831942258,119.3651776862628,116.13943324479881,1.4461088342364952,28.741543194325008,0.712927870783951,68.62514379522206,0.8467733621573781,14.61941928479813,82.0
vid_0046_aug_9,vid_0046,False,Swing,77,left,76.72743583588428,118.19348884265376,-0.0581315183286993,15.003543659569647,0.18851002079942927,-0.9936354358489918,0.017500963597618196,-0.004003233593970869,28.609711589600582,24.072441405272034,0.43211597022142223,6.878216317108478,0.12708435440456786,5.775560495309756,0.04367016773245139,2.3087310218565587,38.81071412426978,55.28647608824744,-1.1847630194121925,3.2622365261729476,-0.16656016818337666,-23.404956641922197,-0.07409139511397977,-5.2987224348189965,157.5387072103601,174.9620221149867,0.3770775003130338,34.8214831164423,0.36997454036459804,11.098855182584035,0.15526473807864338,6.069791310264556,118.72799308609031,119.67554602673926,1.5618405197252263,31.559246590269353,0.5365347085479747,34.50381182450623,0.22935613319262316,11.368513745083552,77.0
vid_0046_orig,vid_0046,True,Swing,72,left,77.02592712577172,120.18714696722265,-0.05797107143975296,14.895110960143686,0.1915721528685421,-1.2362352859775636,0.019007137969348588,0.023872813212342518,27.97124181531471,21.930857708084275,0.424882831425413,6.896568884435134,0.12332961286853426,3.2490462591216027,0.030925782342848093,2.5553074060361047,47.00545938345503,64.86122288469035,-1.1035670968189886,5.4132425628453325,-0.12501960820036057,-17.987060023153994,-0.027032179336115736,-7.392982525357689,148.27387499009825,159.05741957725718,0.2874131792099077,32.189162522742215,0.3694858068466338,5.266288645015813,0.12978960087554947,7.72145045165234,101.26841560664322,94.19619669256683,1.3909802760288963,26.775919959896882,0.49450541504699436,23.253348668169807,0.1568217802116652,15.11443297701003,72.0
vid_0047_aug_0,vid_0047,False,Swing,66,right,95.76401579946744,86.83149648332414,-0.6245227721200123,11.28650227240092,-0.2789864134222619,2.1538542001914207,-0.01121731288112493,0.30212760166361546,41.09968279521495,30.48650576123927,0.2892860012195046,6.026439714866789,0.19590549781404332,12.169199467945083,0.060034348494584215,1.5498566684580926,24.39150295532445,52.03027482400804,-1.0865565890015714,0.974175681594667,-0.5884702815270735,-17.140381440342935,-0.2191556180553883,-3.0475010425794244,161.58957316835517,164.92721236868263,-0.2055343169725089,25.39019519168432,0.061478175096572364,44.66643202688224,0.12967659602435216,3.3476373521029537,137.19807021303072,112.89693754467459,0.8810222720290625,24.416019510089654,0.6499484566236459,61.806813467225176,0.34883221407974047,6.3951383946823785,66.0
vid_0047_aug_1,vid_0047,False,Swing,79,right,95.69839757179679,86.76205680534125,-0.6159142787947134,11.519549058184058,-0.2875815434385853,0.973228606939436,-0.007484893371738789,0.2070975368076485,39.74370659288753,32.277200989628234,0.2807536669484041,5.979282378686119,0.19278349823349664,11.14298389743952,0.05625948820813553,1.6045910290155423,14.171477386669597,54.3381778601598,-1.092683922660637,1.4711163570153092,-0.5553783907706509,-22.132008527234504,-0.168112227700495,-4.117328856004411,163.1130013515243,173.07370673136586,-0.23448149699283338,26.18358278696839,0.07338090220083754,47.060812287021044,0.1621997334977433,3.9596390527464322,148.9415239648547,118.73552887120606,0.8582024256678037,24.712466429953082,0.6287592929714885,69.19282081425555,0.3303119611982383,8.076967908750843,79.0
vid_0047_aug_2,vid_0047,False,Swing,63,right,96.16393867265059,87.07064671873738,-0.6200247745526888,11.459457361574216,-0.2829111852559426,1.3634646603000742,-0.012270704771234046,0.19589377538664118,41.65021312367948,30.625659837491398,0.2811006723944654,5.707810283334489,0.20072404891019557,12.476860430346662,0.06402141375502197,1.7433492193730282,5.2965519678145725,52.698164300416394,-1.1156471307615847,1.8029507194089165,-0.5605545506438802,-26.857757465618135,-0.206597580489482,-4.7966354676235365,164.77136859682702,168.56101826760082,-0.19205927983244253,24.549946780113082,0.08231955010575814,53.18902525306791,0.13413511224657537,4.189599116470202,159.47481662901245,115.86285396718442,0.9235878509291422,22.746996060704166,0.6428741007496384,80.04678271868605,0.3407326927360574,8.986234584093738,63.0
vid_0047_aug_3,vid_0047,False,Swing,68,right,95.80320052385687,86.80067381954123,-0.6164453383489702,11.512478601374998,-0.2761931372589211,1.747032347709392,-0.011040500330347742,0.2625919952035966,42.80808476739075,31.848033369666286,0.2804963144306344,5.450277139686342,0.19351688578940604,12.685938680176319,0.06128735284929866,1.4426048251780064,24.69188688066199,54.1208639857875,-1.0693531779058512,1.285890364675705,-0.5688768270667899,-25.79620713811172,-0.22507089307728023,-2.705197097553608,176.72400630407844,170.86274708698852,-0.19205485691806778,26.426835016862313,0.03409297919056458,43.25861305487818,0.12402418884065936,3.763320145053166,152.03211942341645,116.74188310120101,0.8772983209877834,25.140944652186608,0.6029698062573544,69.0548201929899,0.3490950819179396,6.468517242606774,68.0
vid_0047_aug_4,vid_0047,False,Swing,71,right,96.30199873422235,86.06914912794868,-0.62155077083699,11.602207464466995,-0.28150298504194243,1.82890236085941,-0.010369923872633666,0.24136914461654257,41.93393185693517,30.334052640730242,0.2856540805356447,5.862014454609758,0.19744081043535247,11.226363590416117,0.05352986749495999,1.591356077022781,29.444096910208703,53.295294439443836,-1.1710914580976435,2.3587086356170683,-0.5642103464946283,-18.51352074213587,-0.17600743381054484,-2.8647623759035397,156.68505769268663,158.87374266310633,-0.22212071465723782,27.528148448410565,0.07111164557358124,48.21578247953244,0.10481630666984265,3.4813099702771284,127.24096078247793,105.57844822366249,0.9489707434404057,25.1694398127935,0.6353219920682096,66.72930322166832,0.2808237404803875,6.346072346180668,71.0
vid_0047_aug_5,vid_0047,False,Swing,78,right,96.31677615727138,88.93845722808823,-0.6196820756233143,12.013671005083289,-0.2844816252295683,1.2902494680466345,-0.009501820681936321,0.21175107955480052,42.7038129974823,33.28257002234196,0.2843471203290347,5.586343253063722,0.20116842332193988,11.888893100538594,0.055673909853520345,1.7158811590888206,19.673369581932842,47.99961095653574,-1.0677858838362735,3.274073721488285,-0.6011802932880295,-32.50308191076701,-0.16184221832436668,-5.736600070129343,150.458762512281,176.52455105188884,-0.20911202779442217,25.442308775443035,0.06992739558269372,48.82085504664509,0.14569657402473712,4.124844449084824,130.78539293034817,128.5249400953531,0.8586738560418513,22.16823505395475,0.6711076888707231,81.3239369574121,0.3075387923491038,9.861444519214167,78.0
vid_0047_aug_6,vid_0047,False,Swing,68,right,96.41455243607918,86.47556496177724,-0.617958073370825,11.981747135950686,-0.2730042179661566,1.5036589087800478,-0.01101039330334522,0.15365613277149937,39.14099516889695,30.75105358135213,0.28949611903175415,5.655447976475565,0.19917139073940743,13.927287679900761,0.06243755331226325,1.7273735562477062,11.973582023627229,51.19819374478437,-1.0917962242238382,3.2817413069990518,-0.5931497400628417,-31.373326594475294,-0.19877640427761922,-4.259727829760775,158.3280910659002,163.11524501203755,-0.2092435589529571,25.302222078626958,0.11658686274022408,54.926652207024325,0.16523907273138444,4.079064739352142,146.35450904227298,111.91705126725319,0.882552665270881,22.020480771627906,0.7097366028030658,86.29997880149962,0.36401547700900366,8.338792569112917,68.0
vid_0047_aug_7,vid_0047,False,Swing,65,right,94.95982915944523,87.25161370396191,-0.6146214184777116,11.560338848268442,-0.2729144711928507,1.7825609455595866,-0.011675128069621012,0.23166386626802124,41.177225300641055,31.632811968819432,0.2895695080579246,5.726680466271808,0.20272241651271805,11.866821605058862,0.06716232323555651,1.44941237113116,26.67724738926159,57.733572510727704,-1.074396690705363,2.4890507032924964,-0.566683667822621,-21.01676571438194,-0.21629662525114401,-3.344573060179026,160.21043152560438,166.51666045670848,-0.18008203367678888,25.28035020233533,0.0705376440772762,44.71338344199275,0.10700279418455722,3.457370547635821,133.53318413634278,108.78308794598078,0.8943146570285742,22.791299499042836,0.6372213118998973,65.7301491563747,0.32329941943570123,6.801943607814847,65.0
vid_0047_aug_8,vid_0047,False,Swing,70,right,97.15475867430519,85.95803340734709,-0.6248121790840694,11.922567967218802,-0.2759367647565935,1.3249272005322017,-0.010809858840405492,0.22158988483450634,39.30759634659677,31.73543173309424,0.2877728015370864,5.735429117901753,0.18826114584185485,11.054656874296976,0.05692896065031714,1.5268224901367133,22.657134613270387,51.15043938438778,-1.1151269237261108,2.2680320670919336,-0.539578421341737,-32.945505502548734,-0.16814591627789022,-3.472646738939498,148.22138607944603,166.5223974895647,-0.21391439170379412,25.424716726302545,0.06785678560842123,36.80623712023753,0.11981520531764878,4.004999256106674,125.56425146617565,115.37195810517692,0.9012125320223167,23.15668465921061,0.6074352069501582,69.75174262278627,0.287961121595539,7.4776459950461724,70.0
vid_0047_aug_9,vid_0047,False,Swing,86,right,96.68186536244905,88.8424267619948,-0.6193284532586271,11.717553144014396,-0.2797288253331917,1.2673793254395507,-0.00816043365409621,0.19621963415286542,38.95806134523015,30.15960704038352,0.27907716357804224,5.618580154715638,0.1909551129386456,9.963918859612596,0.05582764540034388,1.5343117670144681,3.5485986805438117,54.01695955922888,-1.0830473491298598,3.320103315455785,-0.5947820569432265,-20.679586063724653,-0.2133617375216439,-3.8822628388877893,155.80312404173645,163.85332905659487,-0.20570259065087615,25.42797255683512,0.049225097098913186,42.09770535230368,0.11296043961080116,4.18802695531363,152.25452536119263,109.836369497366,0.8773447584789836,22.107869241379333,0.6440071540421397,62.77729141602833,0.32632217713244505,8.070289794201418,86.0
vid_0047_orig,vid_0047,True,Swing,72,right,96.31963792390317,87.38418079959314,-0.6210783155707108,11.490618421757775,-0.28013444670085774,1.5226615759090754,-0.01056568786825482,0.23259015005886013,40.95108729049629,31.28765073695902,0.28613862452464456,5.62761089561339,0.1943537683423863,10.62565472104624,0.058010275277897205,1.0608285699819626,25.117745496598666,60.11314136834597,-1.07326273303321,3.422819391613434,-0.525413889369338,-17.853935636524035,-0.21718716947553662,-2.846688602601053,151.400370594548,165.4715569824041,-0.23802147351659553,24.487803666798488,0.04324689161267345,43.645819712318335,0.10596799350024994,2.8631558447297936,126.28262509794934,105.35841561405815,0.8352412595166145,21.064984275185054,0.5686607809820114,61.49975534884237,0.32315516297578656,5.7098444473308465,72.0
vid_0048_aug_0,vid_0048,False,Swing,78,right,86.02675829125899,105.94002157259804,-0.24014698200853693,16.634893647535403,-0.15093391083800825,-1.4592069809062596,0.011472290009115215,-0.1700263295533417,30.740219555287922,36.27494107765918,0.4636679489169082,4.709471724985294,0.33493685654534205,7.879763856343115,0.062287560147166715,1.9077985506946926,34.139225883900366,36.864152003858955,-1.207784133195898,8.304552644983582,-0.6495003717603819,-22.54861081750066,-0.15055804076547508,-3.963479493389457,156.90008718931801,177.57078166350846,0.3188732586893266,27.793141631848012,0.3211010825225976,17.2457463928434,0.1439371862245683,5.2467591366180235,122.76086130541765,140.7066296596495,1.5266573918852246,19.48858898686443,0.9706014542829795,39.79435721034406,0.2944952269900434,9.210238630007481,78.0
vid_0048_aug_1,vid_0048,False,Swing,75,left,91.68544925694059,96.29679846602684,-0.063037173761851,17.141077587048223,0.25837245805707537,-0.6331408897457448,0.01703381709146885,-0.16915491307198438,26.910103639185717,40.36067126984808,0.5782282054295462,4.759141439858046,0.19434376870768508,6.668838115391722,0.06939067218345799,1.5097818740416022,46.667233214306975,36.583386893746955,-1.313585735736225,5.273055438842405,-0.5476737032680137,-23.291620412378883,-0.2578391800282166,-2.7809765684883745,155.81045888245941,178.66941201116927,0.562259174068505,27.167966753099474,0.522137337896952,15.483991077555423,0.19728411302098015,3.8277680164430814,109.14322566815244,142.0860251174223,1.87584490980473,21.89491131425707,1.0698110411649657,38.775611489934306,0.45512329304919674,6.608744584931456,75.0
vid_0048_aug_2,vid_0048,False,Swing,58,right,85.85281628231738,103.15255064959462,-0.1962533404479763,16.525842500752095,-0.06645411468831453,-1.7580830809184589,0.019329200082100303,-0.14850812536220398,29.252667523050835,39.977458670963415,0.47528321979807187,5.087049921577978,0.34252635797750686,7.9165384159035055,0.06991771990168964,1.9668243797760339,37.86353754632696,41.387793583160644,-1.1125854597385634,6.440919417169434,-0.5757207433005838,-20.501019689231583,-0.22312742608926767,-5.58296862081081,153.77639434058108,176.706418307041,0.49726364368021736,27.299750182938514,0.4591665499277163,18.44102890186095,0.16242405121042258,3.513592378665636,115.91285679425411,135.31862472388036,1.6098491034187807,20.858830765769078,1.0348872932283002,38.94204859109253,0.38555147729969025,9.096560999476445,58.0
vid_0048_aug_3,vid_0048,False,Swing,84,right,85.84119933942391,103.53051391062198,-0.22216251966652045,16.58549039435575,-0.08979465299851613,-0.930968190472977,0.012538013169086672,-0.1899484307877417,29.567516543939394,39.41995209505087,0.4677585532372795,5.164213818797245,0.34112581865889063,7.893851988427961,0.05689310623681837,1.6116859198024702,36.42010794465551,33.769780623882106,-1.2702944892941852,6.97800493958529,-0.5752307798299815,-20.404916916300664,-0.14977543936909,-4.703948890862184,173.44303234915816,177.0901789585096,0.37050217054942647,27.44133357508828,0.4154180100909911,22.546233481281718,0.15079251874883892,3.419375071241899,137.02292440450265,143.3203983346275,1.6407966598436117,20.46332863550299,0.9906487899209726,42.95115039758238,0.3005679581179289,8.123323962104083,84.0
vid_0048_aug_4,vid_0048,False,Swing,66,right,89.49805290365047,103.32007518952628,-0.12306993184453935,16.994535415639625,0.11421634376381114,-1.4574086204826349,0.016911150225991156,-0.12904605005705733,27.927057051535144,40.439461615799814,0.550709982260509,4.723485268244122,0.3231230448238005,6.3302574705621915,0.06982068200565665,1.8696237667369822,44.657480920619165,40.57405043469625,-1.151167220875595,8.892227876770853,-0.5736106509834104,-17.878170949650958,-0.22799664833188538,-4.3486597064127634,148.8035245674021,173.02545835154268,0.5501653618067539,28.25267848376047,0.5173808152010789,15.09771618222684,0.14618073001023968,3.712143190111295,104.14604364678293,132.45140791684645,1.7013325826823489,19.360450606989616,1.0909914661844893,32.9758871318778,0.37417737834212506,8.06080289652406,66.0
vid_0048_aug_5,vid_0048,False,Swing,86,right,86.06842503270163,102.31983280235411,-0.16637197235827336,17.02579316864604,0.015618367136176014,-0.7068355252887352,0.012826686711855828,-0.04883001178101951,29.185300126928176,38.100240720236734,0.5155025798664282,4.813901322875801,0.34869819021764475,7.020364162593608,0.06529776282297593,1.7541945865559418,33.53952732282028,34.642201512624524,-1.1546878525660769,8.808324535323747,-0.6120185214312196,-17.910211691709264,-0.257732195643009,-4.3197109836474485,148.10952599738033,177.80526245975682,0.5441447222153319,27.477774200514773,0.5559699873931774,21.154412882902363,0.12619991509025313,3.6020671799350046,114.56999867456005,143.1630609471323,1.6988325747814088,18.669449665191024,1.167988508824397,39.06462457461163,0.3839321107332621,7.921778163582453,86.0
vid_0048_aug_6,vid_0048,False,Swing,74,right,84.71976060279208,104.2124205077596,-0.2160112958370015,16.85548689545211,-0.13704125610969287,-1.2620071804339934,0.017577854536527826,-0.2404642488292856,30.21653544077367,36.53985484531753,0.4602968532051991,4.910245921842103,0.33575795727164526,6.629637419026893,0.058438093534813045,1.5670882676305287,39.40833466729858,34.41164838616768,-1.1351783172513112,6.15727199644687,-0.5998784737780745,-20.769034112811056,-0.13583893537662894,-4.955177227339039,154.9304167409987,172.8930729647657,0.35410745942963595,27.55301386806914,0.38483237881133775,15.434083472578767,0.17622382883781407,3.0427395927943888,115.52208207370012,138.48142457859802,1.4892857766809473,21.39574187162227,0.9847108525894122,36.20311758538982,0.312062764214443,7.997916820133428,74.0
vid_0048_aug_7,vid_0048,False,Swing,75,right,85.02664561272698,104.0011661714331,-0.2160980315677566,16.917454194429236,-0.12045490942033221,-0.8945377561963117,0.015357216580621103,-0.1454052448811904,28.906384384291204,37.08668631542724,0.4666886522610884,5.09528771605281,0.3370637406167002,6.6815609588474,0.057063975362978615,1.8788781856740195,32.644306682577195,42.45022407238215,-1.2026593209172671,6.499333623092209,-0.6106568176286351,-18.64781145873397,-0.10864231439065908,-4.506195810234337,146.61089371229778,171.56197381906992,0.3606978676620701,26.295576513528204,0.3655321478089186,14.53593247811159,0.15343007413054316,4.256675685663621,113.96658702972059,129.11174974668776,1.5633571885793374,19.796242890435995,0.9761889654375537,33.18374393684556,0.26207238852120224,8.762871495897958,75.0
vid_0048_aug_8,vid_0048,False,Swing,75,right,86.14508566958543,103.91538670898235,-0.2235792415500274,17.211157764953892,-0.12436327729661523,-1.1071050550777264,0.01437031310257168,-0.1427231584656809,31.114307406097033,37.149495997157416,0.46915239736366254,5.029866556547454,0.3432990922301525,7.847248005385782,0.05633283937872313,1.960965252452507,39.4588630406762,36.0327473305698,-1.1504864264654926,5.106657516018121,-0.5903936813742046,-19.22700839571137,-0.12522467567098267,-4.9652960876570145,151.37451561441108,174.01324673391835,0.38105059068555147,27.496680784733122,0.34853494869253054,30.670883002493117,0.16241075851424425,4.693848176793065,111.91565257373489,137.98049940334855,1.531537017151044,22.390023268715,0.9389286300667351,49.897891398204486,0.2876354341852269,9.65914426445008,75.0
vid_0048_aug_9,vid_0048,False,Swing,68,right,84.35730936148616,104.18766033703082,-0.2021151983294549,16.50408266438688,-0.0952147230998857,-0.9175242477991405,0.015938004643918556,-0.24544393717149884,27.996713730699337,37.2926541350361,0.47811746844298814,5.3016951045200384,0.34974698178714964,7.266717209360334,0.06359322049715621,1.573656056499518,35.994858310650486,39.24274881568659,-1.1677428443821456,7.317343007309012,-0.5903852383625441,-18.34480785116532,-0.1599717537783043,-4.15431574850984,151.11470268768883,172.6002085878021,0.5058365375928566,26.13218940787864,0.4319566987421236,19.752941411549926,0.1609299385133799,4.3594233762323364,115.11984437703835,133.3574597721155,1.6735793819750022,18.81484640056963,1.0223419371046676,38.09774926271525,0.3209016922916842,8.513739124742177,68.0
vid_0048_orig,vid_0048,True,Swing,72,right,89.3367208170433,101.84373928817878,-0.11806313016653928,16.691807584757058,0.14080112585430846,-1.143231487650849,0.014745984068578253,-0.19754676990011308,27.461909953666794,40.635796321268884,0.5504289023307807,4.681204429542658,0.3073213314071041,5.187847267685954,0.058085829199442635,1.370354474542977,43.88287328735352,36.18141444325587,-1.1168783511108185,8.68634669253913,-0.5511936833860582,-16.88470196853589,-0.20638559655267746,-3.8403764743889752,146.77450547098562,172.41197595136103,0.4937870095338214,26.74269029621521,0.4945541220853847,13.616637118307967,0.10466421370224213,3.595783729565629,102.8916321836321,136.23056150810515,1.61066536064464,18.056343603676076,1.0457478054714429,30.501339086843856,0.3110498102549196,7.436160203954604,72.0
vid_0049_aug_0,vid_0049,False,Swing,65,left,84.08413394347315,133.46367868537092,-0.17224401201415626,11.154940046129177,0.2738778583969914,-1.5665799911136244,0.02061804977495902,-0.31348444452450774,32.731885730770166,20.781931904344496,0.5129873034593062,5.681308265496836,0.1531556634174088,4.80818064957964,0.05045030879676817,1.5835982752068014,47.45621244125438,75.10444368608795,-1.1915701847078453,3.114389903289739,-0.07790129191890525,-11.483990990849634,-0.08523932539427159,-3.610182224007021,153.20570719958147,172.6353370287919,0.2814994798114727,22.88347711445812,0.4813727064724365,9.407381382055036,0.14547395339434532,5.652736805312205,105.74949475832709,97.53089334270395,1.473069664519318,19.769087211168383,0.5592739983913417,20.89137237290467,0.23071327878861692,9.262919029319226,65.0
vid_0049_aug_1,vid_0049,False,Swing,68,left,84.12459781703708,134.75001135379253,-0.15891067646441365,11.01145547320739,0.2717501923284943,-0.8635164378804023,0.018552131878801885,-0.2671864496958829,30.327508810969363,18.84964467012448,0.5132986607039114,6.209901905286387,0.14811015869652547,4.872324451015196,0.04581456973138546,2.2425179177731933,52.562669974686,54.17293565267946,-1.1709056311590011,2.4936905802391345,-0.05377865514575121,-14.921380526571703,-0.13187776719093897,-6.5477207065064675,150.8088398194811,172.1040922487633,0.3453370361839264,28.821959847359256,0.46872257208109813,12.777950836471689,0.13546431800389958,6.510215355937621,98.2461698447951,117.93115659608384,1.5162426673429277,26.32826926712012,0.5225012272268493,27.69933136304339,0.26734208519483854,13.057936062444089,68.0
vid_0049_aug_2,vid_0049,False,Swing,61,left,83.35680771341694,134.89271396983932,-0.15560501837167454,11.422318499068457,0.272115936662009,-1.131542665546855,0.01997997001484403,-0.24302526076065817,29.815291180826907,19.008659167031425,0.5111714956499825,6.2810360746296565,0.1464646012931485,4.71574564077898,0.05314279248573948,1.8316557255214498,45.61550710652336,90.25198889960912,-1.144815264547852,2.987225896961515,-0.04139466936687007,-13.642634497877651,-0.07877243420849378,-3.4979609810505483,150.958860613586,176.68318684291862,0.314954406227417,24.931694633950755,0.43286092604123305,10.637146407696221,0.14394733899514622,4.491597074803141,105.34335350706266,86.4311979433095,1.459769670775269,21.94446873698924,0.47425559540810314,24.279780905573872,0.22271977320364,7.989558055853689,61.0
vid_0049_aug_3,vid_0049,False,Swing,65,left,83.80253873293528,135.27082482072927,-0.15741494337163217,11.174276072762002,0.26820897126183685,-1.3734878886663717,0.019508191701720808,-0.20801367695402395,31.053164303121857,18.745505914135574,0.502496580332526,6.258105974848442,0.15192071416170194,4.990356146571381,0.046651593363411,1.94097926328869,48.70315685483473,81.41404451619151,-1.1579769087459753,1.7563077971148326,-0.060180540146953725,-15.010726487467117,-0.06484985893970868,-4.5261555951369115,150.32195241317567,171.09844294315008,0.29242755218059935,26.93214637415965,0.43562103720052847,10.729632092241314,0.17393711987734672,5.052987995145116,101.61879555834093,89.68439842695857,1.4504044609265745,25.175838577044818,0.4958015773474822,25.74035857970843,0.2387869788170554,9.579143590282028,65.0
vid_0049_aug_4,vid_0049,False,Swing,79,left,82.3794668801119,134.23784968080474,-0.16694524160560745,11.248327160915771,0.2805884146697689,-1.0422537525273583,0.01820039889194494,-0.17731666907187127,30.487924744424518,21.347944685117767,0.5058120065538146,6.420059584269909,0.14639403464085132,5.426408115426576,0.044646409373657756,1.879722591901211,44.55832270987046,74.19556440953404,-1.2062846707726624,2.4949735061994853,-0.06300702366029079,-13.555720032196412,-0.06194620000248613,-5.594458874043525,146.0199114649381,176.93958474853667,0.2503546559075174,25.588002631476318,0.4951035135140763,13.190169005508317,0.1317506053440926,5.0249244369119,101.46158875506765,102.74402033900263,1.4566393266801798,23.093029125276832,0.5581105371743671,26.74588903770473,0.19369680534657874,10.619383310955424,79.0
vid_0049_aug_5,vid_0049,False,Swing,82,left,83.99915534913238,134.20181180229113,-0.1617025056905993,11.139570702303958,0.27662196934709415,-0.8809354336668516,0.01621112114691291,-0.1447747569968983,31.673715704238994,18.85307371691757,0.5022170479881521,6.215205562378404,0.1512550127727712,5.215162750473535,0.04883482304808093,2.0082019345359217,47.9804762612147,58.072184690984294,-1.1193340377802086,2.1071491602717933,-0.05894657186105733,-13.087503444451109,-0.09841698379692332,-5.97650186685083,150.84868221514432,172.74440232481044,0.35659458430066837,27.773617461294855,0.5147479732065331,12.412528790397126,0.15016171591189365,5.364633675685146,102.86820595392962,114.67221763382614,1.475928622080877,25.666468301023063,0.5736945450675904,25.500032234848234,0.24857869970881696,11.341135542535977,82.0
vid_0049_aug_6,vid_0049,False,Swing,80,left,84.41908704308835,134.1602746969882,-0.16189390119992936,11.321007844800226,0.2755611174982592,-0.9582019448798583,0.0174077437696244,-0.2168622622481442,31.71916338162443,21.807565194106193,0.5119488868324827,6.211749988562526,0.15228645340901298,5.70585144761521,0.04239676569964832,1.5524529859822098,44.876380721841436,48.75664159649744,-1.213539708381817,1.7306741392483544,-0.05529708002590561,-18.401143009657915,-0.06928395629979395,-4.654079810104293,166.6624152972937,173.67756284499276,0.33810317870510864,24.832411309171402,0.4528356809458624,17.739063027203656,0.11958641663605371,4.853656632131896,121.78603457545228,124.92092124849532,1.5516428870869254,23.101737169923048,0.5081327609717681,36.14020603686157,0.18887037293584766,9.50773644223619,80.0
vid_0049_aug_7,vid_0049,False,Swing,70,left,84.37885440577756,132.91727022730436,-0.15831049904554276,11.352767059012166,0.2748661600964476,-0.9151357747520915,0.020117726122860273,-0.14877641567762503,30.951208120432696,20.1463397622478,0.49324335005573006,6.015064769067721,0.1479080588166846,5.423201299965936,0.043060516039559245,1.9081798710325086,49.98121654783459,81.44603785425464,-1.1152076168238456,3.123042439370741,-0.040729270185283474,-11.762046897666323,-0.06237802404245707,-5.95552954565733,153.63532098533528,172.44961311850471,0.27580071495128466,25.6666662409775,0.45910071222840493,11.009815799011182,0.1505126173689852,4.715192673778706,103.65410443750069,91.00357526425007,1.3910083317751303,22.543623801606756,0.4998299824136884,22.771862696677506,0.21289064141144226,10.670722219436037,70.0
vid_0049_aug_8,vid_0049,False,Swing,58,left,83.9360079189391,135.45798361643577,-0.16004511924432793,11.367719409920396,0.26842068753298054,-1.2445681113481843,0.023079923295676347,-0.38204301726931605,30.327639389320794,19.3973025039765,0.5035994565209223,6.303555718145307,0.15032243443509935,5.608735887761014,0.05053301620947445,2.0537177193911416,51.35516680229659,54.39741401664626,-1.139685051523133,3.4330444757442504,-0.04392518448414111,-14.280160023316022,-0.06365867714315498,-5.610060739975799,158.86936331158677,173.2250587464188,0.2871606670050223,27.342344871250944,0.4483139980200715,14.86032036532039,0.1712555829899898,6.30694765551157,107.51419650929017,118.82764472977254,1.4268457185281553,23.909300395506694,0.4922391825042126,29.140480388636412,0.2349142601331448,11.917008395487368,58.0
vid_0049_aug_9,vid_0049,False,Swing,69,left,82.94031266171707,132.47860272480946,-0.1690088582781008,11.509724448254426,0.27057487477255554,-1.3427493083992668,0.019098745361550158,-0.3530273248265962,30.94447409341639,19.741900422488474,0.4992446100628077,6.355757816587593,0.15116869409711867,5.1279120050853,0.04478270539314366,1.9556890017988633,47.79224590317286,63.9511656711854,-1.1462581760517505,2.065868094981724,-0.06284554299341058,-14.244987344708989,-0.06201176379477269,-8.721310076627955,158.11644526529832,170.09583570280336,0.28657207648432514,26.78907810792887,0.4708912930971976,14.166322908154925,0.11850402859374909,7.336839663572516,110.32419936212546,106.14467003161795,1.4328302525360757,24.723210012947145,0.5337368360906082,28.411310252863913,0.18051579238852178,16.05814974020047,69.0
vid_0049_orig,vid_0049,True,Swing,72,left,83.98080315612548,135.09428964170925,-0.16540170223476522,11.146534214762617,0.2691145073252552,-1.1009341545687312,0.018626456333969404,-0.22464823590169714,30.60651560073224,18.554157947205944,0.5074276511144271,6.057914331447486,0.14955365799952933,2.8312986576195525,0.03625925917448668,1.447006990370992,55.19304381688379,59.56945736021632,-1.143975141746921,4.550228430802835,-0.06994278396236556,-7.270179265743202,-0.08447771381098473,-4.701100234893085,152.44844545260756,172.83375689182404,0.2541610674868191,26.184529861183798,0.4180796466338753,9.652458727671387,0.11001480419541476,4.511759666858815,97.25540163572377,113.26429953160772,1.3981362092337402,21.63430143038096,0.48802243059624084,16.92263799341459,0.1944925180063995,9.2128599017519,72.0
