test_id,frame_idx,flex,drift,emg,vib_on,state
1,0,2.7,-1.6,1967,False,DOWN
1,1,2.7,-1.7,2469,False,DOWN
1,2,2.7,-1.7,2816,False,DOWN
1,3,2.7,-1.7,3253,False,DOWN
1,4,2.7,-1.8,3857,False,DOWN
1,5,2.6,-1.9,4058,False,DOWN
1,6,2.6,-1.9,3472,False,DOWN
1,7,2.7,-1.9,2491,False,DOWN
1,8,2.5,-2.0,1867,False,DOWN
1,9,2.5,-2.0,1262,False,DOWN
1,10,2.5,-2.1,592,False,DOWN
1,11,2.3,-2.1,0,False,DOWN
1,12,2.4,-2.2,0,False,DOWN
1,13,2.5,-2.2,0,False,DOWN
1,14,2.5,-2.3,0,False,DOWN
1,15,2.6,-2.3,0,False,DOWN
1,16,2.6,-2.3,19,False,DOWN
1,17,2.6,-2.4,406,False,DOWN
1,18,2.7,-2.4,885,False,DOWN
1,19,2.8,-2.4,1414,False,DOWN
1,20,2.8,-2.5,1919,False,DOWN
1,21,2.9,-2.5,2381,False,DOWN
1,22,3.0,-2.6,2762,False,DOWN
1,23,3.1,-2.7,3080,False,DOWN
1,24,3.3,-2.8,3793,False,DOWN
1,25,3.5,-3.0,3999,False,DOWN
1,26,3.8,-3.2,3405,False,DOWN
1,27,4.2,-3.4,2721,False,DOWN
1,28,4.7,-3.5,2055,False,DOWN
1,29,5.2,-3.6,1313,False,DOWN
1,30,5.7,-3.6,718,False,DOWN
1,31,6.3,-3.6,236,False,DOWN
1,32,6.7,-3.5,0,False,DOWN
1,33,7.5,-3.5,0,False,DOWN
1,34,8.2,-3.5,0,False,DOWN
1,35,8.9,-3.5,0,False,DOWN
1,36,9.6,-3.5,0,False,DOWN
1,37,10.5,-3.5,295,False,DOWN
1,38,11.3,-3.5,777,False,DOWN
1,39,12.1,-3.4,1329,False,DOWN
1,40,13.0,-3.4,1833,False,DOWN
1,41,14.1,-3.5,2277,False,DOWN
1,42,15.1,-3.5,2755,False,DOWN
1,43,16.2,-3.5,3024,False,DOWN
1,44,17.3,-3.5,3664,False,DOWN
1,45,18.5,-3.6,4095,False,DOWN
1,46,19.8,-3.9,3519,False,DOWN
1,47,21.2,-4.0,2905,False,DOWN
1,48,22.7,-4.2,2067,False,DOWN
1,49,24.5,-4.3,1408,False,DOWN
1,50,26.3,-4.4,848,False,DOWN
1,51,28.0,-4.4,318,False,DOWN
1,52,29.7,-4.3,0,False,DOWN
1,53,31.7,-4.1,0,False,DOWN
1,54,33.5,-3.9,0,False,CURLING
1,55,35.3,-3.9,0,False,CURLING
1,56,37.4,-3.7,4,False,CURLING
1,57,39.3,-3.7,237,False,CURLING
1,58,41.2,-3.6,708,False,CURLING
1,59,43.1,-3.5,1163,False,CURLING
1,60,45.1,-3.2,1535,False,CURLING
1,61,47.0,-3.2,1933,False,CURLING
1,62,49.0,-3.2,2303,False,CURLING
1,63,50.8,-2.9,2450,False,CURLING
1,64,52.8,-2.8,2839,False,CURLING
1,65,54.8,-2.7,3259,False,CURLING
1,66,56.9,-2.5,2995,False,CURLING
1,67,59.1,-2.3,2509,False,CURLING
1,68,61.2,-2.1,1933,False,CURLING
1,69,63.4,-2.0,1354,False,CURLING
1,70,65.4,-1.8,882,False,CURLING
1,71,67.5,-1.6,395,False,CURLING
1,72,69.5,-1.3,0,False,CURLING
1,73,71.5,-1.2,0,False,CURLING
1,74,73.8,-1.1,0,False,CURLING
1,75,75.7,-1.1,0,False,CURLING
1,76,77.3,-0.9,0,False,CURLING
1,77,79.0,-0.5,42,False,CURLING
1,78,80.8,-0.5,363,False,CURLING
1,79,82.6,-0.5,685,True,TOP
1,80,84.2,-0.5,944,True,TOP
1,81,85.8,-0.4,1204,True,TOP
1,82,87.4,-0.3,1472,True,TOP
1,83,89.0,-0.2,1610,True,TOP
1,84,90.2,-0.1,1841,True,TOP
1,85,91.7,-0.0,2233,True,TOP
1,86,93.1,0.1,2301,True,TOP
1,87,94.7,0.2,2039,True,TOP
1,88,96.1,0.3,1586,True,TOP
1,89,97.4,0.4,1134,True,TOP
1,90,98.8,0.5,713,True,TOP
1,91,100.3,0.6,320,False,TOP
1,92,101.7,0.8,0,False,TOP
1,93,102.8,1.1,0,False,TOP
1,94,104.1,1.2,0,False,TOP
1,95,105.2,1.3,0,False,TOP
1,96,106.0,1.4,0,False,TOP
1,97,107.1,1.5,0,False,TOP
1,98,107.8,1.5,222,False,TOP
1,99,108.6,1.5,485,False,TOP
1,100,109.2,1.4,709,True,TOP
1,101,109.8,1.4,933,True,TOP
1,102,110.3,1.3,1166,True,TOP
1,103,110.7,1.3,1313,True,TOP
1,104,111.1,1.3,1471,True,TOP
1,105,111.4,1.3,1875,True,TOP
1,106,111.7,1.2,2090,True,TOP
1,107,112.0,1.2,1855,True,TOP
1,108,112.4,1.2,1493,True,TOP
1,109,112.7,1.2,1075,True,TOP
1,110,113.1,1.3,695,True,TOP
1,111,113.5,1.2,339,False,TOP
1,112,113.7,1.2,14,False,TOP
1,113,113.9,1.3,0,False,TOP
1,114,114.1,1.3,0,False,TOP
1,115,114.4,1.2,0,False,TOP
1,116,114.7,1.2,0,False,TOP
1,117,114.9,1.3,0,False,TOP
1,118,115.2,1.3,153,False,TOP
1,119,115.4,1.3,421,False,TOP
1,120,115.7,1.3,689,True,TOP
1,121,116.0,1.3,922,True,TOP
1,122,116.3,1.3,1111,True,TOP
1,123,116.5,1.4,1321,True,TOP
1,124,116.8,1.4,1472,True,TOP
1,125,117.0,1.4,1840,True,TOP
1,126,117.2,1.4,2171,True,TOP
1,127,117.4,1.4,1958,True,TOP
1,128,117.6,1.3,1648,True,TOP
1,129,117.7,1.3,1209,True,TOP
1,130,117.8,1.2,789,True,TOP
1,131,117.9,1.2,431,False,TOP
1,132,118.0,1.2,116,False,TOP
1,133,118.2,1.2,0,False,TOP
1,134,118.4,1.2,0,False,TOP
1,135,118.6,1.2,0,False,TOP
1,136,118.8,1.2,0,False,TOP
1,137,118.9,1.2,0,False,TOP
1,138,119.0,1.2,101,False,TOP
1,139,119.2,1.2,368,False,TOP
1,140,119.2,1.2,655,True,TOP
1,141,119.3,1.3,853,True,TOP
1,142,119.4,1.3,1076,True,TOP
1,143,119.5,1.3,1328,True,TOP
1,144,119.5,1.3,1457,True,TOP
1,145,119.6,1.3,1782,True,TOP
1,146,119.8,1.3,2165,True,TOP
1,147,120.0,1.4,2034,True,TOP
1,148,120.1,1.4,1731,True,TOP
1,149,120.2,1.4,1322,True,TOP
1,150,120.3,1.4,883,True,TOP
1,151,120.4,1.4,548,True,TOP
1,152,120.5,1.4,190,False,TOP
1,153,120.6,1.4,0,False,TOP
1,154,120.6,1.4,0,False,TOP
1,155,120.7,1.4,0,False,TOP
1,156,120.8,1.4,0,False,TOP
1,157,120.8,1.4,0,False,TOP
1,158,120.8,1.4,59,False,TOP
1,159,120.9,1.4,304,False,TOP
1,160,120.9,1.4,586,True,TOP
1,161,120.9,1.4,821,True,TOP
1,162,120.9,1.3,1057,True,TOP
1,163,120.8,1.3,1283,True,TOP
1,164,120.8,1.2,1418,True,TOP
1,165,120.7,1.2,1701,True,TOP
1,166,120.6,1.1,2079,True,TOP
1,167,120.6,1.0,2086,True,TOP
1,168,120.7,1.0,1843,True,TOP
1,169,120.7,1.0,1402,True,TOP
1,170,120.6,1.1,982,True,TOP
1,171,120.4,1.1,609,True,TOP
1,172,120.2,1.0,262,False,TOP
1,173,120.0,0.8,0,False,TOP
1,174,119.7,0.7,0,False,TOP
1,175,119.4,0.7,0,False,TOP
1,176,119.2,0.6,0,False,TOP
1,177,119.0,0.5,0,False,TOP
1,178,118.8,0.4,1,False,TOP
1,179,118.6,0.5,263,False,TOP
1,180,118.2,0.4,528,True,TOP
1,181,117.7,0.4,784,True,TOP
1,182,117.1,0.3,1021,True,TOP
1,183,116.6,0.2,1279,True,TOP
1,184,116.1,0.0,1427,True,TOP
1,185,115.4,-0.0,1629,True,TOP
1,186,114.5,-0.0,2047,True,TOP
1,187,113.8,-0.0,2224,True,TOP
1,188,113.2,-0.1,1981,True,TOP
1,189,112.6,-0.2,1583,True,TOP
1,190,112.0,-0.2,1138,True,TOP
1,191,110.9,-0.2,721,True,TOP
1,192,109.9,-0.3,358,False,TOP
1,193,108.8,-0.4,0,False,TOP
1,194,107.6,-0.6,0,False,TOP
1,195,106.5,-0.7,0,False,TOP
1,196,105.4,-1.0,0,False,TOP
1,197,104.5,-1.2,0,False,TOP
1,198,103.2,-1.1,0,False,TOP
1,199,101.8,-1.2,227,False,TOP
1,200,100.8,-1.4,511,True,TOP
1,201,99.6,-1.5,833,True,TOP
1,202,98.5,-1.7,1081,True,TOP
1,203,97.2,-1.8,1344,True,TOP
1,204,96.2,-1.9,1535,True,TOP
1,205,95.0,-1.9,1771,True,TOP
1,206,93.8,-1.9,2221,True,TOP
1,207,92.6,-2.0,2559,True,TOP
1,208,91.2,-2.1,2339,True,TOP
1,209,89.8,-2.0,1936,True,TOP
1,210,88.4,-1.9,1456,True,TOP
1,211,87.1,-1.8,983,True,TOP
1,212,85.8,-1.7,559,True,TOP
1,213,84.8,-1.6,173,False,TOP
1,214,83.8,-1.7,0,False,TOP
1,215,82.9,-1.6,0,False,TOP
1,216,81.8,-1.6,0,False,TOP
1,217,80.7,-1.5,0,False,TOP
1,218,79.6,-1.5,0,False,TOP
1,219,78.3,-1.6,205,False,TOP
1,220,76.9,-1.6,551,False,TOP
1,221,75.6,-1.8,929,False,TOP
1,222,73.9,-1.8,1271,False,TOP
1,223,72.1,-2.0,1583,False,TOP
1,224,70.9,-2.3,1933,False,TOP
1,225,69.5,-2.2,2151,False,TOP
1,226,68.6,-2.4,2624,False,TOP
1,227,67.1,-2.4,3109,False,TOP
1,228,65.9,-2.5,2842,False,TOP
1,229,64.7,-2.7,2435,False,TOP
1,230,63.5,-2.8,1899,False,TOP
1,231,62.2,-2.8,1321,False,TOP
1,232,60.9,-2.8,847,False,TOP
1,233,59.4,-2.8,338,False,TOP
1,234,58.1,-2.8,0,False,TOP
1,235,56.5,-3.0,0,False,TOP
1,236,54.6,-3.0,0,False,TOP
1,237,52.6,-2.9,0,False,TOP
1,238,51.0,-2.9,1,False,TOP
1,239,49.8,-3.3,194,False,TOP
1,240,48.3,-3.5,624,False,TOP
1,241,46.5,-3.6,1100,False,TOP
1,242,45.1,-3.6,1447,False,TOP
1,243,43.8,-3.6,1910,False,TOP
1,244,42.4,-3.8,2404,False,TOP
1,245,41.1,-4.0,2703,False,TOP
1,246,39.3,-4.1,3276,False,TOP
1,247,37.8,-4.1,3943,False,TOP
1,248,36.6,-4.1,3525,False,TOP
1,249,35.1,-4.1,3105,False,TOP
1,250,33.6,-4.1,2367,False,TOP
1,251,32.2,-4.0,1675,False,TOP
1,252,30.9,-4.2,1043,False,TOP
1,253,29.8,-4.4,465,False,TOP
1,254,28.6,-4.5,0,False,TOP
1,255,27.7,-4.6,0,False,TOP
1,256,26.7,-4.5,0,False,TOP
1,257,25.6,-4.4,0,False,TOP
1,258,24.7,-4.4,0,False,TOP
1,259,23.9,-4.4,41,False,TOP
1,260,22.8,-4.3,498,False,TOP
1,261,21.6,-4.1,991,False,TOP
1,262,20.5,-4.0,1414,False,TOP
1,263,19.4,-4.0,1845,False,TOP
1,264,17.8,-3.9,0,False,DOWN
1,265,16.7,-3.8,0,False,DOWN
1,266,15.5,-3.8,0,False,DOWN
1,267,14.1,-3.4,0,False,DOWN
1,268,13.1,-3.3,16,False,DOWN
1,269,12.2,-3.1,464,False,DOWN
1,270,11.3,-2.9,895,False,DOWN
1,271,10.5,-2.7,1312,False,DOWN
1,272,9.7,-2.5,1755,False,DOWN
1,273,8.9,-2.4,2221,False,DOWN
1,274,8.1,-2.4,2484,False,DOWN
1,275,7.5,-2.2,2831,False,DOWN
1,276,6.7,-2.2,3440,False,DOWN
1,277,6.1,-2.2,3499,False,DOWN
1,278,5.5,-2.0,3122,False,DOWN
1,279,4.8,-2.0,2463,False,DOWN
1,280,4.3,-1.9,1851,False,DOWN
1,281,3.7,-2.0,1245,False,DOWN
1,282,3.2,-2.0,679,False,DOWN
1,283,2.7,-1.8,122,False,DOWN
1,284,2.1,-1.8,0,False,DOWN
1,285,1.7,-1.8,0,False,DOWN
1,286,1.0,-1.7,0,False,DOWN
1,287,0.5,-1.6,0,False,DOWN
1,288,0.0,-1.6,0,False,DOWN
1,289,-0.6,-1.7,316,False,DOWN
1,290,-1.2,-1.7,786,False,DOWN
1,291,-1.7,-1.6,1196,False,DOWN
1,292,-1.9,-1.6,1624,False,DOWN
1,293,-2.0,-1.4,2066,False,DOWN
1,294,-2.3,-1.4,2358,False,DOWN
1,295,-2.4,-1.4,2639,False,DOWN
1,296,-2.6,-1.5,3271,False,DOWN
1,297,-2.8,-1.5,3553,False,DOWN
1,298,-2.8,-1.5,3181,False,DOWN
1,299,-2.7,-1.6,2614,False,DOWN
1,300,-2.7,-1.5,1952,False,DOWN
1,301,-2.8,-1.6,1322,False,DOWN
1,302,-2.8,-1.6,723,False,DOWN
1,303,-2.8,-1.7,256,False,DOWN
1,304,-2.8,-1.8,0,False,DOWN
1,305,-2.7,-1.8,0,False,DOWN
1,306,-2.7,-1.9,0,False,DOWN
1,307,-2.6,-1.9,0,False,DOWN
1,308,-2.6,-1.9,0,False,DOWN
1,309,-2.6,-1.9,251,False,DOWN
1,310,-2.5,-1.9,675,False,DOWN
1,311,-2.6,-1.9,1136,False,DOWN
1,312,-2.6,-1.9,1520,False,DOWN
1,313,-2.6,-2.0,1903,False,DOWN
1,314,-2.6,-2.0,2243,False,DOWN
1,315,-2.6,-2.1,2514,False,DOWN
1,316,-2.7,-2.1,3041,False,DOWN
1,317,-2.7,-2.1,3463,False,DOWN
1,318,-2.7,-2.2,3091,False,DOWN
1,319,-2.8,-2.2,2639,False,DOWN
1,320,-2.8,-2.3,2021,False,DOWN
1,321,-2.9,-2.3,1407,False,DOWN
1,322,-2.9,-2.3,859,False,DOWN
1,323,-2.9,-2.4,336,False,DOWN
1,324,-2.9,-2.4,0,False,DOWN
1,325,-3.0,-2.4,0,False,DOWN
1,326,-3.0,-2.4,0,False,DOWN
1,327,-3.0,-2.4,0,False,DOWN
1,328,-2.9,-2.5,0,False,DOWN
1,329,-3.0,-2.4,144,False,DOWN
1,330,-3.0,-2.5,544,False,DOWN
1,331,-3.0,-2.5,1002,False,DOWN
1,332,-3.0,-2.5,1364,False,DOWN
1,333,-2.9,-2.5,1754,False,DOWN
1,334,-2.9,-2.5,2126,False,DOWN
1,335,-2.9,-2.4,2379,False,DOWN
1,336,-2.9,-2.5,2897,False,DOWN
1,337,-2.9,-2.5,3398,False,DOWN
1,338,-3.0,-2.5,3216,False,DOWN
1,339,-3.0,-2.5,2775,False,DOWN
1,340,-3.0,-2.6,2165,False,DOWN
1,341,-3.0,-2.6,1520,False,DOWN
1,342,-3.0,-2.6,951,False,DOWN
1,343,-3.0,-2.6,432,False,DOWN
1,344,-3.0,-2.6,0,False,DOWN
1,345,-3.0,-2.6,0,False,DOWN
1,346,-3.0,-2.6,0,False,DOWN
1,347,-3.0,-2.6,0,False,DOWN
1,348,-3.1,-2.6,0,False,DOWN
1,349,-3.1,-2.6,123,False,DOWN
1,350,-3.1,-2.6,633,False,DOWN
1,351,-3.1,-2.6,1213,False,DOWN
1,352,-3.1,-2.6,1711,False,DOWN
1,353,-3.1,-2.6,2177,False,DOWN
1,354,-3.2,-2.6,2695,False,DOWN
1,355,-3.2,-2.6,2971,False,DOWN
1,356,-3.2,-2.6,3461,False,DOWN
1,357,-3.2,-2.6,4095,False,DOWN
1,358,-3.2,-2.6,3709,False,DOWN
1,359,-3.2,-2.6,3299,False,DOWN
1,360,-3.3,-2.6,2510,False,DOWN
1,361,-3.3,-2.6,1750,False,DOWN
1,362,-3.3,-2.7,1088,False,DOWN
1,363,-3.3,-2.7,385,False,DOWN
1,364,-3.3,-2.7,0,False,DOWN
1,365,-3.3,-2.6,0,False,DOWN
1,366,-3.4,-2.7,0,False,DOWN
1,367,-3.4,-2.6,0,False,DOWN
1,368,-3.4,-2.6,0,False,DOWN
1,369,-3.4,-2.6,32,False,DOWN
1,370,-3.4,-2.6,529,False,DOWN
1,371,-3.4,-2.7,1043,False,DOWN
1,372,-3.4,-2.7,1535,False,DOWN
1,373,-3.4,-2.7,2017,False,DOWN
1,374,-3.4,-2.7,2499,False,DOWN
1,375,-3.3,-2.7,2832,False,DOWN
1,376,-3.4,-2.7,3184,False,DOWN
1,377,-3.4,-2.7,3728,False,DOWN
1,378,-3.4,-2.7,3711,False,DOWN
1,379,-3.4,-2.7,3344,False,DOWN
1,380,-3.4,-2.7,2515,False,DOWN
1,381,-3.4,-2.7,1854,False,DOWN
1,382,-3.4,-2.7,1232,False,DOWN
1,383,-3.4,-2.7,635,False,DOWN
1,384,-3.4,-2.7,0,False,DOWN
1,385,-3.4,-2.7,0,False,DOWN
1,386,-3.4,-2.7,0,False,DOWN
1,387,-3.4,-2.7,0,False,DOWN
1,388,-3.4,-2.8,0,False,DOWN
1,389,-3.4,-2.7,9,False,DOWN
1,390,-3.4,-2.8,374,False,DOWN
1,391,-3.4,-2.8,870,False,DOWN
1,392,-3.4,-2.8,1402,False,DOWN
1,393,-3.4,-2.8,1849,False,DOWN
1,394,-3.4,-2.8,2329,False,DOWN
1,395,-3.4,-2.8,2677,False,DOWN
1,396,-3.4,-2.8,2960,False,DOWN
1,397,-3.4,-2.8,3598,False,DOWN
1,398,-3.4,-2.9,3866,False,DOWN
2,0,-3.3,-1.1,0,False,DOWN
2,1,-3.3,-1.1,0,False,DOWN
2,2,-3.2,-1.1,0,False,DOWN
2,3,-3.2,-1.1,0,False,DOWN
2,4,-3.1,-1.2,0,False,DOWN
2,5,-3.1,-1.2,80,False,DOWN
2,6,-2.9,-1.3,554,False,DOWN
2,7,-2.9,-1.3,1067,False,DOWN
2,8,-2.8,-1.4,1535,False,DOWN
2,9,-2.7,-1.5,2010,False,DOWN
2,10,-2.7,-1.5,2495,False,DOWN
2,11,-2.6,-1.6,2785,False,DOWN
2,12,-2.5,-1.6,3095,False,DOWN
2,13,-2.5,-1.6,3696,False,DOWN
2,14,-2.4,-1.7,3734,False,DOWN
2,15,-2.3,-1.7,3226,False,DOWN
2,16,-2.2,-1.8,2512,False,DOWN
2,17,-2.1,-1.8,1837,False,DOWN
2,18,-2.0,-1.8,1241,False,DOWN
2,19,-1.9,-1.9,622,False,DOWN
2,20,-1.8,-2.0,0,False,DOWN
2,21,-1.7,-2.1,0,False,DOWN
2,22,-1.5,-2.2,0,False,DOWN
2,23,-1.2,-2.3,0,False,DOWN
2,24,-0.9,-2.5,0,False,DOWN
2,25,-0.5,-2.8,70,False,DOWN
2,26,0.2,-3.1,449,False,DOWN
2,27,0.9,-3.3,954,False,DOWN
2,28,1.9,-3.6,1438,False,DOWN
2,29,2.7,-3.8,1899,False,DOWN
2,30,3.9,-3.9,2357,False,DOWN
2,31,5.4,-3.9,2639,False,DOWN
2,32,6.8,-3.8,2900,False,DOWN
2,33,8.1,-3.8,3463,False,DOWN
2,34,9.5,-3.9,3831,False,DOWN
2,35,10.2,-3.8,3262,False,DOWN
2,36,11.8,-3.9,2698,False,DOWN
2,37,13.3,-4.0,1935,False,DOWN
2,38,14.9,-4.1,1230,False,DOWN
2,39,16.7,-4.1,663,False,DOWN
2,40,18.5,-4.0,139,False,DOWN
2,41,20.5,-4.0,0,False,DOWN
2,42,22.6,-4.0,0,False,DOWN
2,43,24.7,-3.8,0,False,DOWN
2,44,26.7,-3.6,0,False,DOWN
2,45,28.4,-3.4,79,False,DOWN
2,46,30.4,-3.3,351,False,DOWN
2,47,32.5,-3.1,851,False,CURLING
2,48,35.8,-3.0,1389,False,CURLING
2,49,40.2,-2.9,1826,False,CURLING
2,50,40.2,-2.7,2304,False,CURLING
2,51,41.6,-2.8,2754,False,CURLING
2,52,43.4,-2.7,3056,False,CURLING
2,53,45.0,-2.7,3568,False,CURLING
2,54,46.5,-2.7,3932,False,CURLING
2,55,48.2,-2.6,3387,False,CURLING
2,56,49.8,-2.6,2673,False,CURLING
2,57,51.5,-2.6,2093,False,CURLING
2,58,53.2,-2.6,1266,False,CURLING
2,59,54.9,-2.6,702,False,CURLING
2,60,56.3,-2.6,143,False,CURLING
2,61,58.0,-2.5,0,False,CURLING
2,62,58.8,-2.5,0,False,CURLING
2,63,61.4,-2.7,0,False,CURLING
2,64,62.6,-2.6,0,False,CURLING
2,65,64.3,-2.5,53,False,CURLING
2,66,65.8,-2.5,207,False,CURLING
2,67,67.3,-2.4,593,False,CURLING
2,68,68.9,-2.4,1061,False,CURLING
2,69,70.4,-2.4,1397,False,CURLING
2,70,72.1,-2.3,1726,False,CURLING
2,71,73.6,-2.3,2096,False,CURLING
2,72,75.1,-2.2,2289,False,CURLING
2,73,76.5,-2.2,2651,False,CURLING
2,74,77.9,-2.1,3127,False,CURLING
2,75,79.3,-2.1,2928,False,CURLING
2,76,80.7,-1.9,2513,True,CURLING
2,77,82.0,-1.8,1967,True,TOP
2,78,83.3,-1.8,1360,True,TOP
2,79,84.6,-1.7,829,True,TOP
2,80,85.9,-1.5,351,False,TOP
2,81,87.2,-1.4,0,False,TOP
2,82,88.4,-1.3,0,False,TOP
2,83,89.7,-1.2,0,False,TOP
2,84,90.9,-1.1,0,False,TOP
2,85,92.2,-1.1,1,False,TOP
2,86,93.3,-1.0,137,False,TOP
2,87,94.4,-0.9,530,True,TOP
2,88,95.3,-0.7,955,True,TOP
2,89,96.3,-0.6,1303,True,TOP
2,90,97.3,-0.4,1651,True,TOP
2,91,98.3,-0.3,2032,True,TOP
2,92,99.3,-0.2,2256,True,TOP
2,93,100.2,-0.1,2537,True,TOP
2,94,101.1,0.0,3046,True,TOP
2,95,102.0,0.2,3007,True,TOP
2,96,102.8,0.4,2668,True,TOP
2,97,103.7,0.5,2053,True,TOP
2,98,104.5,0.7,1446,True,TOP
2,99,105.4,0.9,924,True,TOP
2,100,106.2,1.1,429,False,TOP
2,101,106.9,1.2,0,False,TOP
2,102,107.6,1.3,0,False,TOP
2,103,108.4,1.4,0,False,TOP
2,104,109.1,1.5,0,False,TOP
2,105,109.8,1.5,0,False,TOP
2,106,110.6,1.6,65,False,TOP
2,107,111.4,1.7,415,False,TOP
2,108,112.3,1.8,802,True,TOP
2,109,113.1,1.9,1125,True,TOP
2,110,113.7,2.0,1470,True,TOP
2,111,114.1,2.0,1811,True,TOP
2,112,114.4,2.1,2025,True,TOP
2,113,114.8,2.1,2253,True,TOP
2,114,115.0,2.1,2705,True,TOP
2,115,115.2,2.0,2885,True,TOP
2,116,115.4,2.0,2609,True,TOP
2,117,115.7,1.9,2066,True,TOP
2,118,115.9,1.9,1519,True,TOP
2,119,116.2,1.9,1007,True,TOP
2,120,116.4,1.8,528,True,TOP
2,121,116.7,1.9,68,False,TOP
2,122,117.0,1.9,0,False,TOP
2,123,117.2,1.9,0,False,TOP
2,124,117.4,1.9,0,False,TOP
2,125,117.7,1.9,0,False,TOP
2,126,117.9,1.9,80,False,TOP
2,127,118.1,1.9,337,False,TOP
2,128,118.2,1.9,735,True,TOP
2,129,118.4,1.9,1121,True,TOP
2,130,118.5,1.9,1449,True,TOP
2,131,118.6,1.9,1808,True,TOP
2,132,118.7,1.9,2112,True,TOP
2,133,118.9,1.9,2303,True,TOP
2,134,119.0,1.9,2767,True,TOP
2,135,119.2,1.9,3167,True,TOP
2,136,119.3,1.9,2849,True,TOP
2,137,119.4,1.9,2368,True,TOP
2,138,119.4,2.0,1755,True,TOP
2,139,119.5,2.0,1167,True,TOP
2,140,119.6,2.0,666,True,TOP
2,141,119.7,1.9,166,False,TOP
2,142,119.8,1.9,0,False,TOP
2,143,119.9,1.9,0,False,TOP
2,144,120.2,2.0,0,False,TOP
2,145,120.2,1.9,0,False,TOP
2,146,120.3,1.9,57,False,TOP
2,147,120.3,1.9,300,False,TOP
2,148,120.4,1.9,726,True,TOP
2,149,120.6,1.9,1199,True,TOP
2,150,120.7,1.9,1600,True,TOP
2,151,120.8,1.9,1943,True,TOP
2,152,120.9,2.0,2359,True,TOP
2,153,121.1,2.0,2585,True,TOP
2,154,121.3,2.0,3029,True,TOP
2,155,121.4,2.0,3563,True,TOP
2,156,121.5,2.0,3155,True,TOP
2,157,121.6,2.0,2629,True,TOP
2,158,121.6,2.0,2046,True,TOP
2,159,121.7,2.0,1389,True,TOP
2,160,121.8,2.0,864,True,TOP
2,161,121.9,2.0,345,False,TOP
2,162,122.0,2.1,0,False,TOP
2,163,122.2,2.1,0,False,TOP
2,164,122.3,2.2,0,False,TOP
2,165,122.5,2.4,0,False,TOP
2,166,122.8,2.6,23,False,TOP
2,167,123.2,2.7,254,False,TOP
2,168,123.5,2.7,670,True,TOP
2,169,123.8,3.0,1164,True,TOP
2,170,124.1,3.1,1520,True,TOP
2,171,124.2,3.3,1946,True,TOP
2,172,124.3,3.4,2342,True,TOP
2,173,124.4,3.5,2559,True,TOP
2,174,124.5,3.6,2952,True,TOP
2,175,124.6,3.6,3489,True,TOP
2,176,124.7,3.7,3210,True,TOP
2,177,124.8,3.8,2791,True,TOP
2,178,124.9,3.9,2165,True,TOP
2,179,125.0,4.0,1504,True,TOP
2,180,125.1,4.1,960,True,TOP
2,181,125.2,4.1,402,False,TOP
2,182,125.3,4.1,0,False,TOP
2,183,125.3,4.2,0,False,TOP
2,184,125.3,4.2,0,False,TOP
2,185,125.4,4.2,0,False,TOP
2,186,125.5,4.2,14,False,TOP
2,187,125.5,4.1,139,False,TOP
2,188,125.5,4.2,610,True,TOP
2,189,125.5,4.2,1300,True,TOP
2,190,125.5,4.2,1836,True,TOP
2,191,125.5,4.2,2366,True,TOP
2,192,125.5,4.2,2878,True,TOP
2,193,125.4,4.1,3136,True,TOP
2,194,125.3,4.0,3349,True,TOP
2,195,125.0,4.0,4048,True,TOP
2,196,124.6,3.9,3938,True,TOP
2,197,124.1,3.7,3223,True,TOP
2,198,123.5,3.7,2394,True,TOP
2,199,123.0,3.4,1600,True,TOP
2,200,122.6,3.2,944,True,TOP
2,201,122.0,3.0,326,False,TOP
2,202,121.1,2.9,0,False,TOP
2,203,120.2,2.8,0,False,TOP
2,204,119.3,2.5,0,False,TOP
2,205,118.3,2.2,0,False,TOP
2,206,117.1,1.9,0,False,TOP
2,207,115.8,1.6,116,False,TOP
2,208,114.4,1.3,574,True,TOP
2,209,113.1,1.0,1146,True,TOP
2,210,111.5,0.7,1663,True,TOP
2,211,109.7,0.4,2192,True,TOP
2,212,107.8,-0.0,2651,True,TOP
2,213,106.2,-0.4,2976,True,TOP
2,214,104.2,-0.6,3271,True,TOP
2,215,102.1,-0.8,3792,True,TOP
2,216,100.3,-1.0,3857,True,TOP
2,217,98.6,-1.3,3341,True,TOP
2,218,96.9,-1.5,2608,True,TOP
2,219,94.7,-1.6,1855,True,TOP
2,220,93.0,-1.5,1138,True,TOP
2,221,91.6,-1.7,503,True,TOP
2,222,90.2,-1.9,0,False,TOP
2,223,87.9,-2.0,0,False,TOP
2,224,85.8,-2.0,0,False,TOP
2,225,83.9,-2.0,0,False,TOP
2,226,82.0,-2.2,0,False,TOP
2,227,79.8,-2.4,66,False,TOP
2,228,77.1,-2.5,396,False,TOP
2,229,74.8,-2.4,923,False,TOP
2,230,72.8,-2.5,1489,False,TOP
2,231,70.8,-2.6,1957,False,TOP
2,232,68.2,-2.7,2412,False,TOP
2,233,65.8,-2.6,2798,False,TOP
2,234,64.1,-2.5,3051,False,TOP
2,235,62.3,-2.6,3537,False,TOP
2,236,60.0,-2.8,3983,False,TOP
2,237,58.1,-2.6,3417,False,TOP
2,238,56.7,-2.6,2795,False,TOP
2,239,55.6,-2.9,2032,False,TOP
2,240,54.6,-3.0,1317,False,TOP
2,241,53.2,-2.8,595,False,TOP
2,242,52.3,-2.5,75,False,TOP
2,243,51.1,-2.3,0,False,TOP
2,244,49.6,-2.1,0,False,TOP
2,245,47.5,-2.0,0,False,TOP
2,246,46.2,-2.2,0,False,TOP
2,247,43.9,-2.5,0,False,TOP
2,248,42.2,-2.5,271,False,TOP
2,249,40.0,-2.4,807,False,TOP
2,250,38.8,-2.1,1412,False,TOP
2,251,37.6,-2.1,1920,False,TOP
2,252,35.9,-2.2,2384,False,TOP
2,253,34.4,-2.2,2848,False,TOP
2,254,33.0,-2.1,3115,False,TOP
2,255,31.9,-2.1,3606,False,TOP
2,256,30.6,-2.1,4095,False,TOP
2,257,29.1,-1.9,3550,False,TOP
2,258,27.5,-1.7,2841,False,TOP
2,259,25.9,-1.6,2239,False,TOP
2,260,24.3,-1.5,1398,False,TOP
2,261,22.6,-1.6,801,False,TOP
2,262,20.8,-1.7,167,False,TOP
2,263,18.3,-1.8,0,False,TOP
2,264,16.1,-1.6,3467,False,DOWN
2,265,14.1,-1.4,4052,False,DOWN
2,266,12.5,-1.2,3645,False,DOWN
2,267,11.7,-1.0,2960,False,DOWN
2,268,10.3,-1.1,2320,False,DOWN
2,269,9.1,-1.1,1600,False,DOWN
2,270,7.4,-1.0,906,False,DOWN
2,271,5.0,-0.9,212,False,DOWN
2,272,3.9,-1.0,0,False,DOWN
2,273,3.0,-1.0,0,False,DOWN
2,274,2.0,-0.9,0,False,DOWN
2,275,1.2,-0.7,0,False,DOWN
2,276,0.5,-0.6,0,False,DOWN
2,277,-0.1,-0.6,124,False,DOWN
2,278,-0.9,-0.5,653,False,DOWN
2,279,-1.4,-0.5,1191,False,DOWN
2,280,-2.1,-0.4,1712,False,DOWN
2,281,-2.6,-0.3,2224,False,DOWN
2,282,-3.1,-0.3,2736,False,DOWN
2,283,-3.7,-0.1,3024,False,DOWN
2,284,-4.4,-0.1,3276,False,DOWN
2,285,-5.0,0.1,4025,False,DOWN
2,286,-7.6,-0.0,3753,False,DOWN
2,287,-7.5,0.0,3287,False,DOWN
2,288,-7.6,-0.0,2463,False,DOWN
2,289,-8.5,0.1,1694,False,DOWN
2,290,-8.7,0.2,941,False,DOWN
2,291,-8.4,0.2,272,False,DOWN
2,292,-8.5,0.2,0,False,DOWN
2,293,-8.6,0.2,0,False,DOWN
2,294,-8.6,0.2,0,False,DOWN
2,295,-8.6,0.2,0,False,DOWN
2,296,-8.6,0.2,0,False,DOWN
2,297,-8.7,0.3,44,False,DOWN
2,298,-8.7,0.3,545,False,DOWN
2,299,-8.7,0.3,1083,False,DOWN
2,300,-8.7,0.4,1645,False,DOWN
2,301,-8.8,0.4,2181,False,DOWN
2,302,-8.8,0.4,2699,False,DOWN
2,303,-8.9,0.5,3024,False,DOWN
2,304,-8.9,0.5,3313,False,DOWN
2,305,-9.0,0.4,3947,False,DOWN
2,306,-9.0,0.4,4018,False,DOWN
2,307,-9.0,0.4,3447,False,DOWN
2,308,-9.0,0.4,2674,False,DOWN
2,309,-9.1,0.4,1915,False,DOWN
2,310,-9.2,0.4,1180,False,DOWN
2,311,-9.2,0.4,461,False,DOWN
2,312,-9.3,0.4,0,False,DOWN
2,313,-9.4,0.5,0,False,DOWN
2,314,-9.4,0.5,0,False,DOWN
2,315,-9.5,0.5,0,False,DOWN
2,316,-9.5,0.4,0,False,DOWN
2,317,-9.6,0.5,11,False,DOWN
2,318,-9.6,0.6,402,False,DOWN
2,319,-9.7,0.6,975,False,DOWN
2,320,-9.7,0.6,1588,False,DOWN
2,321,-9.8,0.6,2095,False,DOWN
2,322,-9.8,0.6,2559,False,DOWN
2,323,-9.9,0.6,2893,False,DOWN
2,324,-9.9,0.6,3222,False,DOWN
2,325,-10.0,0.6,3773,False,DOWN
2,326,-10.0,0.6,4095,False,DOWN
2,327,-10.1,0.6,3550,False,DOWN
2,328,-10.1,0.6,2794,False,DOWN
2,329,-10.1,0.6,2091,False,DOWN
2,330,-10.1,0.6,1248,False,DOWN
2,331,-10.1,0.6,641,False,DOWN
2,332,-10.1,0.6,0,False,DOWN
2,333,-10.2,0.6,0,False,DOWN
2,334,-10.1,0.6,0,False,DOWN
2,335,-10.1,0.6,0,False,DOWN
2,336,-10.2,0.6,0,False,DOWN
2,337,-10.1,0.6,0,False,DOWN
2,338,-10.1,0.5,297,False,DOWN
2,339,-10.1,0.5,873,False,DOWN
2,340,-10.1,0.5,1470,False,DOWN
3,0,-0.0,-4.7,137,False,DOWN
3,1,-0.0,-4.7,551,False,DOWN
3,2,-0.0,-4.7,1009,False,DOWN
3,3,0.0,-4.7,1378,False,DOWN
3,4,0.0,-4.7,1750,False,DOWN
3,5,0.0,-4.7,2128,False,DOWN
3,6,0.0,-4.7,2315,False,DOWN
3,7,0.0,-4.7,2629,False,DOWN
3,8,0.0,-4.7,3084,False,DOWN
3,9,0.0,-4.7,2928,False,DOWN
3,10,0.0,-4.7,2559,False,DOWN
3,11,0.0,-4.7,1967,False,DOWN
3,12,0.0,-4.7,1330,False,DOWN
3,13,-0.0,-4.7,784,False,DOWN
3,14,0.0,-4.7,288,False,DOWN
3,15,-0.0,-4.7,0,False,DOWN
3,16,-0.0,-4.7,0,False,DOWN
3,17,-0.0,-4.7,0,False,DOWN
3,18,-0.0,-4.7,0,False,DOWN
3,19,-0.0,-4.7,0,False,DOWN
3,20,-0.0,-4.7,80,False,DOWN
3,21,-0.0,-4.7,545,False,DOWN
3,22,0.0,-4.7,1034,False,DOWN
3,23,0.0,-4.7,1472,False,DOWN
3,24,0.1,-4.7,1900,False,DOWN
3,25,0.1,-4.7,2330,False,DOWN
3,26,0.2,-4.8,2559,False,DOWN
3,27,0.3,-4.8,2831,False,DOWN
3,28,0.5,-4.8,3319,False,DOWN
3,29,0.7,-4.7,3408,False,DOWN
3,30,0.8,-4.7,2961,False,DOWN
3,31,1.0,-4.7,2296,False,DOWN
3,32,1.1,-4.6,1651,False,DOWN
3,33,1.4,-4.6,944,False,DOWN
3,34,1.6,-4.6,400,False,DOWN
3,35,1.8,-4.7,0,False,DOWN
3,36,2.1,-4.7,0,False,DOWN
3,37,2.3,-4.7,0,False,DOWN
3,38,2.7,-4.7,0,False,DOWN
3,39,3.0,-4.7,0,False,DOWN
3,40,4.0,-4.7,60,False,DOWN
3,41,4.2,-4.8,417,False,DOWN
3,42,4.5,-4.7,890,False,DOWN
3,43,4.9,-4.7,1359,False,DOWN
3,44,5.1,-4.6,1774,False,DOWN
3,45,5.7,-4.6,2166,False,DOWN
3,46,6.4,-4.6,2459,False,DOWN
3,47,6.8,-4.5,2651,False,DOWN
3,48,7.0,-4.4,3009,False,DOWN
3,49,7.5,-4.2,3311,False,DOWN
3,50,8.3,-4.2,2879,False,DOWN
3,51,9.1,-4.1,2314,False,DOWN
3,52,10.0,-4.1,1660,False,DOWN
3,53,11.0,-4.2,1040,False,DOWN
3,54,11.9,-4.2,505,False,DOWN
3,55,13.0,-4.1,32,False,DOWN
3,56,14.1,-4.0,0,False,DOWN
3,57,15.5,-3.9,0,False,DOWN
3,58,16.9,-4.0,0,False,DOWN
3,59,18.4,-4.1,0,False,DOWN
3,60,19.9,-4.1,18,False,DOWN
3,61,21.5,-4.1,266,False,DOWN
3,62,23.2,-4.1,707,False,DOWN
3,63,24.9,-3.9,1165,False,DOWN
3,64,26.4,-3.7,1535,False,DOWN
3,65,28.1,-3.5,1904,False,DOWN
3,66,29.8,-3.4,2291,False,DOWN
3,67,31.6,-3.2,2504,False,DOWN
3,68,33.2,-3.1,2897,False,CURLING
3,69,34.9,-3.1,3383,False,CURLING
3,70,36.7,-3.0,3084,False,CURLING
3,71,38.4,-2.9,2559,False,CURLING
3,72,40.1,-2.8,1900,False,CURLING
3,73,42.1,-2.7,1229,False,CURLING
3,74,43.9,-2.7,666,False,CURLING
3,75,45.7,-2.7,144,False,CURLING
3,76,47.6,-2.6,0,False,CURLING
3,77,49.6,-2.5,0,False,CURLING
3,78,51.4,-2.2,0,False,CURLING
3,79,53.3,-2.1,0,False,CURLING
3,80,55.2,-1.9,13,False,CURLING
3,81,57.1,-1.8,198,False,CURLING
3,82,59.1,-1.6,645,False,CURLING
3,83,61.0,-1.5,1143,False,CURLING
3,84,62.8,-1.3,1535,False,CURLING
3,85,64.7,-1.1,1933,False,CURLING
3,86,66.9,-0.9,2347,False,CURLING
3,87,68.8,-0.8,2542,False,CURLING
3,88,70.6,-0.6,2860,False,CURLING
3,89,72.5,-0.4,3334,False,CURLING
3,90,74.5,-0.2,3173,False,CURLING
3,91,76.5,-0.1,2727,False,CURLING
3,92,78.4,0.1,2059,False,CURLING
3,93,80.1,0.3,1383,True,CURLING
3,94,81.9,0.5,786,True,TOP
3,95,83.7,0.8,254,False,TOP
3,96,85.5,1.1,0,False,TOP
3,97,87.2,1.3,0,False,TOP
3,98,89.0,1.6,0,False,TOP
3,99,90.8,2.0,0,False,TOP
3,100,92.6,2.5,0,False,TOP
3,101,94.3,2.9,95,False,TOP
3,102,96.0,3.3,544,True,TOP
3,103,97.4,3.7,987,True,TOP
3,104,98.7,4.1,1426,True,TOP
3,105,100.0,4.6,1840,True,TOP
3,106,101.2,4.8,2224,True,TOP
3,107,102.4,5.0,2486,True,TOP
3,108,103.6,5.2,2736,True,TOP
3,109,104.8,5.5,3185,True,TOP
3,110,106.0,5.6,3314,True,TOP
3,111,107.1,5.7,2877,True,TOP
3,112,108.3,5.8,2214,True,TOP
3,113,109.4,5.9,1566,True,TOP
3,114,110.5,6.0,960,True,TOP
3,115,111.6,6.2,382,False,TOP
3,116,112.5,6.3,0,False,TOP
3,117,113.5,6.5,0,False,TOP
3,118,114.4,6.6,0,False,TOP
3,119,115.2,6.6,0,False,TOP
3,120,115.9,6.6,0,False,TOP
3,121,116.6,6.7,62,False,TOP
3,122,117.3,6.8,413,False,TOP
3,123,117.9,6.9,883,True,TOP
3,124,118.4,7.0,1362,True,TOP
3,125,118.8,7.1,1781,True,TOP
3,126,119.2,7.1,2166,True,TOP
3,127,119.5,7.1,2480,True,TOP
3,128,119.8,7.1,2682,True,TOP
3,129,120.2,7.1,3137,True,TOP
3,130,120.6,7.1,3485,True,TOP
3,131,121.0,7.2,2992,True,TOP
3,132,121.4,7.2,2368,True,TOP
3,133,121.8,7.3,1742,True,TOP
3,134,122.2,7.4,1071,True,TOP
3,135,122.6,7.5,487,False,TOP
3,136,122.9,7.6,6,False,TOP
3,137,123.3,7.6,0,False,TOP
3,138,123.7,7.5,0,False,TOP
3,139,124.1,7.5,0,False,TOP
3,140,124.4,7.5,0,False,TOP
3,141,124.8,7.7,38,False,TOP
3,142,125.0,7.8,299,False,TOP
3,143,125.3,7.7,758,True,TOP
3,144,125.4,7.8,1254,True,TOP
3,145,125.6,7.8,1665,True,TOP
3,146,125.8,7.7,2032,True,TOP
3,147,125.9,7.7,2394,True,TOP
3,148,126.0,7.7,2608,True,TOP
3,149,126.1,7.7,2982,True,TOP
3,150,126.3,7.8,3426,True,TOP
3,151,126.4,7.8,3099,True,TOP
3,152,126.5,7.8,2559,True,TOP
3,153,126.7,7.8,1898,True,TOP
3,154,126.8,7.7,1227,True,TOP
3,155,126.9,7.7,669,True,TOP
3,156,127.0,7.7,156,False,TOP
3,157,127.1,7.7,0,False,TOP
3,158,127.2,7.7,0,False,TOP
3,159,127.3,7.7,0,False,TOP
3,160,127.3,7.7,0,False,TOP
3,161,127.3,7.7,13,False,TOP
3,162,127.4,7.7,209,False,TOP
3,163,127.4,7.6,650,True,TOP
3,164,127.4,7.6,1130,True,TOP
3,165,127.4,7.6,1530,True,TOP
3,166,127.2,7.6,1919,True,TOP
3,167,127.1,7.6,2327,True,TOP
3,168,127.0,7.5,2527,True,TOP
3,169,126.8,7.5,2847,True,TOP
3,170,126.4,7.5,3315,True,TOP
3,171,125.8,7.5,3167,True,TOP
3,172,124.8,7.4,2682,True,TOP
3,173,124.0,7.0,2045,True,TOP
3,174,123.1,6.6,1375,True,TOP
3,175,122.0,6.4,794,True,TOP
3,176,121.0,6.2,272,False,TOP
3,177,119.9,6.0,0,False,TOP
3,178,118.9,5.7,0,False,TOP
3,179,118.0,5.3,0,False,TOP
3,180,116.7,5.1,0,False,TOP
3,181,115.2,4.9,0,False,TOP
3,182,113.7,4.8,109,False,TOP
3,183,112.3,4.5,548,True,TOP
3,184,110.6,4.2,982,True,TOP
3,185,108.5,4.1,1405,True,TOP
3,186,106.4,4.0,1802,True,TOP
3,187,104.2,3.9,2195,True,TOP
3,188,102.4,3.7,2415,True,TOP
3,189,100.2,3.4,2655,True,TOP
3,190,97.6,3.4,3125,True,TOP
3,191,95.2,3.4,3201,True,TOP
3,192,93.2,3.0,2800,True,TOP
3,193,91.1,2.6,2151,True,TOP
3,194,88.8,2.5,1506,True,TOP
3,195,86.6,2.4,909,True,TOP
3,196,84.6,2.3,353,False,TOP
3,197,82.7,2.0,0,False,TOP
3,198,80.7,1.7,0,False,TOP
3,199,78.3,1.7,0,False,TOP
3,200,76.4,1.7,0,False,TOP
3,201,74.3,1.6,0,False,TOP
3,202,72.4,0.7,59,False,TOP
3,203,71.4,0.7,420,False,TOP
3,204,70.2,1.2,866,False,TOP
3,205,69.5,1.4,1342,False,TOP
3,206,68.6,1.2,1709,False,TOP
3,207,67.5,0.9,2082,False,TOP
3,208,66.7,0.6,2374,False,TOP
3,209,65.7,0.3,2592,False,TOP
3,210,64.8,0.3,3062,False,TOP
3,211,63.6,0.5,3387,False,TOP
3,212,62.2,0.7,2927,False,TOP
3,213,60.8,0.7,2389,False,TOP
3,214,59.6,0.5,1739,False,TOP
3,215,58.1,0.3,1074,False,TOP
3,216,57.0,0.3,509,False,TOP
3,217,55.5,0.3,20,False,TOP
3,218,53.9,0.5,0,False,TOP
3,219,52.4,0.6,0,False,TOP
3,220,50.4,0.7,0,False,TOP
3,221,48.2,0.9,0,False,TOP
3,222,45.8,0.9,46,False,TOP
3,223,43.5,1.0,317,False,TOP
3,224,40.9,1.2,787,False,TOP
3,225,38.6,1.3,1280,False,TOP
3,226,36.7,1.1,1698,False,TOP
3,227,34.9,0.9,2084,False,TOP
3,228,32.9,0.7,2428,False,TOP
3,229,30.7,0.6,2634,False,TOP
3,230,28.9,0.8,3017,False,TOP
3,231,27.2,0.9,3477,False,TOP
3,232,25.6,1.0,3056,False,TOP
3,233,23.7,1.0,2543,False,TOP
3,234,22.0,1.1,1889,False,TOP
3,235,20.2,1.0,1073,False,TOP
3,236,18.5,0.9,470,False,TOP
3,237,16.2,1.1,2291,False,DOWN
3,238,14.8,1.0,2279,False,DOWN
3,239,13.5,0.9,2496,False,DOWN
3,240,12.4,0.9,2833,False,DOWN
3,241,11.4,0.6,2341,False,DOWN
3,242,10.3,0.5,1712,False,DOWN
3,243,9.3,0.7,1002,False,DOWN
3,244,8.2,0.8,464,False,DOWN
3,245,7.3,1.0,22,False,DOWN
3,246,6.5,1.1,0,False,DOWN
3,247,5.6,1.3,0,False,DOWN
3,248,4.9,1.5,0,False,DOWN
3,249,4.1,1.5,0,False,DOWN
3,250,3.4,1.5,0,False,DOWN
3,251,2.8,1.5,48,False,DOWN
3,252,2.1,1.6,323,False,DOWN
3,253,1.6,1.6,718,False,DOWN
3,254,1.0,1.5,1053,False,DOWN
3,255,0.5,1.5,1253,False,DOWN
3,256,0.1,1.6,1387,False,DOWN
3,257,-0.3,1.6,1488,False,DOWN
3,258,-0.4,1.6,1498,False,DOWN
3,259,-0.7,1.6,1565,False,DOWN
3,260,-0.9,1.6,1722,False,DOWN
3,261,-1.2,1.6,1472,False,DOWN
3,262,-1.4,1.6,1108,False,DOWN
3,263,-1.6,1.6,567,False,DOWN
3,264,-1.8,1.6,112,False,DOWN
3,265,-1.9,1.6,0,False,DOWN
3,266,-2.1,1.6,0,False,DOWN
3,267,-2.4,1.7,0,False,DOWN
3,268,-2.6,1.7,0,False,DOWN
3,269,-2.8,1.7,0,False,DOWN
3,270,-3.0,1.7,0,False,DOWN
3,271,-3.2,1.6,16,False,DOWN
3,272,-3.4,1.6,256,False,DOWN
3,273,-3.6,1.7,626,False,DOWN
3,274,-3.8,1.6,965,False,DOWN
3,275,-3.8,1.6,1171,False,DOWN
3,276,-4.0,1.4,1296,False,DOWN
3,277,-4.2,1.4,1469,False,DOWN
3,278,-4.5,1.4,1490,False,DOWN
3,279,-4.7,1.5,1649,False,DOWN
3,280,-4.9,1.4,2137,False,DOWN
3,281,-5.1,1.4,2093,False,DOWN
3,282,-5.1,1.4,1505,False,DOWN
3,283,-5.2,1.4,930,False,DOWN
3,284,-5.5,1.5,355,False,DOWN
3,285,-5.7,1.5,0,False,DOWN
3,286,-5.7,1.4,0,False,DOWN
3,287,-5.8,1.4,0,False,DOWN
3,288,-5.9,1.4,0,False,DOWN
3,289,-6.0,1.4,0,False,DOWN
3,290,-6.1,1.5,0,False,DOWN
3,291,-6.1,1.6,0,False,DOWN
3,292,-6.2,1.6,215,False,DOWN
3,293,-6.3,1.6,558,False,DOWN
3,294,-6.3,1.6,895,False,DOWN
3,295,-6.4,1.6,1167,False,DOWN
3,296,-6.4,1.6,1328,False,DOWN
3,297,-6.5,1.7,1442,False,DOWN
3,298,-6.6,1.7,1535,False,DOWN
3,299,-6.6,1.7,1533,False,DOWN
3,300,-6.7,1.7,1831,False,DOWN
3,301,-6.8,1.7,2042,False,DOWN
3,302,-6.9,1.7,1654,False,DOWN
3,303,-6.9,1.7,1163,False,DOWN
3,304,-7.0,1.7,598,False,DOWN
3,305,-7.1,1.7,104,False,DOWN
4,0,-0.0,-4.7,137,False,DOWN
4,1,-0.0,-4.7,551,False,DOWN
4,2,-0.0,-4.7,1009,False,DOWN
4,3,0.0,-4.7,1378,False,DOWN
4,4,0.0,-4.7,1750,False,DOWN
4,5,0.0,-4.7,2128,False,DOWN
4,6,0.0,-4.7,2315,False,DOWN
4,7,0.0,-4.7,2629,False,DOWN
4,8,0.0,-4.7,3084,False,DOWN
4,9,0.0,-4.7,2928,False,DOWN
4,10,0.0,-4.7,2559,False,DOWN
4,11,0.0,-4.7,1967,False,DOWN
4,12,0.0,-4.7,1330,False,DOWN
4,13,-0.0,-4.7,784,False,DOWN
4,14,0.0,-4.7,288,False,DOWN
4,15,-0.0,-4.7,0,False,DOWN
4,16,-0.0,-4.7,0,False,DOWN
4,17,-0.0,-4.7,0,False,DOWN
4,18,-0.0,-4.7,0,False,DOWN
4,19,-0.0,-4.7,0,False,DOWN
4,20,-0.0,-4.7,80,False,DOWN
4,21,-0.0,-4.7,545,False,DOWN
4,22,0.0,-4.7,1034,False,DOWN
4,23,0.0,-4.7,1472,False,DOWN
4,24,0.1,-4.7,1900,False,DOWN
4,25,0.1,-4.7,2330,False,DOWN
4,26,0.2,-4.8,2559,False,DOWN
4,27,0.3,-4.8,2831,False,DOWN
4,28,0.5,-4.8,3319,False,DOWN
4,29,0.7,-4.7,3408,False,DOWN
4,30,0.8,-4.7,2961,False,DOWN
4,31,1.0,-4.7,2296,False,DOWN
4,32,1.1,-4.6,1651,False,DOWN
4,33,1.4,-4.6,944,False,DOWN
4,34,1.6,-4.6,400,False,DOWN
4,35,1.8,-4.7,0,False,DOWN
4,36,2.1,-4.7,0,False,DOWN
4,37,2.3,-4.7,0,False,DOWN
4,38,2.7,-4.7,0,False,DOWN
4,39,3.0,-4.7,0,False,DOWN
4,40,4.0,-4.7,60,False,DOWN
4,41,4.2,-4.8,417,False,DOWN
4,42,4.5,-4.7,890,False,DOWN
4,43,4.9,-4.7,1359,False,DOWN
4,44,5.1,-4.6,1774,False,DOWN
4,45,5.7,-4.6,2166,False,DOWN
4,46,6.4,-4.6,2459,False,DOWN
4,47,6.8,-4.5,2651,False,DOWN
4,48,7.0,-4.4,3009,False,DOWN
4,49,7.5,-4.2,3311,False,DOWN
4,50,8.3,-4.2,2879,False,DOWN
4,51,9.1,-4.1,2314,False,DOWN
4,52,10.0,-4.1,1660,False,DOWN
4,53,11.0,-4.2,1040,False,DOWN
4,54,11.9,-4.2,505,False,DOWN
4,55,13.0,-4.1,32,False,DOWN
4,56,14.1,-4.0,0,False,DOWN
4,57,15.5,-3.9,0,False,DOWN
4,58,16.9,-4.0,0,False,DOWN
4,59,18.4,-4.1,0,False,DOWN
4,60,19.9,-4.1,18,False,DOWN
4,61,21.5,-4.1,266,False,DOWN
4,62,23.2,-4.1,707,False,DOWN
4,63,24.9,-3.9,1165,False,DOWN
4,64,26.4,-3.7,1535,False,DOWN
4,65,28.1,-3.5,1904,False,DOWN
4,66,29.8,-3.4,2291,False,DOWN
4,67,31.6,-3.2,2504,False,DOWN
4,68,33.2,-3.1,2897,False,CURLING
4,69,34.9,-3.1,3383,False,CURLING
4,70,36.7,-3.0,3084,False,CURLING
4,71,38.4,-2.9,2559,False,CURLING
4,72,40.1,-2.8,1900,False,CURLING
4,73,42.1,-2.7,1229,False,CURLING
4,74,43.9,-2.7,666,False,CURLING
4,75,45.7,-2.7,144,False,CURLING
4,76,47.6,-2.6,0,False,CURLING
4,77,49.6,-2.5,0,False,CURLING
4,78,51.4,-2.2,0,False,CURLING
4,79,53.3,-2.1,0,False,CURLING
4,80,55.2,-1.9,13,False,CURLING
4,81,57.1,-1.8,198,False,CURLING
4,82,59.1,-1.6,645,False,CURLING
4,83,61.0,-1.5,1143,False,CURLING
4,84,62.8,-1.3,1535,False,CURLING
4,85,64.7,-1.1,1933,False,CURLING
4,86,66.9,-0.9,2347,False,CURLING
4,87,68.8,-0.8,2542,False,CURLING
4,88,70.6,-0.6,2860,False,CURLING
4,89,72.5,-0.4,3334,False,CURLING
4,90,74.5,-0.2,3173,False,CURLING
4,91,76.5,-0.1,2727,False,CURLING
4,92,78.4,0.1,2059,False,CURLING
4,93,80.1,0.3,1383,True,CURLING
4,94,81.9,0.5,786,True,TOP
4,95,83.7,0.8,254,False,TOP
4,96,85.5,1.1,0,False,TOP
4,97,87.2,1.3,0,False,TOP
4,98,89.0,1.6,0,False,TOP
4,99,90.8,2.0,0,False,TOP
4,100,92.6,2.5,0,False,TOP
4,101,94.3,2.9,95,False,TOP
4,102,96.0,3.3,544,True,TOP
4,103,97.4,3.7,987,True,TOP
4,104,98.7,4.1,1426,True,TOP
4,105,100.0,4.6,1840,True,TOP
4,106,101.2,4.8,2224,True,TOP
4,107,102.4,5.0,2486,True,TOP
4,108,103.6,5.2,2736,True,TOP
4,109,104.8,5.5,3185,True,TOP
4,110,106.0,5.6,3314,True,TOP
4,111,107.1,5.7,2877,True,TOP
4,112,108.3,5.8,2214,True,TOP
4,113,109.4,5.9,1566,True,TOP
4,114,110.5,6.0,960,True,TOP
4,115,111.6,6.2,382,False,TOP
4,116,112.5,6.3,0,False,TOP
4,117,113.5,6.5,0,False,TOP
4,118,114.4,6.6,0,False,TOP
4,119,115.2,6.6,0,False,TOP
4,120,115.9,6.6,0,False,TOP
4,121,116.6,6.7,62,False,TOP
4,122,117.3,6.8,413,False,TOP
4,123,117.9,6.9,883,True,TOP
4,124,118.4,7.0,1362,True,TOP
4,125,118.8,7.1,1781,True,TOP
4,126,119.2,7.1,2166,True,TOP
4,127,119.5,7.1,2480,True,TOP
4,128,119.8,7.1,2682,True,TOP
4,129,120.2,7.1,3137,True,TOP
4,130,120.6,7.1,3485,True,TOP
4,131,121.0,7.2,2992,True,TOP
4,132,121.4,7.2,2368,True,TOP
4,133,121.8,7.3,1742,True,TOP
4,134,122.2,7.4,1071,True,TOP
4,135,122.6,7.5,487,False,TOP
4,136,122.9,7.6,6,False,TOP
4,137,123.3,7.6,0,False,TOP
4,138,123.7,7.5,0,False,TOP
4,139,124.1,7.5,0,False,TOP
4,140,124.4,7.5,0,False,TOP
4,141,124.8,7.7,38,False,TOP
4,142,125.0,7.8,299,False,TOP
4,143,125.3,7.7,758,True,TOP
4,144,125.4,7.8,1254,True,TOP
4,145,125.6,7.8,1665,True,TOP
4,146,125.8,7.7,2032,True,TOP
4,147,125.9,7.7,2394,True,TOP
4,148,126.0,7.7,2608,True,TOP
4,149,126.1,7.7,2982,True,TOP
4,150,126.3,7.8,3426,True,TOP
4,151,126.4,7.8,3099,True,TOP
4,152,126.5,7.8,2559,True,TOP
4,153,126.7,7.8,1898,True,TOP
4,154,126.8,7.7,1227,True,TOP
4,155,126.9,7.7,669,True,TOP
4,156,127.0,7.7,156,False,TOP
4,157,127.1,7.7,0,False,TOP
4,158,127.2,7.7,0,False,TOP
4,159,127.3,7.7,0,False,TOP
4,160,127.3,7.7,0,False,TOP
4,161,127.3,7.7,13,False,TOP
4,162,127.4,7.7,209,False,TOP
4,163,127.4,7.6,650,True,TOP
4,164,127.4,7.6,1130,True,TOP
4,165,127.4,7.6,1530,True,TOP
4,166,127.2,7.6,1919,True,TOP
4,167,127.1,7.6,2327,True,TOP
4,168,127.0,7.5,2527,True,TOP
4,169,126.8,7.5,2847,True,TOP
4,170,126.4,7.5,3315,True,TOP
4,171,125.8,7.5,3167,True,TOP
4,172,124.8,7.4,2682,True,TOP
4,173,124.0,7.0,2045,True,TOP
4,174,123.1,6.6,1375,True,TOP
4,175,122.0,6.4,794,True,TOP
4,176,121.0,6.2,272,False,TOP
4,177,119.9,6.0,0,False,TOP
4,178,118.9,5.7,0,False,TOP
4,179,118.0,5.3,0,False,TOP
4,180,116.7,5.1,0,False,TOP
4,181,115.2,4.9,0,False,TOP
4,182,113.7,4.8,109,False,TOP
4,183,112.3,4.5,548,True,TOP
4,184,110.6,4.2,982,True,TOP
4,185,108.5,4.1,1405,True,TOP
4,186,106.4,4.0,1802,True,TOP
4,187,104.2,3.9,2195,True,TOP
4,188,102.4,3.7,2415,True,TOP
4,189,100.2,3.4,2655,True,TOP
4,190,97.6,3.4,3125,True,TOP
4,191,95.2,3.4,3201,True,TOP
4,192,93.2,3.0,2800,True,TOP
4,193,91.1,2.6,2151,True,TOP
4,194,88.8,2.5,1506,True,TOP
4,195,86.6,2.4,909,True,TOP
4,196,84.6,2.3,353,False,TOP
4,197,82.7,2.0,0,False,TOP
4,198,80.7,1.7,0,False,TOP
4,199,78.3,1.7,0,False,TOP
4,200,76.4,1.7,0,False,TOP
4,201,74.3,1.6,0,False,TOP
4,202,72.4,0.7,59,False,TOP
4,203,71.4,0.7,420,False,TOP
4,204,70.2,1.2,866,False,TOP
4,205,69.5,1.4,1342,False,TOP
4,206,68.6,1.2,1709,False,TOP
4,207,67.5,0.9,2082,False,TOP
4,208,66.7,0.6,2374,False,TOP
4,209,65.7,0.3,2592,False,TOP
4,210,64.8,0.3,3062,False,TOP
4,211,63.6,0.5,3387,False,TOP
4,212,62.2,0.7,2927,False,TOP
4,213,60.8,0.7,2389,False,TOP
4,214,59.6,0.5,1739,False,TOP
4,215,58.1,0.3,1074,False,TOP
4,216,57.0,0.3,509,False,TOP
4,217,55.5,0.3,20,False,TOP
4,218,53.9,0.5,0,False,TOP
4,219,52.4,0.6,0,False,TOP
4,220,50.4,0.7,0,False,TOP
4,221,48.2,0.9,0,False,TOP
4,222,45.8,0.9,46,False,TOP
4,223,43.5,1.0,317,False,TOP
4,224,40.9,1.2,787,False,TOP
4,225,38.6,1.3,1280,False,TOP
4,226,36.7,1.1,1698,False,TOP
4,227,34.9,0.9,2084,False,TOP
4,228,32.9,0.7,2428,False,TOP
4,229,30.7,0.6,2634,False,TOP
4,230,28.9,0.8,3017,False,TOP
4,231,27.2,0.9,3477,False,TOP
4,232,25.6,1.0,3056,False,TOP
4,233,23.7,1.0,2543,False,TOP
4,234,22.0,1.1,1889,False,TOP
4,235,20.2,1.0,1073,False,TOP
4,236,18.5,0.9,470,False,TOP
4,237,16.2,1.1,2291,False,DOWN
4,238,14.8,1.0,2279,False,DOWN
4,239,13.5,0.9,2496,False,DOWN
4,240,12.4,0.9,2833,False,DOWN
4,241,11.4,0.6,2341,False,DOWN
4,242,10.3,0.5,1712,False,DOWN
4,243,9.3,0.7,1002,False,DOWN
4,244,8.2,0.8,464,False,DOWN
4,245,7.3,1.0,22,False,DOWN
4,246,6.5,1.1,0,False,DOWN
4,247,5.6,1.3,0,False,DOWN
4,248,4.9,1.5,0,False,DOWN
4,249,4.1,1.5,0,False,DOWN
4,250,3.4,1.5,0,False,DOWN
4,251,2.8,1.5,48,False,DOWN
4,252,2.1,1.6,323,False,DOWN
4,253,1.6,1.6,718,False,DOWN
4,254,1.0,1.5,1053,False,DOWN
4,255,0.5,1.5,1253,False,DOWN
4,256,0.1,1.6,1387,False,DOWN
4,257,-0.3,1.6,1488,False,DOWN
4,258,-0.4,1.6,1498,False,DOWN
4,259,-0.7,1.6,1565,False,DOWN
4,260,-0.9,1.6,1722,False,DOWN
4,261,-1.2,1.6,1472,False,DOWN
4,262,-1.4,1.6,1108,False,DOWN
4,263,-1.6,1.6,567,False,DOWN
4,264,-1.8,1.6,112,False,DOWN
4,265,-1.9,1.6,0,False,DOWN
4,266,-2.1,1.6,0,False,DOWN
4,267,-2.4,1.7,0,False,DOWN
4,268,-2.6,1.7,0,False,DOWN
4,269,-2.8,1.7,0,False,DOWN
4,270,-3.0,1.7,0,False,DOWN
4,271,-3.2,1.6,16,False,DOWN
4,272,-3.4,1.6,256,False,DOWN
4,273,-3.6,1.7,626,False,DOWN
4,274,-3.8,1.6,965,False,DOWN
4,275,-3.8,1.6,1171,False,DOWN
4,276,-4.0,1.4,1296,False,DOWN
4,277,-4.2,1.4,1469,False,DOWN
4,278,-4.5,1.4,1490,False,DOWN
4,279,-4.7,1.5,1649,False,DOWN
4,280,-4.9,1.4,2137,False,DOWN
4,281,-5.1,1.4,2093,False,DOWN
4,282,-5.1,1.4,1505,False,DOWN
4,283,-5.2,1.4,930,False,DOWN
4,284,-5.5,1.5,355,False,DOWN
4,285,-5.7,1.5,0,False,DOWN
4,286,-5.7,1.4,0,False,DOWN
4,287,-5.8,1.4,0,False,DOWN
4,288,-5.9,1.4,0,False,DOWN
4,289,-6.0,1.4,0,False,DOWN
4,290,-6.1,1.5,0,False,DOWN
4,291,-6.1,1.6,0,False,DOWN
4,292,-6.2,1.6,215,False,DOWN
4,293,-6.3,1.6,558,False,DOWN
4,294,-6.3,1.6,895,False,DOWN
4,295,-6.4,1.6,1167,False,DOWN
4,296,-6.4,1.6,1328,False,DOWN
4,297,-6.5,1.7,1442,False,DOWN
4,298,-6.6,1.7,1535,False,DOWN
4,299,-6.6,1.7,1533,False,DOWN
4,300,-6.7,1.7,1831,False,DOWN
4,301,-6.8,1.7,2042,False,DOWN
4,302,-6.9,1.7,1654,False,DOWN
4,303,-6.9,1.7,1163,False,DOWN
4,304,-7.0,1.7,598,False,DOWN
4,305,-7.1,1.7,104,False,DOWN
5,0,-0.8,-5.5,0,False,DOWN
5,1,-0.8,-5.5,0,False,DOWN
5,2,-0.8,-5.5,0,False,DOWN
5,3,-0.7,-5.5,0,False,DOWN
5,4,-0.7,-5.5,0,False,DOWN
5,5,-0.7,-5.6,20,False,DOWN
5,6,-0.7,-5.6,194,False,DOWN
5,7,-0.7,-5.6,775,False,DOWN
5,8,-0.7,-5.6,1470,False,DOWN
5,9,-0.7,-5.6,2073,False,DOWN
5,10,-0.7,-5.5,2670,False,DOWN
5,11,-0.7,-5.5,3227,False,DOWN
5,12,-0.7,-5.6,3568,False,DOWN
5,13,-0.7,-5.6,3771,False,DOWN
5,14,-0.7,-5.5,4095,False,DOWN
5,15,-0.7,-5.5,4095,False,DOWN
5,16,-0.7,-5.5,3487,False,DOWN
5,17,-0.7,-5.6,2445,False,DOWN
5,18,-0.7,-5.6,1683,False,DOWN
5,19,-0.7,-5.6,896,False,DOWN
5,20,-0.7,-5.5,67,False,DOWN
5,21,-0.7,-5.5,0,False,DOWN
5,22,-0.7,-5.5,0,False,DOWN
5,23,-0.7,-5.5,0,False,DOWN
5,24,-0.7,-5.6,0,False,DOWN
5,25,-0.7,-5.6,0,False,DOWN
5,26,-0.7,-5.6,70,False,DOWN
5,27,-0.7,-5.6,610,False,DOWN
5,28,-0.6,-5.7,1260,False,DOWN
5,29,-0.6,-5.8,1930,False,DOWN
5,30,-0.6,-5.8,2581,False,DOWN
5,31,-0.5,-6.0,3120,False,DOWN
5,32,-0.4,-6.1,3482,False,DOWN
5,33,-0.4,-6.2,3727,False,DOWN
5,34,-0.3,-6.4,4095,False,DOWN
5,35,-0.2,-6.6,4095,False,DOWN
5,36,-0.1,-6.8,3394,False,DOWN
5,37,0.1,-6.7,2802,False,DOWN
5,38,0.3,-6.8,1810,False,DOWN
5,39,0.5,-6.9,1089,False,DOWN
5,40,0.7,-7.1,362,False,DOWN
5,41,1.1,-7.3,0,False,DOWN
5,42,1.4,-7.4,0,False,DOWN
5,43,1.9,-7.5,0,False,DOWN
5,44,2.6,-7.6,0,False,DOWN
5,45,3.2,-7.6,0,False,DOWN
5,46,4.1,-7.7,133,False,DOWN
5,47,5.1,-7.7,491,False,DOWN
5,48,6.7,-7.7,1181,False,DOWN
5,49,8.0,-7.6,1925,False,DOWN
5,50,9.8,-7.5,2559,False,DOWN
5,51,12.0,-7.4,3136,False,DOWN
5,52,14.3,-7.3,3660,False,DOWN
5,53,15.9,-7.3,3969,False,DOWN
5,54,16.9,-7.2,4095,False,DOWN
5,55,18.2,-7.0,4095,False,DOWN
5,56,19.5,-6.9,3704,False,DOWN
5,57,20.6,-6.8,2871,False,DOWN
5,58,22.0,-6.7,1968,False,DOWN
5,59,23.4,-6.5,1076,False,DOWN
5,60,24.9,-6.3,269,False,DOWN
5,61,26.3,-6.2,0,False,DOWN
5,62,27.8,-6.0,0,False,DOWN
5,63,29.3,-5.8,0,False,DOWN
5,64,30.9,-5.6,0,False,DOWN
5,65,32.5,-5.4,0,False,CURLING
5,66,34.1,-5.3,99,False,CURLING
5,67,35.7,-5.2,373,False,CURLING
5,68,37.3,-5.1,1044,False,CURLING
5,69,38.8,-5.0,1822,False,CURLING
5,70,40.4,-4.9,2431,False,CURLING
5,71,42.0,-4.7,3008,False,CURLING
5,72,43.6,-4.5,3583,False,CURLING
5,73,45.1,-4.4,3795,False,CURLING
5,74,46.7,-4.3,4095,False,CURLING
5,75,48.4,-4.0,4095,False,CURLING
5,76,50.0,-3.9,3902,False,CURLING
5,77,51.7,-3.7,3141,False,CURLING
5,78,53.5,-3.5,2289,False,CURLING
5,79,55.1,-3.3,1275,False,CURLING
5,80,56.8,-3.2,560,False,CURLING
5,81,58.5,-3.1,0,False,CURLING
5,82,60.1,-2.8,0,False,CURLING
5,83,61.8,-2.7,0,False,CURLING
5,84,63.6,-2.5,0,False,CURLING
5,85,65.2,-2.4,0,False,CURLING
5,86,67.0,-2.3,26,False,CURLING
5,87,68.9,-2.1,211,False,CURLING
5,88,70.7,-2.0,867,False,CURLING
5,89,72.5,-1.9,1619,False,CURLING
5,90,74.2,-1.5,2318,False,CURLING
5,91,76.0,-1.2,2932,False,CURLING
5,92,77.7,-0.9,3554,False,CURLING
5,93,79.4,-0.7,3941,False,CURLING
5,94,81.1,-0.3,3882,True,CURLING
5,95,82.8,-0.0,4095,True,TOP
5,96,84.5,0.3,4095,True,TOP
5,97,86.1,0.6,3451,True,TOP
5,98,87.8,1.0,2486,True,TOP
5,99,89.4,1.3,1535,True,TOP
5,100,91.0,1.5,703,True,TOP
5,101,92.6,2.0,0,False,TOP
5,102,94.0,2.2,0,False,TOP
5,103,95.6,2.5,0,False,TOP
5,104,96.8,2.8,0,False,TOP
5,105,98.0,3.1,0,False,TOP
5,106,99.4,3.2,0,False,TOP
5,107,100.7,3.4,128,False,TOP
5,108,102.0,3.6,710,True,TOP
5,109,103.3,3.8,1487,True,TOP
5,110,104.5,3.9,2242,True,TOP
5,111,105.8,4.1,2922,True,TOP
5,112,107.0,4.2,3517,True,TOP
5,113,108.1,4.3,4034,True,TOP
5,114,109.2,4.5,4095,True,TOP
5,115,110.4,4.6,4095,True,TOP
5,116,111.4,4.6,4095,True,TOP
5,117,112.6,5.0,3419,True,TOP
5,118,113.7,5.4,2698,True,TOP
5,119,114.9,5.6,1775,True,TOP
5,120,116.2,5.9,771,True,TOP
5,121,117.4,6.1,68,False,TOP
5,122,118.5,6.5,0,False,TOP
5,123,119.2,6.7,0,False,TOP
5,124,120.1,6.8,0,False,TOP
5,125,120.7,6.8,0,False,TOP
5,126,121.1,7.0,0,False,TOP
5,127,121.4,7.2,101,False,TOP
5,128,121.7,7.2,499,False,TOP
5,129,122.0,7.2,1200,True,TOP
5,130,122.3,7.2,2003,True,TOP
5,131,122.6,7.1,2653,True,TOP
5,132,122.9,7.2,3201,True,TOP
5,133,123.3,7.3,3777,True,TOP
5,134,123.6,7.4,4095,True,TOP
5,135,124.0,7.4,4095,True,TOP
5,136,124.3,7.5,4095,True,TOP
5,137,124.6,7.5,3683,True,TOP
5,138,124.9,7.6,2925,True,TOP
5,139,125.1,7.7,2065,True,TOP
5,140,125.3,7.7,1104,True,TOP
5,141,125.4,7.7,290,False,TOP
5,142,125.4,7.6,0,False,TOP
5,143,125.6,7.6,0,False,TOP
5,144,125.8,7.6,0,False,TOP
5,145,125.9,7.7,0,False,TOP
5,146,126.0,7.8,0,False,TOP
5,147,126.3,7.8,47,False,TOP
5,148,126.5,7.8,366,False,TOP
5,149,126.7,8.0,1045,True,TOP
5,150,126.9,8.0,1758,True,TOP
5,151,127.1,8.0,2477,True,TOP
5,152,127.2,7.9,3133,True,TOP
5,153,127.4,7.9,3711,True,TOP
5,154,127.5,8.0,3873,True,TOP
5,155,127.7,8.1,4095,True,TOP
5,156,127.8,8.2,4095,True,TOP
5,157,127.8,8.1,3969,True,TOP
5,158,127.8,8.0,3088,True,TOP
5,159,127.8,8.0,2277,True,TOP
5,160,127.7,8.0,1216,True,TOP
5,161,127.5,8.0,474,False,TOP
5,162,127.3,7.9,0,False,TOP
5,163,127.0,7.7,0,False,TOP
5,164,126.6,7.6,0,False,TOP
5,165,126.2,7.5,0,False,TOP
5,166,125.5,7.5,0,False,TOP
5,167,124.7,7.4,0,False,TOP
5,168,124.0,7.3,176,False,TOP
5,169,122.9,7.2,877,True,TOP
5,170,121.6,7.0,1664,True,TOP
5,171,120.3,6.7,2383,True,TOP
5,172,119.0,6.4,3023,True,TOP
5,173,117.7,6.2,3719,True,TOP
5,174,116.5,5.8,4062,True,TOP
5,175,115.2,5.6,4095,True,TOP
5,176,113.8,5.5,4095,True,TOP
5,177,112.4,5.4,4064,True,TOP
5,178,111.2,5.0,3441,True,TOP
5,179,109.6,4.6,2323,True,TOP
5,180,107.6,4.6,1395,True,TOP
5,181,105.8,4.6,490,False,TOP
5,182,104.8,4.2,0,False,TOP
5,183,103.5,3.6,0,False,TOP
5,184,101.7,3.4,0,False,TOP
5,185,99.7,3.5,0,False,TOP
5,186,98.0,3.7,0,False,TOP
5,187,96.5,3.6,0,False,TOP
5,188,94.9,3.2,141,False,TOP
5,189,92.6,2.9,723,True,TOP
5,190,90.3,2.8,1484,True,TOP
5,191,88.4,2.5,2206,True,TOP
5,192,86.4,1.9,2865,True,TOP
5,193,83.9,1.7,3439,True,TOP
5,194,81.2,1.6,3753,True,TOP
5,195,79.3,1.5,4095,False,TOP
5,196,77.7,1.1,4095,False,TOP
5,197,75.4,0.6,4095,False,TOP
5,198,72.9,0.6,3548,False,TOP
5,199,70.7,0.9,2729,False,TOP
5,200,69.2,1.1,1703,False,TOP
5,201,66.9,0.8,795,False,TOP
5,202,64.1,0.6,0,False,TOP
5,203,61.6,0.8,0,False,TOP
5,204,59.7,0.8,0,False,TOP
5,205,57.6,0.6,0,False,TOP
5,206,55.0,0.4,0,False,TOP
5,207,52.7,0.5,0,False,TOP
5,208,50.7,0.5,112,False,TOP
5,209,49.1,0.6,563,False,TOP
5,210,47.3,0.5,1322,False,TOP
5,211,44.9,0.4,2112,False,TOP
5,212,42.9,0.7,2745,False,TOP
5,213,41.0,1.0,3318,False,TOP
5,214,39.0,1.2,3758,False,TOP
5,215,37.1,1.2,4095,False,TOP
5,216,34.9,1.2,4095,False,TOP
5,217,32.9,1.1,4095,False,TOP
5,218,31.0,1.1,3759,False,TOP
5,219,29.2,1.1,2879,False,TOP
5,220,27.4,1.0,1906,False,TOP
5,221,25.4,1.0,960,False,TOP
5,222,23.5,1.0,188,False,TOP
5,223,21.7,1.1,0,False,TOP
5,224,19.8,1.2,0,False,TOP
5,225,17.5,1.2,4095,False,DOWN
5,226,16.0,1.0,4095,False,DOWN
5,227,14.2,1.1,3785,False,DOWN
5,228,12.7,1.0,2995,False,DOWN
5,229,11.1,1.2,2038,False,DOWN
5,230,9.7,1.1,960,False,DOWN
5,231,8.1,0.8,427,False,DOWN
5,232,6.9,0.6,0,False,DOWN
5,233,5.7,0.6,0,False,DOWN
5,234,4.7,0.4,0,False,DOWN
5,235,3.7,0.4,0,False,DOWN
5,236,2.7,0.4,0,False,DOWN
5,237,1.8,0.3,39,False,DOWN
5,238,1.4,0.2,353,False,DOWN
5,239,0.6,0.1,959,False,DOWN
5,240,-0.0,-0.0,1744,False,DOWN
5,241,-0.6,-0.1,2368,False,DOWN
5,242,-1.0,-0.2,2941,False,DOWN
5,243,-1.4,-0.2,3523,False,DOWN
5,244,-1.7,-0.3,3634,False,DOWN
5,245,-1.9,-0.5,4095,False,DOWN
5,246,-2.0,-0.5,4095,False,DOWN
5,247,-2.1,-0.5,3838,False,DOWN
5,248,-2.4,-0.6,3127,False,DOWN
5,249,-2.4,-0.6,2093,False,DOWN
5,250,-2.4,-0.7,1265,False,DOWN
5,251,-2.5,-0.7,473,False,DOWN
5,252,-2.5,-0.8,0,False,DOWN
5,253,-2.5,-0.9,0,False,DOWN
5,254,-2.6,-1.0,0,False,DOWN
5,255,-2.6,-1.1,0,False,DOWN
5,256,-2.7,-1.2,0,False,DOWN
5,257,-2.8,-1.2,5,False,DOWN
5,258,-2.9,-1.4,176,False,DOWN
5,259,-3.0,-1.4,899,False,DOWN
5,260,-3.0,-1.5,1645,False,DOWN
5,261,-3.1,-1.6,2320,False,DOWN
5,262,-3.2,-1.6,2928,False,DOWN
5,263,-3.3,-1.7,3522,False,DOWN
5,264,-3.3,-1.7,3846,False,DOWN
5,265,-3.4,-1.7,4095,False,DOWN
5,266,-3.5,-1.7,4095,False,DOWN
5,267,-3.5,-1.7,4061,False,DOWN
5,268,-3.6,-1.7,3431,False,DOWN
5,269,-3.7,-1.7,2438,False,DOWN
5,270,-3.8,-1.7,1488,False,DOWN
5,271,-3.9,-1.8,690,False,DOWN
5,272,-4.0,-1.7,0,False,DOWN
5,273,-4.1,-1.7,0,False,DOWN
5,274,-4.1,-1.7,0,False,DOWN
5,275,-4.2,-1.7,0,False,DOWN
5,276,-4.3,-1.8,0,False,DOWN
5,277,-4.3,-1.8,0,False,DOWN
5,278,-4.4,-1.8,143,False,DOWN
5,279,-4.4,-1.8,762,False,DOWN
5,280,-4.5,-1.8,1493,False,DOWN
5,281,-4.6,-1.9,2163,False,DOWN
5,282,-4.6,-1.9,2866,False,DOWN
5,283,-4.6,-1.9,3478,False,DOWN
5,284,-4.7,-1.9,3867,False,DOWN
5,285,-4.7,-2.0,4095,False,DOWN
5,286,-4.8,-2.0,4095,False,DOWN
5,287,-4.8,-2.1,4095,False,DOWN
5,288,-4.9,-2.0,3483,False,DOWN
5,289,-4.9,-2.1,2522,False,DOWN
5,290,-5.0,-2.1,1730,False,DOWN
5,291,-5.0,-2.0,770,False,DOWN
5,292,-5.0,-2.1,0,False,DOWN
5,293,-5.1,-2.1,0,False,DOWN
5,294,-5.1,-2.1,0,False,DOWN
5,295,-5.1,-2.1,0,False,DOWN
5,296,-5.1,-2.1,0,False,DOWN
5,297,-5.1,-2.1,0,False,DOWN
5,298,-5.1,-2.1,52,False,DOWN
5,299,-5.2,-2.1,560,False,DOWN
5,300,-5.2,-2.2,1323,False,DOWN
5,301,-5.2,-2.2,2078,False,DOWN
5,302,-5.2,-2.2,2750,False,DOWN
5,303,-5.2,-2.2,3327,False,DOWN
5,304,-5.2,-2.2,3765,False,DOWN
5,305,-5.2,-2.3,4095,False,DOWN
5,306,-5.2,-2.3,4095,False,DOWN
5,307,-5.2,-2.3,4095,False,DOWN
5,308,-5.2,-2.3,3725,False,DOWN
5,309,-5.2,-2.3,2800,False,DOWN
5,310,-5.2,-2.3,1917,False,DOWN
5,311,-5.3,-2.4,814,False,DOWN
5,312,-5.3,-2.4,172,False,DOWN
5,313,-5.3,-2.4,0,False,DOWN
5,314,-5.3,-2.4,0,False,DOWN
5,315,-5.3,-2.4,0,False,DOWN
5,316,-5.3,-2.4,0,False,DOWN
5,317,-5.3,-2.4,0,False,DOWN
5,318,-5.3,-2.4,84,False,DOWN
5,319,-5.3,-2.3,444,False,DOWN
6,0,1.4,-6.5,1750,False,DOWN
6,1,1.5,-6.5,1113,False,DOWN
6,2,1.5,-6.5,590,False,DOWN
6,3,1.5,-6.5,112,False,DOWN
6,4,1.5,-6.4,0,False,DOWN
6,5,1.5,-6.4,0,False,DOWN
6,6,1.5,-6.4,0,False,DOWN
6,7,1.5,-6.4,0,False,DOWN
6,8,1.5,-6.4,2,False,DOWN
6,9,1.5,-6.4,215,False,DOWN
6,10,1.5,-6.4,640,False,DOWN
6,11,1.5,-6.4,1116,False,DOWN
6,12,1.5,-6.4,1484,False,DOWN
6,13,1.5,-6.4,1834,False,DOWN
6,14,1.5,-6.4,2201,False,DOWN
6,15,1.5,-6.4,2384,False,DOWN
6,16,1.5,-6.4,2739,False,DOWN
6,17,1.5,-6.5,3173,False,DOWN
6,18,1.6,-6.5,2871,False,DOWN
6,19,1.5,-6.5,2416,False,DOWN
6,20,1.6,-6.6,1793,False,DOWN
6,21,1.9,-6.8,1157,False,DOWN
6,22,2.3,-7.1,625,False,DOWN
6,23,2.8,-7.2,150,False,DOWN
6,24,3.6,-7.3,0,False,DOWN
6,25,4.7,-7.5,0,False,DOWN
6,26,6.4,-7.5,0,False,DOWN
6,27,8.0,-7.2,0,False,DOWN
6,28,10.1,-7.1,0,False,DOWN
6,29,12.6,-7.4,234,False,DOWN
6,30,15.5,-7.5,711,False,DOWN
6,31,19.2,-7.2,1206,False,DOWN
6,32,23.0,-6.7,1617,False,DOWN
6,33,26.8,-6.2,2017,False,DOWN
6,34,31.2,-5.7,2394,False,DOWN
6,35,35.9,-5.1,2586,False,CURLING
6,36,41.0,-4.4,2903,False,CURLING
6,37,45.9,-3.7,3391,False,CURLING
6,38,50.8,-3.0,3035,False,CURLING
6,39,55.9,-2.2,2534,False,CURLING
6,40,61.0,-1.4,1852,False,CURLING
6,41,66.0,-0.8,1217,False,CURLING
6,42,70.7,-0.5,651,False,CURLING
6,43,75.6,0.0,150,False,CURLING
6,44,80.2,0.1,0,False,CURLING
6,45,85.2,0.1,0,False,TOP
6,46,89.9,0.2,0,False,TOP
6,47,94.3,0.5,0,False,TOP
6,48,98.6,0.8,0,False,TOP
6,49,101.6,1.4,198,False,TOP
6,50,102.0,1.7,627,True,TOP
6,51,101.1,1.5,1094,True,TOP
6,52,99.4,1.0,1474,True,TOP
6,53,97.6,0.6,1872,True,TOP
6,54,95.9,0.1,2231,True,TOP
6,55,94.2,-0.3,2430,True,TOP
6,56,92.2,-0.5,2768,True,TOP
6,57,89.6,-0.6,3248,True,TOP
6,58,86.4,-0.7,3018,True,TOP
6,59,82.7,-1.0,2559,True,TOP
6,60,78.9,-1.6,1914,False,TOP
6,61,74.7,-2.3,1266,False,TOP
6,62,71.0,-2.7,673,False,TOP
6,63,68.0,-3.1,164,False,TOP
6,64,65.1,-3.4,0,False,TOP
6,65,61.8,-3.6,0,False,TOP
6,66,58.1,-3.9,0,False,TOP
6,67,53.8,-4.1,0,False,TOP
6,68,49.4,-4.2,0,False,TOP
6,69,44.7,-4.4,189,False,TOP
6,70,40.0,-4.4,639,False,TOP
6,71,35.3,-4.3,1126,False,TOP
6,72,30.2,-4.1,1520,False,TOP
6,73,25.4,-3.7,1921,False,TOP
6,74,21.1,-3.5,2288,False,TOP
6,75,17.1,-3.3,2443,False,TOP
6,76,11.7,-3.9,0,False,DOWN
6,77,8.7,-4.6,0,False,DOWN
6,78,7.0,-4.9,141,False,DOWN
6,79,5.0,-5.5,562,False,DOWN
6,80,4.5,-5.7,1020,False,DOWN
6,81,3.3,-5.5,1403,False,DOWN
6,82,2.1,-5.3,1803,False,DOWN
6,83,1.3,-5.3,2214,False,DOWN
6,84,1.6,-5.2,2402,False,DOWN
6,85,1.4,-5.0,2757,False,DOWN
6,86,1.2,-4.9,3271,False,DOWN
6,87,0.8,-4.7,3170,False,DOWN
6,88,0.6,-4.5,2754,False,DOWN
6,89,0.3,-4.5,2090,False,DOWN
6,90,-0.9,-4.4,1405,False,DOWN
6,91,-1.0,-4.4,822,False,DOWN
6,92,-1.1,-4.5,245,False,DOWN
6,93,-1.1,-4.3,0,False,DOWN
6,94,-1.2,-4.4,0,False,DOWN
6,95,-1.3,-4.6,0,False,DOWN
6,96,-1.4,-4.8,0,False,DOWN
6,97,-1.5,-4.9,0,False,DOWN
6,98,-1.6,-4.9,80,False,DOWN
6,99,-1.7,-5.1,559,False,DOWN
6,100,-1.8,-5.2,1040,False,DOWN
6,101,-1.9,-5.3,1501,False,DOWN
6,102,-2.1,-5.3,1909,False,DOWN
6,103,-2.2,-5.3,2306,False,DOWN
6,104,-2.3,-5.4,2480,False,DOWN
6,105,-2.4,-5.5,2715,False,DOWN
6,106,-2.5,-5.4,3199,False,DOWN
6,107,-2.7,-5.4,3227,False,DOWN
6,108,-2.8,-5.4,2834,False,DOWN
6,109,-2.9,-5.5,2170,False,DOWN
6,110,-3.0,-5.4,1494,False,DOWN
6,111,-3.0,-5.4,863,False,DOWN
6,112,-3.1,-5.4,350,False,DOWN
6,113,-3.1,-5.5,0,False,DOWN
6,114,-3.2,-5.4,0,False,DOWN
6,115,-3.3,-5.4,0,False,DOWN
6,116,-3.3,-5.3,0,False,DOWN
6,117,-3.4,-5.3,0,False,DOWN
6,118,-3.5,-5.3,60,False,DOWN
6,119,-3.6,-5.3,415,False,DOWN
6,120,-3.6,-5.2,862,False,DOWN
6,121,-3.9,-5.3,1300,False,DOWN
6,122,-4.0,-5.3,1674,False,DOWN
6,123,-4.1,-5.2,2030,False,DOWN
6,124,-4.2,-5.2,2270,False,DOWN
6,125,-4.3,-5.1,2493,False,DOWN
6,126,-4.4,-5.1,2956,False,DOWN
6,127,-4.6,-5.1,3102,False,DOWN
6,128,-4.8,-5.1,2699,False,DOWN
6,129,-5.0,-5.1,2067,False,DOWN
6,130,-5.1,-5.1,1449,False,DOWN
6,131,-5.3,-5.1,891,False,DOWN
6,132,-5.5,-5.0,384,False,DOWN
6,133,-5.6,-5.1,0,False,DOWN
6,134,-5.7,-5.1,0,False,DOWN
6,135,-5.8,-5.0,0,False,DOWN
6,136,-5.8,-5.0,0,False,DOWN
6,137,-5.8,-5.0,0,False,DOWN
6,138,-5.8,-5.0,59,False,DOWN
6,139,-5.8,-5.0,448,False,DOWN
6,140,-5.8,-5.0,991,False,DOWN
6,141,-5.8,-5.0,1535,False,DOWN
6,142,-5.8,-5.0,2014,False,DOWN
6,143,-5.8,-5.0,2459,False,DOWN
6,144,-5.8,-5.1,2777,False,DOWN
6,145,-5.9,-5.1,3026,False,DOWN
6,146,-5.9,-5.1,3456,False,DOWN
6,147,-5.9,-5.1,3729,False,DOWN
6,148,-5.9,-5.1,3063,False,DOWN
6,149,-5.9,-5.1,2478,False,DOWN
6,150,-5.9,-5.1,1702,False,DOWN
6,151,-5.9,-5.2,957,False,DOWN
6,152,-5.9,-5.1,384,False,DOWN
6,153,-5.8,-5.2,0,False,DOWN
6,154,-5.8,-5.2,0,False,DOWN
6,155,-5.8,-5.2,0,False,DOWN
6,156,-5.8,-5.2,0,False,DOWN
6,157,-5.8,-5.2,0,False,DOWN
6,158,-5.8,-5.2,55,False,DOWN
6,159,-5.8,-5.2,384,False,DOWN
6,160,-5.8,-5.3,881,False,DOWN
6,161,-5.8,-5.3,1397,False,DOWN
7,0,1.4,-6.5,1750,False,DOWN
7,1,1.5,-6.5,1113,False,DOWN
7,2,1.5,-6.5,590,False,DOWN
7,3,1.5,-6.5,112,False,DOWN
7,4,1.5,-6.4,0,False,DOWN
7,5,1.5,-6.4,0,False,DOWN
7,6,1.5,-6.4,0,False,DOWN
7,7,1.5,-6.4,0,False,DOWN
7,8,1.5,-6.4,2,False,DOWN
7,9,1.5,-6.4,215,False,DOWN
7,10,1.5,-6.4,640,False,DOWN
7,11,1.5,-6.4,1116,False,DOWN
7,12,1.5,-6.4,1484,False,DOWN
7,13,1.5,-6.4,1834,False,DOWN
7,14,1.5,-6.4,2201,False,DOWN
7,15,1.5,-6.4,2384,False,DOWN
7,16,1.5,-6.4,2739,False,DOWN
7,17,1.5,-6.5,3173,False,DOWN
7,18,1.6,-6.5,2871,False,DOWN
7,19,1.5,-6.5,2416,False,DOWN
7,20,1.6,-6.6,1793,False,DOWN
7,21,1.9,-6.8,1157,False,DOWN
7,22,2.3,-7.1,625,False,DOWN
7,23,2.8,-7.2,150,False,DOWN
7,24,3.6,-7.3,0,False,DOWN
7,25,4.7,-7.5,0,False,DOWN
7,26,6.4,-7.5,0,False,DOWN
7,27,8.0,-7.2,0,False,DOWN
7,28,10.1,-7.1,0,False,DOWN
7,29,12.6,-7.4,234,False,DOWN
7,30,15.5,-7.5,711,False,DOWN
7,31,19.2,-7.2,1206,False,DOWN
7,32,23.0,-6.7,1617,False,DOWN
7,33,26.8,-6.2,2017,False,DOWN
7,34,31.2,-5.7,2394,False,DOWN
7,35,35.9,-5.1,2586,False,CURLING
7,36,41.0,-4.4,2903,False,CURLING
7,37,45.9,-3.7,3391,False,CURLING
7,38,50.8,-3.0,3035,False,CURLING
7,39,55.9,-2.2,2534,False,CURLING
7,40,61.0,-1.4,1852,False,CURLING
7,41,66.0,-0.8,1217,False,CURLING
7,42,70.7,-0.5,651,False,CURLING
7,43,75.6,0.0,150,False,CURLING
7,44,80.2,0.1,0,False,CURLING
7,45,85.2,0.1,0,False,TOP
7,46,89.9,0.2,0,False,TOP
7,47,94.3,0.5,0,False,TOP
7,48,98.6,0.8,0,False,TOP
7,49,101.6,1.4,198,False,TOP
7,50,102.0,1.7,627,True,TOP
7,51,101.1,1.5,1094,True,TOP
7,52,99.4,1.0,1474,True,TOP
7,53,97.6,0.6,1872,True,TOP
7,54,95.9,0.1,2231,True,TOP
7,55,94.2,-0.3,2430,True,TOP
7,56,92.2,-0.5,2768,True,TOP
7,57,89.6,-0.6,3248,True,TOP
7,58,86.4,-0.7,3018,True,TOP
7,59,82.7,-1.0,2559,True,TOP
7,60,78.9,-1.6,1914,False,TOP
7,61,74.7,-2.3,1266,False,TOP
7,62,71.0,-2.7,673,False,TOP
7,63,68.0,-3.1,164,False,TOP
7,64,65.1,-3.4,0,False,TOP
7,65,61.8,-3.6,0,False,TOP
7,66,58.1,-3.9,0,False,TOP
7,67,53.8,-4.1,0,False,TOP
7,68,49.4,-4.2,0,False,TOP
7,69,44.7,-4.4,189,False,TOP
7,70,40.0,-4.4,639,False,TOP
7,71,35.3,-4.3,1126,False,TOP
7,72,30.2,-4.1,1520,False,TOP
7,73,25.4,-3.7,1921,False,TOP
7,74,21.1,-3.5,2288,False,TOP
7,75,17.1,-3.3,2443,False,TOP
7,76,11.7,-3.9,0,False,DOWN
7,77,8.7,-4.6,0,False,DOWN
7,78,7.0,-4.9,141,False,DOWN
7,79,5.0,-5.5,562,False,DOWN
7,80,4.5,-5.7,1020,False,DOWN
7,81,3.3,-5.5,1403,False,DOWN
7,82,2.1,-5.3,1803,False,DOWN
7,83,1.3,-5.3,2214,False,DOWN
7,84,1.6,-5.2,2402,False,DOWN
7,85,1.4,-5.0,2757,False,DOWN
7,86,1.2,-4.9,3271,False,DOWN
7,87,0.8,-4.7,3170,False,DOWN
7,88,0.6,-4.5,2754,False,DOWN
7,89,0.3,-4.5,2090,False,DOWN
7,90,-0.9,-4.4,1405,False,DOWN
7,91,-1.0,-4.4,822,False,DOWN
7,92,-1.1,-4.5,245,False,DOWN
7,93,-1.1,-4.3,0,False,DOWN
7,94,-1.2,-4.4,0,False,DOWN
7,95,-1.3,-4.6,0,False,DOWN
7,96,-1.4,-4.8,0,False,DOWN
7,97,-1.5,-4.9,0,False,DOWN
7,98,-1.6,-4.9,80,False,DOWN
7,99,-1.7,-5.1,559,False,DOWN
7,100,-1.8,-5.2,1040,False,DOWN
7,101,-1.9,-5.3,1501,False,DOWN
7,102,-2.1,-5.3,1909,False,DOWN
7,103,-2.2,-5.3,2306,False,DOWN
7,104,-2.3,-5.4,2480,False,DOWN
7,105,-2.4,-5.5,2715,False,DOWN
7,106,-2.5,-5.4,3199,False,DOWN
7,107,-2.7,-5.4,3227,False,DOWN
7,108,-2.8,-5.4,2834,False,DOWN
7,109,-2.9,-5.5,2170,False,DOWN
7,110,-3.0,-5.4,1494,False,DOWN
7,111,-3.0,-5.4,863,False,DOWN
7,112,-3.1,-5.4,350,False,DOWN
7,113,-3.1,-5.5,0,False,DOWN
7,114,-3.2,-5.4,0,False,DOWN
7,115,-3.3,-5.4,0,False,DOWN
7,116,-3.3,-5.3,0,False,DOWN
7,117,-3.4,-5.3,0,False,DOWN
7,118,-3.5,-5.3,60,False,DOWN
7,119,-3.6,-5.3,415,False,DOWN
7,120,-3.6,-5.2,862,False,DOWN
7,121,-3.9,-5.3,1300,False,DOWN
7,122,-4.0,-5.3,1674,False,DOWN
7,123,-4.1,-5.2,2030,False,DOWN
7,124,-4.2,-5.2,2270,False,DOWN
7,125,-4.3,-5.1,2493,False,DOWN
7,126,-4.4,-5.1,2956,False,DOWN
7,127,-4.6,-5.1,3102,False,DOWN
7,128,-4.8,-5.1,2699,False,DOWN
7,129,-5.0,-5.1,2067,False,DOWN
7,130,-5.1,-5.1,1449,False,DOWN
7,131,-5.3,-5.1,891,False,DOWN
7,132,-5.5,-5.0,384,False,DOWN
7,133,-5.6,-5.1,0,False,DOWN
7,134,-5.7,-5.1,0,False,DOWN
7,135,-5.8,-5.0,0,False,DOWN
7,136,-5.8,-5.0,0,False,DOWN
7,137,-5.8,-5.0,0,False,DOWN
7,138,-5.8,-5.0,59,False,DOWN
7,139,-5.8,-5.0,448,False,DOWN
7,140,-5.8,-5.0,991,False,DOWN
7,141,-5.8,-5.0,1535,False,DOWN
7,142,-5.8,-5.0,2014,False,DOWN
7,143,-5.8,-5.0,2459,False,DOWN
7,144,-5.8,-5.1,2777,False,DOWN
7,145,-5.9,-5.1,3026,False,DOWN
7,146,-5.9,-5.1,3456,False,DOWN
7,147,-5.9,-5.1,3729,False,DOWN
7,148,-5.9,-5.1,3063,False,DOWN
7,149,-5.9,-5.1,2478,False,DOWN
7,150,-5.9,-5.1,1702,False,DOWN
7,151,-5.9,-5.2,957,False,DOWN
7,152,-5.9,-5.1,384,False,DOWN
7,153,-5.8,-5.2,0,False,DOWN
7,154,-5.8,-5.2,0,False,DOWN
7,155,-5.8,-5.2,0,False,DOWN
7,156,-5.8,-5.2,0,False,DOWN
7,157,-5.8,-5.2,0,False,DOWN
7,158,-5.8,-5.2,55,False,DOWN
7,159,-5.8,-5.2,384,False,DOWN
7,160,-5.8,-5.3,881,False,DOWN
7,161,-5.8,-5.3,1397,False,DOWN
8,0,-1.5,-5.5,2042,False,DOWN
8,1,-1.5,-5.5,2394,False,DOWN
8,2,-1.5,-5.5,2559,False,DOWN
8,3,-1.5,-5.4,3038,False,DOWN
8,4,-1.5,-5.5,3440,False,DOWN
8,5,-1.5,-5.5,3364,False,DOWN
8,6,-1.5,-5.5,2755,False,DOWN
8,7,-1.5,-5.5,2147,False,DOWN
8,8,-1.5,-5.5,1488,False,DOWN
8,9,-1.5,-5.5,921,False,DOWN
8,10,-1.5,-5.4,373,False,DOWN
8,11,-1.4,-5.5,0,False,DOWN
8,12,-1.4,-5.5,0,False,DOWN
8,13,-1.4,-5.5,0,False,DOWN
8,14,-1.4,-5.5,0,False,DOWN
8,15,-1.4,-5.5,0,False,DOWN
8,16,-1.4,-5.5,198,False,DOWN
8,17,-1.4,-5.5,555,False,DOWN
8,18,-1.4,-5.5,1015,False,DOWN
8,19,-1.4,-5.5,1456,False,DOWN
8,20,-1.4,-5.5,1819,False,DOWN
8,21,-1.4,-5.5,2160,False,DOWN
8,22,-1.4,-5.5,2385,False,DOWN
8,23,-1.4,-5.5,2656,False,DOWN
8,24,-1.4,-5.5,3229,False,DOWN
8,25,-1.4,-5.5,3446,False,DOWN
8,26,-1.4,-5.5,2831,False,DOWN
8,27,-1.4,-5.5,2255,False,DOWN
8,28,-1.4,-5.5,1612,False,DOWN
8,29,-1.3,-5.6,973,False,DOWN
8,30,-1.3,-5.6,487,False,DOWN
8,31,-1.2,-5.7,33,False,DOWN
8,32,-1.1,-5.9,0,False,DOWN
8,33,-0.5,-6.0,0,False,DOWN
8,34,0.2,-5.9,0,False,DOWN
8,35,1.2,-6.0,0,False,DOWN
8,36,2.3,-6.1,157,False,DOWN
8,37,3.4,-6.1,435,False,DOWN
8,38,4.8,-6.1,914,False,DOWN
8,39,6.2,-5.8,1407,False,DOWN
8,40,7.5,-5.8,1782,False,DOWN
8,41,9.5,-5.9,2089,False,DOWN
8,42,10.2,-5.8,2405,False,DOWN
8,43,11.4,-5.4,2608,False,DOWN
8,44,13.2,-5.2,3242,False,DOWN
8,45,15.0,-4.9,3483,False,DOWN
8,46,17.0,-4.6,2886,False,DOWN
8,47,19.0,-4.4,2336,False,DOWN
8,48,21.2,-4.1,1648,False,DOWN
8,49,23.2,-4.0,1003,False,DOWN
8,50,25.5,-4.0,604,False,DOWN
8,51,27.9,-3.6,82,False,DOWN
8,52,30.3,-3.4,0,False,DOWN
8,53,32.7,-3.0,0,False,CURLING
8,54,35.2,-2.8,0,False,CURLING
8,55,38.0,-2.4,0,False,CURLING
8,56,41.2,-2.0,93,False,CURLING
8,57,44.6,-1.6,363,False,CURLING
8,58,47.9,-1.1,829,False,CURLING
8,59,51.3,-0.7,1313,False,CURLING
8,60,54.8,-0.1,1679,False,CURLING
8,61,58.2,0.4,2020,False,CURLING
8,62,61.5,0.8,2377,False,CURLING
8,63,64.9,1.2,2539,False,CURLING
8,64,68.1,1.5,3186,False,CURLING
8,65,71.3,1.7,3544,False,CURLING
8,66,74.5,1.9,3104,False,CURLING
8,67,77.8,2.0,2559,False,CURLING
8,68,80.9,2.2,1821,True,CURLING
8,69,84.1,2.3,1158,True,TOP
8,70,87.3,2.6,641,True,TOP
8,71,90.6,3.0,184,False,TOP
8,72,93.5,3.2,0,False,TOP
8,73,96.5,3.3,0,False,TOP
8,74,99.4,3.7,0,False,TOP
8,75,102.1,4.0,0,False,TOP
8,76,104.6,4.5,52,False,TOP
8,77,106.4,5.0,268,False,TOP
8,78,107.1,5.3,763,True,TOP
8,79,107.0,5.3,1250,True,TOP
8,80,106.2,5.3,1676,True,TOP
8,81,105.1,4.9,2071,True,TOP
8,82,103.9,4.1,2445,True,TOP
8,83,102.5,3.4,2640,True,TOP
8,84,100.8,3.0,3203,True,TOP
8,85,98.7,3.0,3623,True,TOP
8,86,96.1,3.0,3459,True,TOP
8,87,93.1,2.8,2815,True,TOP
8,88,90.3,1.9,2112,True,TOP
8,89,86.8,1.3,1392,True,TOP
8,90,82.9,1.0,804,True,TOP
8,91,79.4,1.2,293,False,TOP
8,92,76.4,1.4,0,False,TOP
8,93,72.8,1.3,0,False,TOP
8,94,68.8,1.0,0,False,TOP
8,95,65.0,1.0,0,False,TOP
8,96,62.2,1.2,0,False,TOP
8,97,58.8,1.0,239,False,TOP
8,98,53.7,0.6,656,False,TOP
8,99,48.7,0.3,1204,False,TOP
8,100,44.6,0.6,1696,False,TOP
8,101,41.9,1.0,2101,False,TOP
8,102,38.0,0.8,2464,False,TOP
8,103,33.1,0.7,2686,False,TOP
8,104,29.2,0.7,3047,False,TOP
8,105,26.6,0.4,3534,False,TOP
8,106,24.1,-0.2,3582,False,TOP
8,107,20.9,-1.7,2880,False,TOP
8,108,17.3,-1.7,2230,False,TOP
8,109,13.4,-2.2,1504,False,DOWN
8,110,11.0,-2.9,1903,False,DOWN
8,111,9.2,-3.2,2211,False,DOWN
8,112,7.3,-3.5,2466,False,DOWN
8,113,5.8,-3.6,2717,False,DOWN
8,114,4.2,-3.5,3327,False,DOWN
8,115,2.7,-3.3,3476,False,DOWN
8,116,1.0,-3.0,2850,False,DOWN
8,117,-0.2,-3.0,2258,False,DOWN
8,118,-1.2,-3.0,1581,False,DOWN
8,119,-2.0,-2.7,956,False,DOWN
8,120,-2.7,-2.5,471,False,DOWN
8,121,-3.4,-2.3,16,False,DOWN
8,122,-3.9,-2.1,0,False,DOWN
8,123,-4.3,-2.1,0,False,DOWN
8,124,-4.6,-2.1,0,False,DOWN
8,125,-4.8,-2.2,0,False,DOWN
8,126,-5.0,-2.2,165,False,DOWN
8,127,-5.1,-2.2,435,False,DOWN
8,128,-5.2,-2.4,931,False,DOWN
8,129,-5.4,-2.5,1435,False,DOWN
8,130,-5.5,-2.6,1810,False,DOWN
8,131,-5.6,-2.6,2170,False,DOWN
8,132,-5.8,-2.8,2479,False,DOWN
8,133,-5.9,-3.0,2671,False,DOWN
8,134,-6.0,-3.1,3323,False,DOWN
8,135,-6.1,-3.1,3618,False,DOWN
8,136,-6.2,-3.2,3045,False,DOWN
8,137,-6.3,-3.3,2445,False,DOWN
8,138,-6.4,-3.3,1790,False,DOWN
8,139,-6.4,-3.4,1118,False,DOWN
8,140,-6.5,-3.5,565,False,DOWN
8,141,-6.6,-3.5,96,False,DOWN
8,142,-6.9,-3.5,0,False,DOWN
8,143,-7.0,-3.5,0,False,DOWN
8,144,-7.1,-3.5,0,False,DOWN
8,145,-7.2,-3.6,0,False,DOWN
8,146,-7.3,-3.6,74,False,DOWN
8,147,-7.5,-3.6,352,False,DOWN
8,148,-7.7,-3.6,816,False,DOWN
8,149,-7.9,-3.5,1325,False,DOWN
9,0,-4.7,-5.4,877,False,DOWN
9,1,-4.7,-5.4,1360,False,DOWN
9,2,-4.7,-5.4,1735,False,DOWN
9,3,-4.7,-5.4,2054,False,DOWN
9,4,-4.7,-5.4,2349,False,DOWN
9,5,-4.7,-5.4,2522,False,DOWN
9,6,-4.7,-5.4,3152,False,DOWN
9,7,-4.6,-5.4,3493,False,DOWN
9,8,-4.6,-5.5,2960,False,DOWN
9,9,-4.6,-5.5,2414,False,DOWN
9,10,-4.6,-5.5,1778,False,DOWN
9,11,-4.5,-5.5,1145,False,DOWN
9,12,-4.5,-5.5,650,False,DOWN
9,13,-4.5,-5.5,178,False,DOWN
9,14,-4.5,-5.6,0,False,DOWN
9,15,-4.4,-5.6,0,False,DOWN
9,16,-4.4,-5.7,0,False,DOWN
9,17,-4.1,-5.8,0,False,DOWN
9,18,-3.9,-6.0,89,False,DOWN
9,19,-3.4,-6.0,336,False,DOWN
9,20,-2.8,-6.2,799,False,DOWN
9,21,-2.1,-6.2,1275,False,DOWN
9,22,-1.1,-6.2,1655,False,DOWN
9,23,0.1,-6.1,2026,False,DOWN
9,24,1.1,-6.0,2363,False,DOWN
9,25,2.8,-5.8,2518,False,DOWN
9,26,5.2,-5.6,3126,False,DOWN
9,27,5.5,-5.5,3556,False,DOWN
9,28,7.1,-5.5,3099,False,DOWN
9,29,8.7,-5.6,2606,False,DOWN
9,30,10.4,-5.6,1963,False,DOWN
9,31,11.4,-5.6,1311,False,DOWN
9,32,12.9,-5.6,770,False,DOWN
9,33,14.2,-5.5,234,False,DOWN
9,34,15.9,-5.2,0,False,DOWN
9,35,18.0,-5.0,0,False,DOWN
9,36,21.0,-5.0,0,False,DOWN
9,37,23.4,-5.1,0,False,DOWN
9,38,26.4,-4.6,64,False,DOWN
9,39,29.1,-4.2,285,False,DOWN
9,40,32.1,-3.8,784,False,DOWN
9,41,35.0,-3.3,1301,False,CURLING
9,42,37.9,-2.8,1727,False,CURLING
9,43,41.0,-2.3,2151,False,CURLING
9,44,44.1,-1.8,2507,False,CURLING
9,45,47.2,-1.2,2691,False,CURLING
9,46,50.3,-0.7,3270,False,CURLING
9,47,53.2,-0.2,3744,False,CURLING
9,48,56.2,0.5,3520,False,CURLING
9,49,59.2,1.1,2878,False,CURLING
9,50,62.0,1.6,2130,False,CURLING
9,51,64.9,2.2,1484,False,CURLING
9,52,67.7,2.5,819,False,CURLING
9,53,70.2,2.8,299,False,CURLING
9,54,72.8,3.0,0,False,CURLING
9,55,75.4,2.9,0,False,CURLING
9,56,78.3,3.2,0,False,CURLING
9,57,81.1,3.3,0,False,CURLING
9,58,84.0,3.5,0,False,TOP
9,59,86.7,3.8,225,False,TOP
9,60,89.5,4.2,615,True,TOP
9,61,92.1,4.4,1110,True,TOP
9,62,94.7,4.6,1574,True,TOP
9,63,97.2,4.8,1941,True,TOP
9,64,99.6,5.0,2245,True,TOP
9,65,102.0,5.2,2461,True,TOP
9,66,104.0,5.4,2802,True,TOP
9,67,105.7,5.8,3309,True,TOP
9,68,106.8,6.1,3446,True,TOP
9,69,107.5,6.2,2837,True,TOP
9,70,107.6,6.2,2248,True,TOP
9,71,107.4,6.0,1570,True,TOP
9,72,107.1,5.5,944,True,TOP
9,73,106.8,5.0,439,False,TOP
9,74,106.3,4.5,0,False,TOP
9,75,105.3,4.2,0,False,TOP
9,76,104.2,4.0,0,False,TOP
9,77,103.5,3.3,0,False,TOP
9,78,102.6,2.6,0,False,TOP
9,79,101.1,2.3,207,False,TOP
9,80,99.3,2.3,524,True,TOP
9,81,97.7,2.1,1010,True,TOP
9,82,96.4,1.7,1520,True,TOP
9,83,94.6,1.3,1905,True,TOP
9,84,92.4,1.0,2185,True,TOP
9,85,90.3,0.7,2531,True,TOP
9,86,88.4,0.5,2715,True,TOP
9,87,86.5,0.1,3376,True,TOP
9,88,84.1,-0.1,3726,True,TOP
9,89,81.9,-0.2,3037,True,TOP
9,90,80.0,-0.5,2469,False,TOP
9,91,77.8,-1.1,1809,False,TOP
9,92,75.0,-1.2,1113,False,TOP
9,93,72.6,-1.1,560,False,TOP
9,94,70.7,-1.2,63,False,TOP
9,95,67.8,-1.8,0,False,TOP
9,96,65.0,-2.1,0,False,TOP
9,97,62.2,-1.9,0,False,TOP
9,98,60.4,-1.7,0,False,TOP
9,99,58.1,-2.2,160,False,TOP
9,100,55.2,-2.6,432,False,TOP
9,101,53.2,-2.5,975,False,TOP
9,102,51.5,-2.5,1497,False,TOP
9,103,49.8,-2.7,1886,False,TOP
9,104,47.8,-2.8,2279,False,TOP
9,105,46.0,-2.8,2671,False,TOP
9,106,44.5,-3.0,2854,False,TOP
9,107,43.2,-3.4,3583,False,TOP
9,108,41.5,-3.8,4081,False,TOP
9,109,39.5,-3.8,3391,False,TOP
9,110,36.9,-3.5,2606,False,TOP
9,111,34.3,-3.2,1958,False,TOP
9,112,31.8,-2.9,1200,False,TOP
9,113,29.3,-2.7,657,False,TOP
9,114,26.6,-2.3,112,False,TOP
9,115,24.1,-2.2,0,False,TOP
9,116,21.6,-2.1,0,False,TOP
9,117,20.1,-1.6,0,False,TOP
9,118,17.8,-1.3,0,False,TOP
9,119,15.2,-1.5,2775,False,DOWN
9,120,13.5,-1.5,2092,False,DOWN
9,121,11.9,-1.9,1363,False,DOWN
9,122,10.4,-2.1,766,False,DOWN
9,123,9.1,-2.2,104,False,DOWN
9,124,7.7,-2.1,0,False,DOWN
9,125,6.7,-2.1,0,False,DOWN
9,126,5.4,-2.0,0,False,DOWN
9,127,3.3,-2.0,0,False,DOWN
9,128,2.4,-2.1,48,False,DOWN
9,129,1.6,-2.1,261,False,DOWN
9,130,0.9,-2.4,749,False,DOWN
9,131,-0.8,-2.5,1287,False,DOWN
9,132,-1.8,-2.7,1744,False,DOWN
9,133,-2.0,-2.7,2133,False,DOWN
9,134,-2.3,-2.7,2544,False,DOWN
9,135,-2.8,-2.7,2767,False,DOWN
9,136,-3.7,-2.9,3312,False,DOWN
9,137,-4.2,-3.2,3763,False,DOWN
9,138,-4.2,-3.4,3561,False,DOWN
9,139,-4.3,-3.5,2969,False,DOWN
9,140,-4.5,-3.7,2195,False,DOWN
9,141,-4.6,-3.8,1519,False,DOWN
9,142,-4.6,-3.9,871,False,DOWN
9,143,-4.6,-3.9,324,False,DOWN
9,144,-4.7,-4.1,0,False,DOWN
9,145,-4.6,-4.1,0,False,DOWN
9,146,-4.7,-4.2,0,False,DOWN
9,147,-4.8,-4.3,0,False,DOWN
9,148,-4.9,-4.4,0,False,DOWN
9,149,-4.9,-4.4,240,False,DOWN
9,150,-5.1,-4.4,738,False,DOWN
9,151,-5.2,-4.5,1298,False,DOWN
9,152,-5.3,-4.6,1850,False,DOWN
9,153,-5.5,-4.7,2329,False,DOWN
9,154,-5.7,-4.8,2743,False,DOWN
9,155,-5.8,-4.9,2994,False,DOWN
9,156,-6.0,-4.9,3507,False,DOWN
9,157,-6.1,-5.0,4095,False,DOWN
9,158,-6.2,-5.1,4095,False,DOWN
9,159,-6.3,-5.1,3152,False,DOWN
9,160,-6.4,-5.1,2494,False,DOWN
9,161,-6.5,-5.1,1680,False,DOWN
9,162,-6.7,-5.1,971,False,DOWN
9,163,-6.8,-5.1,175,False,DOWN
9,164,-6.9,-5.1,0,False,DOWN
9,165,-7.0,-5.1,0,False,DOWN
9,166,-7.1,-5.1,0,False,DOWN
9,167,-7.2,-5.1,0,False,DOWN
9,168,-7.4,-5.1,0,False,DOWN
9,169,-7.5,-5.1,237,False,DOWN
9,170,-7.6,-5.1,595,False,DOWN
9,171,-7.7,-5.1,1199,False,DOWN
9,172,-7.8,-5.1,1751,False,DOWN
10,0,-5.6,-3.8,0,False,DOWN
10,1,-5.5,-3.8,192,False,DOWN
10,2,-5.5,-3.8,507,False,DOWN
10,3,-5.5,-3.8,1006,False,DOWN
10,4,-5.6,-3.8,1482,False,DOWN
10,5,-5.6,-3.9,1843,False,DOWN
10,6,-5.6,-3.9,2191,False,DOWN
10,7,-5.5,-3.9,2461,False,DOWN
10,8,-5.5,-4.0,2672,False,DOWN
10,9,-5.5,-4.0,3317,False,DOWN
10,10,-5.5,-4.0,3615,False,DOWN
10,11,-5.5,-3.9,2975,False,DOWN
10,12,-5.5,-3.9,2426,False,DOWN
10,13,-5.6,-3.9,1753,False,DOWN
10,14,-5.6,-3.9,1083,False,DOWN
10,15,-5.6,-3.9,574,False,DOWN
10,16,-5.6,-3.9,112,False,DOWN
10,17,-5.6,-3.9,0,False,DOWN
10,18,-5.5,-4.0,0,False,DOWN
10,19,-5.4,-4.1,0,False,DOWN
10,20,-5.1,-4.4,0,False,DOWN
10,21,-4.8,-4.6,110,False,DOWN
10,22,-3.4,-4.9,374,False,DOWN
10,23,-2.5,-5.0,857,False,DOWN
10,24,-2.0,-5.2,1331,False,DOWN
10,25,-1.2,-5.8,1712,False,DOWN
10,26,0.8,-6.1,2106,False,DOWN
10,27,3.7,-6.3,2449,False,DOWN
10,28,7.7,-6.3,2659,False,DOWN
10,29,10.8,-6.5,3312,False,DOWN
10,30,15.2,-5.6,3696,False,DOWN
10,31,19.9,-4.1,3248,False,DOWN
10,32,24.8,-3.0,2671,False,DOWN
10,33,29.6,-2.0,1987,False,DOWN
10,34,34.9,-0.9,1295,False,DOWN
10,35,40.1,0.0,806,False,CURLING
10,36,45.4,1.0,283,False,CURLING
10,37,50.7,2.1,0,False,CURLING
10,38,56.0,3.2,0,False,CURLING
10,39,61.0,4.2,0,False,CURLING
10,40,66.0,4.7,0,False,CURLING
10,41,70.4,5.0,48,False,CURLING
10,42,74.8,5.3,243,False,CURLING
10,43,79.4,5.3,691,False,CURLING
10,44,83.9,5.2,1169,True,CURLING
10,45,90.3,5.2,1583,True,TOP
10,46,93.3,5.7,1917,True,TOP
10,47,94.2,6.2,2257,True,TOP
10,48,94.0,6.2,2461,True,TOP
10,49,92.8,5.7,2929,True,TOP
10,50,91.5,4.8,3379,True,TOP
10,51,90.1,3.8,3377,True,TOP
10,52,88.8,3.1,2736,True,TOP
10,53,87.5,2.8,2115,True,TOP
10,54,86.0,2.4,1513,True,TOP
10,55,84.1,2.0,925,True,TOP
10,56,81.5,1.5,342,False,TOP
10,57,78.6,1.2,0,False,TOP
10,58,75.7,0.8,0,False,TOP
10,59,72.8,0.3,0,False,TOP
10,60,69.6,0.3,0,False,TOP
10,61,66.6,-0.1,0,False,TOP
10,62,63.2,-0.3,230,False,TOP
10,63,59.9,-0.4,584,False,TOP
10,64,56.6,-0.7,1107,False,TOP
10,65,52.5,-1.2,1608,False,TOP
10,66,48.6,-1.5,2005,False,TOP
10,67,45.4,-1.6,2363,False,TOP
10,68,42.8,-1.9,2663,False,TOP
10,69,39.1,-2.6,2862,False,TOP
10,70,35.9,-2.8,3505,False,TOP
10,71,33.9,-2.6,3888,False,TOP
10,72,31.6,-2.7,3007,False,TOP
10,73,29.1,-2.9,2410,False,TOP
10,74,25.6,-2.7,1883,False,TOP
10,75,23.0,-2.0,1015,False,TOP
10,76,19.5,-1.6,496,False,TOP
10,77,14.5,-1.5,2448,False,DOWN
10,78,11.7,-1.6,2581,False,DOWN
10,79,9.5,-1.6,3210,False,DOWN
10,80,7.7,-2.2,3492,False,DOWN
10,81,7.0,-2.3,2903,False,DOWN
10,82,5.8,-2.4,2370,False,DOWN
10,83,5.1,-2.3,1776,False,DOWN
10,84,5.8,-1.9,1079,False,DOWN
10,85,4.7,-2.3,650,False,DOWN
10,86,3.9,-2.4,112,False,DOWN
10,87,3.8,-2.6,0,False,DOWN
10,88,2.6,-2.5,0,False,DOWN
10,89,2.7,-2.6,0,False,DOWN
10,90,2.3,-2.7,0,False,DOWN
10,91,2.0,-2.7,53,False,DOWN
10,92,1.8,-2.7,305,False,DOWN
10,93,1.6,-2.8,738,False,DOWN
10,94,1.4,-2.9,1215,False,DOWN
10,95,1.4,-3.1,1603,False,DOWN
10,96,1.5,-3.0,1943,False,DOWN
10,97,1.2,-3.0,2299,False,DOWN
10,98,1.0,-3.1,2496,False,DOWN
10,99,0.8,-3.2,3034,False,DOWN
10,100,0.6,-3.2,3391,False,DOWN
10,101,0.4,-3.2,3134,False,DOWN
10,102,0.3,-3.3,2721,False,DOWN
10,103,0.1,-3.3,2064,False,DOWN
10,104,-0.1,-3.4,1380,False,DOWN
10,105,-0.3,-3.4,817,False,DOWN
10,106,-0.4,-3.4,304,False,DOWN
10,107,-0.7,-3.4,0,False,DOWN
10,108,-0.9,-3.5,0,False,DOWN
10,109,-1.2,-3.5,0,False,DOWN
10,110,-1.4,-3.6,0,False,DOWN
10,111,-1.6,-3.6,0,False,DOWN
10,112,-1.8,-3.6,199,False,DOWN
10,113,-2.0,-3.7,608,False,DOWN
10,114,-2.1,-3.7,1069,False,DOWN
10,115,-2.3,-3.7,1520,False,DOWN
10,116,-2.5,-3.7,1871,False,DOWN
10,117,-2.6,-3.6,2221,False,DOWN
10,118,-2.8,-3.6,2446,False,DOWN
10,119,-2.9,-3.6,2775,False,DOWN
10,120,-3.1,-3.6,3312,False,DOWN
10,121,-3.3,-3.6,3533,False,DOWN
10,122,-3.5,-3.5,2863,False,DOWN
10,123,-3.6,-3.5,2290,False,DOWN
10,124,-3.7,-3.5,1535,False,DOWN
10,125,-3.8,-3.5,976,False,DOWN
10,126,-4.0,-3.5,457,False,DOWN
10,127,-4.1,-3.5,0,False,DOWN
10,128,-4.2,-3.5,0,False,DOWN
10,129,-4.3,-3.5,0,False,DOWN
10,130,-4.4,-3.5,0,False,DOWN
10,131,-4.5,-3.5,0,False,DOWN
10,132,-4.6,-3.5,141,False,DOWN
10,133,-4.6,-3.6,443,False,DOWN
10,134,-4.7,-3.5,922,False,DOWN
10,135,-4.8,-3.5,1392,False,DOWN
10,136,-4.9,-3.5,1744,False,DOWN
10,137,-5.0,-3.5,2067,False,DOWN
10,138,-5.0,-3.5,2416,False,DOWN
10,139,-5.1,-3.5,2559,False,DOWN
10,140,-5.2,-3.5,3238,False,DOWN
10,141,-5.3,-3.5,3550,False,DOWN
10,142,-5.3,-3.5,3004,False,DOWN
10,143,-5.2,-3.5,2483,False,DOWN
10,144,-5.3,-3.5,1793,False,DOWN
10,145,-5.4,-3.5,1149,False,DOWN
10,146,-5.4,-3.4,640,False,DOWN
10,147,-5.5,-3.5,150,False,DOWN
10,148,-5.5,-3.5,0,False,DOWN
10,149,-5.6,-3.4,0,False,DOWN
10,150,-5.7,-3.4,0,False,DOWN
10,151,-5.7,-3.5,0,False,DOWN
10,152,-5.8,-3.4,71,False,DOWN
10,153,-5.8,-3.4,313,False,DOWN
10,154,-5.9,-3.5,764,False,DOWN
10,155,-5.9,-3.5,1263,False,DOWN
10,156,-5.9,-3.5,1613,False,DOWN
10,157,-6.0,-3.5,1967,False,DOWN
10,158,-6.1,-3.5,2347,False,DOWN
10,159,-6.1,-3.4,2498,False,DOWN
10,160,-6.2,-3.4,3125,False,DOWN
10,161,-6.2,-3.4,3485,False,DOWN
10,162,-6.3,-3.4,3211,False,DOWN
10,163,-6.3,-3.5,2650,False,DOWN
10,164,-6.3,-3.5,1969,False,DOWN
10,165,-6.3,-3.6,1314,False,DOWN
10,166,-6.2,-3.7,717,False,DOWN
10,167,-6.1,-3.8,182,False,DOWN
10,168,-6.2,-3.8,0,False,DOWN
10,169,-6.3,-3.9,0,False,DOWN
10,170,-6.4,-4.0,0,False,DOWN
10,171,-6.5,-4.1,0,False,DOWN
10,172,-6.7,-4.2,0,False,DOWN
10,173,-6.9,-4.2,248,False,DOWN
10,174,-7.0,-4.3,727,False,DOWN
10,175,-7.0,-4.3,1256,False,DOWN
10,176,-7.1,-4.3,1730,False,DOWN
10,177,-7.0,-4.3,2136,False,DOWN
10,178,-6.9,-4.3,2507,False,DOWN
10,179,-6.9,-4.3,2767,False,DOWN
10,180,-6.8,-4.2,3149,False,DOWN
10,181,-6.8,-4.2,3685,False,DOWN
10,182,-6.8,-4.1,3776,False,DOWN
10,183,-6.7,-4.0,2975,False,DOWN
10,184,-6.7,-4.0,2357,False,DOWN
10,185,-6.7,-4.0,1530,False,DOWN
10,186,-6.6,-3.9,863,False,DOWN
10,187,-6.6,-3.8,372,False,DOWN
10,188,-6.6,-3.8,0,False,DOWN
10,189,-6.5,-3.8,0,False,DOWN
10,190,-6.4,-3.8,0,False,DOWN
10,191,-6.4,-3.8,0,False,DOWN
10,192,-6.4,-3.8,0,False,DOWN
11,0,-1.5,-6.5,903,False,DOWN
11,1,-1.6,-6.6,430,False,DOWN
11,2,-1.6,-6.6,16,False,DOWN
11,3,-1.6,-6.5,0,False,DOWN
11,4,-1.7,-6.6,0,False,DOWN
11,5,-1.7,-6.5,0,False,DOWN
11,6,-1.8,-6.5,0,False,DOWN
11,7,-1.8,-6.5,117,False,DOWN
11,8,-1.7,-6.5,327,False,DOWN
11,9,-1.8,-6.4,717,False,DOWN
11,10,-1.9,-6.4,1082,False,DOWN
11,11,-2.0,-6.4,1392,False,DOWN
11,12,-2.0,-6.4,1714,False,DOWN
11,13,-1.9,-6.4,2007,False,DOWN
11,14,-1.9,-6.5,2147,False,DOWN
11,15,-1.9,-6.5,2666,False,DOWN
11,16,-2.0,-6.6,2867,False,DOWN
11,17,-2.0,-6.6,2522,False,DOWN
11,18,-1.9,-6.6,2089,False,DOWN
11,19,-1.9,-6.6,1563,False,DOWN
11,20,-1.7,-6.6,1007,False,DOWN
11,21,-1.5,-6.7,570,False,DOWN
11,22,-1.3,-6.8,150,False,DOWN
11,23,-1.1,-6.8,0,False,DOWN
11,24,-0.8,-6.9,0,False,DOWN
11,25,-0.5,-6.9,0,False,DOWN
11,26,-0.1,-6.8,0,False,DOWN
11,27,0.4,-6.8,82,False,DOWN
11,28,0.8,-6.8,272,False,DOWN
11,29,1.4,-6.8,691,False,DOWN
11,30,2.1,-6.9,1150,False,DOWN
11,31,2.8,-6.9,1583,False,DOWN
11,32,3.4,-6.7,1970,False,DOWN
11,33,4.4,-6.6,2469,False,DOWN
11,34,4.9,-6.5,2729,False,DOWN
11,35,5.6,-6.5,3325,False,DOWN
11,36,6.4,-6.6,3543,False,DOWN
11,37,7.2,-6.6,3325,False,DOWN
11,38,8.1,-6.6,2739,False,DOWN
11,39,8.9,-6.5,2093,False,DOWN
11,40,9.7,-6.5,1405,False,DOWN
11,41,10.6,-6.4,830,False,DOWN
11,42,11.6,-6.4,281,False,DOWN
11,43,12.6,-6.4,0,False,DOWN
11,44,13.8,-6.5,0,False,DOWN
11,45,15.0,-6.5,0,False,DOWN
11,46,16.1,-6.4,0,False,DOWN
11,47,17.2,-6.4,5,False,DOWN
11,48,18.4,-6.4,237,False,DOWN
11,49,19.6,-6.4,592,False,DOWN
11,50,20.8,-6.4,999,False,DOWN
11,51,22.0,-6.4,1383,False,DOWN
11,52,23.3,-6.3,1647,False,DOWN
11,53,24.4,-6.3,1958,False,DOWN
11,54,25.6,-6.1,2150,False,DOWN
11,55,26.7,-6.0,2491,False,DOWN
11,56,27.9,-5.9,2815,False,DOWN
11,57,28.8,-5.9,2768,False,DOWN
11,58,29.8,-5.8,2320,False,DOWN
11,59,30.9,-5.7,1794,False,DOWN
11,60,31.9,-5.6,1214,False,CURLING
11,61,32.9,-5.5,684,False,CURLING
11,62,34.1,-5.5,246,False,CURLING
11,63,35.3,-5.4,0,False,CURLING
11,64,36.5,-5.4,0,False,CURLING
11,65,37.7,-5.4,0,False,CURLING
11,66,38.9,-5.4,0,False,CURLING
11,67,40.0,-5.5,0,False,CURLING
11,68,41.2,-5.5,140,False,CURLING
11,69,42.5,-5.5,366,False,CURLING
11,70,43.8,-5.5,659,False,CURLING
11,71,45.1,-5.6,918,False,CURLING
11,72,46.4,-5.6,1109,False,CURLING
11,73,47.6,-5.6,1296,False,CURLING
11,74,48.8,-5.5,1443,False,CURLING
11,75,49.9,-5.5,1584,False,CURLING
11,76,51.1,-5.4,1895,False,CURLING
11,77,52.2,-5.3,2000,False,CURLING
11,78,53.4,-5.3,1588,False,CURLING
11,79,54.5,-5.2,1121,False,CURLING
11,80,55.7,-5.1,707,False,CURLING
11,81,56.9,-5.0,298,False,CURLING
11,82,58.1,-5.0,0,False,CURLING
11,83,59.2,-5.0,0,False,CURLING
11,84,60.4,-5.0,0,False,CURLING
11,85,61.4,-4.9,0,False,CURLING
11,86,62.5,-4.9,0,False,CURLING
11,87,63.6,-4.8,0,False,CURLING
11,88,64.6,-4.8,46,False,CURLING
11,89,65.6,-4.8,175,False,CURLING
11,90,66.7,-4.8,372,False,CURLING
11,91,67.8,-4.7,554,False,CURLING
11,92,68.8,-4.6,681,False,CURLING
11,93,69.7,-4.6,797,False,CURLING
11,94,70.7,-4.6,895,False,CURLING
11,95,71.7,-4.5,917,False,CURLING
11,96,72.6,-4.5,1127,False,CURLING
11,97,73.4,-4.4,1186,False,CURLING
11,98,74.3,-4.3,902,False,CURLING
11,99,75.2,-4.3,640,False,CURLING
11,100,76.1,-4.4,349,False,CURLING
11,101,77.0,-4.3,78,False,CURLING
11,102,77.9,-4.3,0,False,CURLING
11,103,78.8,-4.3,0,False,CURLING
11,104,79.6,-4.2,0,False,CURLING
11,105,80.6,-4.1,0,False,CURLING
11,106,81.5,-4.0,0,False,TOP
11,107,82.5,-3.9,0,False,TOP
11,108,83.5,-3.9,0,False,TOP
11,109,84.4,-3.7,70,False,TOP
11,110,85.4,-3.6,212,False,TOP
11,111,86.2,-3.5,336,False,TOP
11,112,87.1,-3.4,426,False,TOP
11,113,88.0,-3.3,511,True,TOP
11,114,88.7,-3.2,594,True,TOP
11,115,89.5,-2.9,593,True,TOP
11,116,90.1,-2.4,802,True,TOP
11,117,90.8,-2.1,866,True,TOP
11,118,91.4,-1.7,699,True,TOP
11,119,91.9,-1.7,466,False,TOP
11,120,92.5,-1.5,234,False,TOP
11,121,93.2,-1.5,11,False,TOP
11,122,93.8,-1.5,0,False,TOP
11,123,94.6,-1.4,0,False,TOP
11,124,95.3,-1.4,0,False,TOP
11,125,96.0,-1.4,0,False,TOP
11,126,96.7,-1.4,0,False,TOP
11,127,97.4,-1.5,0,False,TOP
11,128,98.1,-1.5,0,False,TOP
11,129,98.7,-1.6,0,False,TOP
11,130,99.5,-1.5,112,False,TOP
11,131,100.2,-1.4,208,False,TOP
11,132,101.0,-1.2,261,False,TOP
11,133,101.9,-1.1,330,False,TOP
11,134,102.7,-0.6,395,False,TOP
11,135,103.6,-0.5,399,False,TOP
11,136,104.3,-0.2,542,True,TOP
11,137,105.1,-0.0,617,True,TOP
11,138,105.8,0.2,573,True,TOP
11,139,106.4,0.4,382,False,TOP
11,140,107.0,0.5,181,False,TOP
11,141,107.7,0.6,7,False,TOP
11,142,108.3,0.7,0,False,TOP
11,143,108.9,0.7,0,False,TOP
11,144,109.4,0.7,0,False,TOP
11,145,110.0,0.8,0,False,TOP
11,146,110.6,0.8,0,False,TOP
11,147,111.2,0.9,0,False,TOP
11,148,111.8,0.9,0,False,TOP
11,149,112.4,0.9,0,False,TOP
11,150,113.1,0.9,64,False,TOP
11,151,113.7,0.8,158,False,TOP
11,152,114.2,0.8,203,False,TOP
11,153,114.8,0.8,257,False,TOP
11,154,115.3,0.8,293,False,TOP
11,155,115.8,0.8,304,False,TOP
11,156,116.3,0.9,382,False,TOP
11,157,116.9,1.0,485,False,TOP
11,158,117.5,1.1,511,True,TOP
11,159,118.0,1.1,339,False,TOP
11,160,118.6,1.3,113,False,TOP
11,161,119.1,1.5,0,False,TOP
11,162,119.7,1.6,0,False,TOP
11,163,120.2,1.9,0,False,TOP
11,164,120.7,2.1,0,False,TOP
11,165,121.1,2.3,0,False,TOP
11,166,121.6,2.4,0,False,TOP
11,167,122.2,2.4,0,False,TOP
11,168,122.5,2.8,0,False,TOP
11,169,123.0,2.7,0,False,TOP
11,170,123.5,2.8,29,False,TOP
11,171,123.9,2.8,110,False,TOP
11,172,124.5,2.9,176,False,TOP
11,173,124.9,3.1,214,False,TOP
11,174,125.3,3.3,240,False,TOP
11,175,125.7,3.4,266,False,TOP
11,176,126.0,3.5,272,False,TOP
11,177,126.3,3.5,416,False,TOP
11,178,126.6,3.6,480,False,TOP
11,179,126.9,3.6,312,False,TOP
11,180,127.3,3.7,171,False,TOP
11,181,127.8,3.8,5,False,TOP
11,182,128.3,3.9,0,False,TOP
11,183,128.9,4.0,0,False,TOP
11,184,129.5,4.2,0,False,TOP
11,185,130.1,4.5,0,False,TOP
11,186,130.7,4.7,0,False,TOP
11,187,131.2,4.8,0,False,TOP
11,188,131.7,5.0,0,False,TOP
11,189,132.1,5.1,0,False,TOP
11,190,132.5,5.1,0,False,TOP
11,191,132.9,5.4,54,False,TOP
11,192,133.3,5.6,96,False,TOP
11,193,133.7,5.8,114,False,TOP
11,194,134.2,6.0,128,False,TOP
11,195,134.6,6.2,148,False,TOP
11,196,134.9,6.5,157,False,TOP
11,197,135.3,6.7,291,False,TOP
11,198,135.6,6.9,361,False,TOP
11,199,135.9,7.2,244,False,TOP
11,200,136.1,7.4,112,False,TOP
11,201,136.4,7.6,0,False,TOP
11,202,136.6,7.7,0,False,TOP
11,203,136.8,7.9,0,False,TOP
11,204,137.0,8.0,0,False,TOP
11,205,137.2,8.0,0,False,TOP
11,206,137.4,8.1,0,False,TOP
11,207,137.5,8.1,0,False,TOP
11,208,137.7,8.3,0,False,TOP
11,209,137.9,8.5,0,False,TOP
11,210,138.0,8.6,0,False,TOP
11,211,138.0,8.7,33,False,TOP
11,212,138.1,8.6,80,False,TOP
11,213,138.2,8.5,103,False,TOP
11,214,138.4,8.5,121,False,TOP
11,215,138.5,8.5,143,False,TOP
11,216,138.5,8.5,139,False,TOP
11,217,138.5,8.5,256,False,TOP
11,218,138.6,8.4,335,False,TOP
11,219,138.6,8.4,277,False,TOP
11,220,138.7,8.3,153,False,TOP
11,221,138.8,8.2,25,False,TOP
11,222,138.8,8.2,0,False,TOP
11,223,138.8,8.2,0,False,TOP
11,224,138.8,8.2,0,False,TOP
11,225,138.8,8.1,0,False,TOP
11,226,138.8,8.1,0,False,TOP
11,227,138.8,8.0,0,False,TOP
11,228,138.8,8.1,0,False,TOP
11,229,138.7,8.1,0,False,TOP
11,230,138.7,8.1,0,False,TOP
11,231,138.7,8.0,23,False,TOP
11,232,138.8,8.1,82,False,TOP
11,233,138.8,8.1,111,False,TOP
11,234,138.8,8.0,131,False,TOP
11,235,138.9,8.0,159,False,TOP
11,236,138.8,8.0,161,False,TOP
11,237,138.8,8.1,241,False,TOP
11,238,138.8,8.1,331,False,TOP
11,239,138.8,8.2,334,False,TOP
11,240,138.8,8.2,193,False,TOP
11,241,138.9,8.1,54,False,TOP
11,242,138.9,8.1,0,False,TOP
11,243,138.9,8.1,0,False,TOP
11,244,139.0,8.1,0,False,TOP
11,245,138.9,8.1,0,False,TOP
11,246,138.9,8.1,0,False,TOP
11,247,138.8,8.0,0,False,TOP
11,248,138.8,7.9,0,False,TOP
11,249,138.7,7.8,0,False,TOP
11,250,138.5,7.8,0,False,TOP
11,251,138.4,7.7,10,False,TOP
11,252,138.3,7.7,65,False,TOP
11,253,138.2,7.6,111,False,TOP
11,254,138.1,7.5,133,False,TOP
11,255,138.1,7.5,159,False,TOP
11,256,138.0,7.6,167,False,TOP
11,257,138.0,7.6,198,False,TOP
11,258,137.9,7.6,280,False,TOP
11,259,137.7,7.5,375,False,TOP
11,260,137.4,7.4,212,False,TOP
11,261,137.1,7.4,91,False,TOP
11,262,136.9,7.3,0,False,TOP
11,263,136.7,7.1,0,False,TOP
11,264,136.5,6.9,0,False,TOP
11,265,136.1,6.7,0,False,TOP
11,266,135.6,6.5,0,False,TOP
11,267,135.0,6.5,0,False,TOP
11,268,134.4,6.5,0,False,TOP
11,269,133.7,6.3,0,False,TOP
11,270,133.0,6.1,0,False,TOP
11,271,132.2,6.0,0,False,TOP
11,272,131.4,5.7,86,False,TOP
11,273,130.6,5.5,147,False,TOP
11,274,129.8,5.2,177,False,TOP
11,275,129.0,4.9,205,False,TOP
11,276,128.1,4.9,221,False,TOP
11,277,127.5,4.8,225,False,TOP
11,278,127.0,4.7,358,False,TOP
11,279,126.4,4.6,434,False,TOP
11,280,125.8,4.5,301,False,TOP
11,281,125.2,4.5,153,False,TOP
11,282,124.5,4.3,7,False,TOP
11,283,124.0,4.0,0,False,TOP
11,284,123.4,3.7,0,False,TOP
11,285,123.0,3.6,0,False,TOP
11,286,122.5,3.7,0,False,TOP
11,287,122.0,3.6,0,False,TOP
11,288,121.5,3.3,0,False,TOP
11,289,121.0,3.2,0,False,TOP
11,290,120.3,3.2,0,False,TOP
11,291,119.8,3.0,6,False,TOP
11,292,119.3,2.7,80,False,TOP
11,293,118.6,2.5,165,False,TOP
11,294,117.7,2.4,195,False,TOP
11,295,116.8,2.3,240,False,TOP
11,296,116.0,2.1,284,False,TOP
11,297,115.2,1.7,304,False,TOP
11,298,114.1,1.5,461,False,TOP
11,299,113.1,1.6,542,True,TOP
11,300,112.2,1.6,430,False,TOP
11,301,111.4,1.5,240,False,TOP
11,302,110.4,1.4,101,False,TOP
11,303,109.5,1.2,0,False,TOP
11,304,108.7,1.1,0,False,TOP
11,305,108.0,1.0,0,False,TOP
11,306,107.1,1.0,0,False,TOP
11,307,106.2,1.0,0,False,TOP
11,308,105.2,1.0,0,False,TOP
11,309,104.3,1.0,0,False,TOP
11,310,103.3,0.9,0,False,TOP
11,311,102.4,0.9,4,False,TOP
11,312,101.1,0.6,123,False,TOP
11,313,100.1,0.4,239,False,TOP
11,314,99.0,0.3,338,False,TOP
11,315,97.7,0.0,417,False,TOP
11,316,96.5,-0.2,502,True,TOP
11,317,95.5,-0.4,531,True,TOP
11,318,94.3,-0.7,673,True,TOP
11,319,93.1,-0.8,743,True,TOP
11,320,92.0,-1.0,668,True,TOP
11,321,90.8,-1.2,479,False,TOP
11,322,89.8,-1.3,249,False,TOP
11,323,88.8,-1.4,49,False,TOP
11,324,87.6,-1.5,0,False,TOP
11,325,86.5,-1.5,0,False,TOP
11,326,85.4,-1.6,0,False,TOP
11,327,84.4,-1.7,0,False,TOP
11,328,83.3,-1.9,0,False,TOP
11,329,82.2,-2.1,0,False,TOP
11,330,81.2,-2.2,0,False,TOP
11,331,80.2,-2.5,16,False,TOP
11,332,79.1,-2.7,149,False,TOP
11,333,78.1,-2.9,279,False,TOP
11,334,77.0,-2.9,369,False,TOP
11,335,75.9,-3.0,509,False,TOP
11,336,74.9,-3.2,618,False,TOP
11,337,73.8,-3.4,683,False,TOP
11,338,72.8,-3.4,816,False,TOP
11,339,71.8,-3.5,971,False,TOP
11,340,70.9,-3.8,983,False,TOP
11,341,69.9,-4.0,731,False,TOP
11,342,68.9,-4.2,469,False,TOP
11,343,67.9,-4.1,203,False,TOP
11,344,66.7,-4.2,0,False,TOP
11,345,65.5,-4.2,0,False,TOP
11,346,64.4,-4.2,0,False,TOP
11,347,63.2,-4.2,0,False,TOP
11,348,62.2,-4.2,0,False,TOP
11,349,61.0,-4.3,0,False,TOP
11,350,59.8,-4.3,0,False,TOP
11,351,58.7,-4.4,31,False,TOP
11,352,57.4,-4.3,148,False,TOP
11,353,56.3,-4.3,313,False,TOP
11,354,55.0,-4.4,464,False,TOP
11,355,53.7,-4.5,576,False,TOP
11,356,52.5,-4.5,679,False,TOP
11,357,51.4,-4.6,758,False,TOP
11,358,50.3,-4.8,827,False,TOP
11,359,49.2,-5.0,1040,False,TOP
11,360,48.1,-4.9,1117,False,TOP
11,361,47.0,-4.9,831,False,TOP
11,362,46.0,-5.0,584,False,TOP
11,363,45.0,-5.0,285,False,TOP
11,364,43.9,-5.1,30,False,TOP
11,365,42.9,-5.1,0,False,TOP
11,366,41.8,-5.1,0,False,TOP
11,367,41.0,-5.2,0,False,TOP
11,368,40.1,-5.4,0,False,TOP
11,369,39.4,-5.6,0,False,TOP
11,370,38.7,-5.7,0,False,TOP
11,371,37.6,-5.7,32,False,TOP
11,372,36.6,-5.6,125,False,TOP
11,373,35.6,-5.5,289,False,TOP
11,374,34.7,-5.6,437,False,TOP
11,375,33.7,-5.7,556,False,TOP
11,376,32.8,-5.8,643,False,TOP
11,377,32.0,-5.7,757,False,TOP
11,378,31.1,-5.8,793,False,TOP
11,379,30.2,-5.9,1039,False,TOP
11,380,29.2,-5.9,1130,False,TOP
11,381,28.1,-5.9,880,False,TOP
11,382,27.2,-6.0,632,False,TOP
11,383,26.2,-5.9,362,False,TOP
11,384,25.4,-5.8,94,False,TOP
11,385,24.6,-5.7,0,False,TOP
11,386,23.6,-5.6,0,False,TOP
11,387,22.8,-5.7,0,False,TOP
11,388,21.9,-5.5,0,False,TOP
11,389,20.9,-5.4,0,False,TOP
11,390,20.1,-5.3,0,False,TOP
11,391,19.3,-5.2,2,False,TOP
11,392,18.3,-5.2,399,False,DOWN
11,393,17.2,-5.1,145,False,DOWN
11,394,16.3,-5.1,0,False,DOWN
11,395,15.6,-5.2,0,False,DOWN
11,396,14.8,-5.1,0,False,DOWN
11,397,14.0,-5.2,0,False,DOWN
11,398,13.5,-5.2,0,False,DOWN
11,399,12.8,-5.2,0,False,DOWN
11,400,12.2,-5.1,0,False,DOWN
11,401,11.6,-5.0,106,False,DOWN
11,402,10.9,-5.0,325,False,DOWN
11,403,10.3,-5.1,511,False,DOWN
11,404,9.8,-5.0,659,False,DOWN
11,405,9.2,-5.3,814,False,DOWN
11,406,8.4,-5.2,986,False,DOWN
11,407,7.8,-5.2,1066,False,DOWN
11,408,7.2,-5.1,1322,False,DOWN
11,409,6.7,-5.1,1457,False,DOWN
11,410,6.0,-5.1,1349,False,DOWN
11,411,5.3,-5.0,1072,False,DOWN
11,412,4.8,-5.0,713,False,DOWN
11,413,4.0,-5.0,373,False,DOWN
11,414,3.2,-5.0,99,False,DOWN
11,415,2.7,-4.9,0,False,DOWN
11,416,2.2,-4.9,0,False,DOWN
11,417,1.8,-4.9,0,False,DOWN
11,418,1.3,-4.7,0,False,DOWN
11,419,0.8,-4.5,0,False,DOWN
11,420,0.3,-4.3,0,False,DOWN
11,421,-0.2,-4.1,73,False,DOWN
11,422,-0.7,-4.0,286,False,DOWN
11,423,-1.1,-3.8,465,False,DOWN
11,424,-1.7,-3.6,715,False,DOWN
11,425,-2.2,-3.5,830,False,DOWN
11,426,-2.7,-3.3,996,False,DOWN
11,427,-3.3,-3.2,1085,False,DOWN
11,428,-3.8,-3.2,1319,False,DOWN
11,429,-4.3,-3.2,1494,False,DOWN
11,430,-4.8,-3.1,1475,False,DOWN
11,431,-5.3,-3.1,1153,False,DOWN
11,432,-5.8,-3.2,816,False,DOWN
11,433,-6.3,-3.1,467,False,DOWN
11,434,-7.0,-3.2,146,False,DOWN
11,435,-7.3,-3.2,0,False,DOWN
11,436,-7.6,-3.3,0,False,DOWN
11,437,-7.6,-3.4,0,False,DOWN
11,438,-7.8,-3.3,0,False,DOWN
11,439,-7.9,-3.2,0,False,DOWN
11,440,-8.2,-3.2,0,False,DOWN
11,441,-8.5,-3.2,64,False,DOWN
11,442,-8.9,-3.3,228,False,DOWN
11,443,-9.2,-3.2,430,False,DOWN
11,444,-9.4,-3.2,617,False,DOWN
11,445,-9.8,-3.2,778,False,DOWN
11,446,-10.4,-3.3,918,False,DOWN
11,447,-10.5,-3.4,1023,False,DOWN
11,448,-10.7,-3.4,1143,False,DOWN
11,449,-10.9,-3.4,1407,False,DOWN
11,450,-11.2,-3.4,1499,False,DOWN
11,451,-11.4,-3.4,1170,False,DOWN
11,452,-11.5,-3.5,867,False,DOWN
11,453,-11.7,-3.5,510,False,DOWN
11,454,-11.9,-3.5,191,False,DOWN
11,455,-12.1,-3.5,0,False,DOWN
11,456,-12.3,-3.4,0,False,DOWN
11,457,-12.3,-3.5,0,False,DOWN
11,458,-12.3,-3.4,0,False,DOWN
11,459,-12.4,-3.5,0,False,DOWN
11,460,-12.4,-3.5,0,False,DOWN
11,461,-12.4,-3.5,50,False,DOWN
11,462,-12.5,-3.5,179,False,DOWN
11,463,-12.5,-3.5,395,False,DOWN
11,464,-12.6,-3.5,591,False,DOWN
11,465,-12.5,-3.5,740,False,DOWN
11,466,-12.5,-3.6,863,False,DOWN
11,467,-12.5,-3.6,1007,False,DOWN
11,468,-12.4,-3.7,1088,False,DOWN
11,469,-12.4,-3.7,1375,False,DOWN
11,470,-12.4,-3.8,1509,False,DOWN
11,471,-12.3,-3.9,1233,False,DOWN
11,472,-12.2,-3.9,945,False,DOWN
11,473,-12.1,-3.9,590,False,DOWN
11,474,-12.2,-3.9,256,False,DOWN
11,475,-12.1,-4.0,5,False,DOWN
11,476,-12.1,-4.0,0,False,DOWN
11,477,-12.0,-4.0,0,False,DOWN
11,478,-12.1,-4.1,0,False,DOWN
11,479,-12.1,-4.1,0,False,DOWN
11,480,-12.1,-4.1,0,False,DOWN
11,481,-12.1,-4.1,29,False,DOWN
11,482,-12.1,-4.1,144,False,DOWN
11,483,-12.1,-4.1,343,False,DOWN
11,484,-12.2,-4.0,560,False,DOWN
11,485,-12.1,-4.1,705,False,DOWN
11,486,-12.1,-4.0,843,False,DOWN
11,487,-12.1,-4.1,1034,False,DOWN
11,488,-12.1,-4.1,1108,False,DOWN
11,489,-12.1,-4.0,1415,False,DOWN
11,490,-12.0,-4.1,1562,False,DOWN
12,0,-0.1,-6.0,535,False,DOWN
12,1,-0.1,-5.9,880,False,DOWN
12,2,-0.1,-5.9,1152,False,DOWN
12,3,-0.1,-5.9,1472,False,DOWN
12,4,-0.1,-5.9,1723,False,DOWN
12,5,-0.1,-5.9,1840,False,DOWN
12,6,-0.1,-6.0,2317,False,DOWN
12,7,-0.1,-6.0,2530,False,DOWN
12,8,-0.1,-5.9,2382,False,DOWN
12,9,-0.1,-5.9,2019,False,DOWN
12,10,-0.1,-5.9,1518,False,DOWN
12,11,-0.1,-6.0,1021,False,DOWN
12,12,-0.1,-6.0,592,False,DOWN
12,13,-0.1,-6.0,198,False,DOWN
12,14,-0.1,-5.9,0,False,DOWN
12,15,-0.1,-6.0,0,False,DOWN
12,16,-0.1,-6.0,0,False,DOWN
12,17,-0.0,-6.0,0,False,DOWN
12,18,0.0,-6.1,22,False,DOWN
12,19,0.2,-6.1,192,False,DOWN
12,20,0.3,-6.1,521,False,DOWN
12,21,0.6,-6.2,842,False,DOWN
12,22,1.0,-6.3,1138,False,DOWN
12,23,1.3,-6.3,1447,False,DOWN
12,24,1.7,-6.3,1729,False,DOWN
12,25,2.3,-6.3,1898,False,DOWN
12,26,3.0,-6.2,2305,False,DOWN
12,27,3.6,-6.2,2602,False,DOWN
12,28,4.4,-6.2,2542,False,DOWN
12,29,5.3,-6.1,2131,False,DOWN
12,30,6.0,-6.0,1663,False,DOWN
12,31,6.8,-5.9,1149,False,DOWN
12,32,7.6,-5.8,656,False,DOWN
12,33,8.8,-5.8,247,False,DOWN
12,34,9.9,-6.0,0,False,DOWN
12,35,10.7,-6.1,0,False,DOWN
12,36,11.7,-6.2,0,False,DOWN
12,37,12.9,-6.3,0,False,DOWN
12,38,14.0,-6.5,0,False,DOWN
12,39,15.0,-6.5,192,False,DOWN
12,40,16.1,-6.4,476,False,DOWN
12,41,17.3,-6.5,855,False,DOWN
12,42,18.5,-6.7,1203,False,DOWN
12,43,19.7,-6.8,1511,False,DOWN
12,44,21.0,-6.9,1849,False,DOWN
12,45,22.4,-6.9,2079,False,DOWN
12,46,23.7,-6.8,2359,False,DOWN
12,47,25.2,-6.8,2624,False,DOWN
12,48,26.5,-6.9,2595,False,DOWN
12,49,28.0,-6.9,2035,False,DOWN
12,50,29.5,-6.9,1559,False,DOWN
12,51,31.0,-6.8,1040,False,DOWN
12,52,32.4,-6.7,577,False,CURLING
12,53,33.8,-6.7,224,False,CURLING
12,54,35.3,-6.6,0,False,CURLING
12,55,36.8,-6.6,0,False,CURLING
12,56,38.3,-6.5,0,False,CURLING
12,57,39.9,-6.4,0,False,CURLING
12,58,41.3,-6.3,0,False,CURLING
12,59,42.7,-6.3,193,False,CURLING
12,60,44.3,-6.3,387,False,CURLING
12,61,45.8,-6.3,719,False,CURLING
12,62,47.2,-6.3,1007,False,CURLING
12,63,48.6,-6.4,1246,False,CURLING
12,64,50.0,-6.5,1423,False,CURLING
12,65,51.3,-6.5,1535,False,CURLING
12,66,52.8,-6.6,1559,False,CURLING
12,67,54.2,-6.6,1871,False,CURLING
12,68,55.5,-6.8,1911,False,CURLING
12,69,57.0,-7.1,1505,False,CURLING
12,70,58.4,-7.3,1114,False,CURLING
12,71,60.0,-7.4,718,False,CURLING
12,72,61.6,-7.4,336,False,CURLING
12,73,63.1,-7.3,55,False,CURLING
12,74,64.5,-7.3,0,False,CURLING
12,75,66.0,-7.2,0,False,CURLING
12,76,67.3,-7.0,0,False,CURLING
12,77,68.6,-6.9,0,False,CURLING
12,78,69.7,-6.8,0,False,CURLING
12,79,70.9,-6.7,70,False,CURLING
12,80,72.0,-6.6,226,False,CURLING
12,81,73.2,-6.5,431,False,CURLING
12,82,74.3,-6.4,653,False,CURLING
12,83,75.5,-6.0,758,False,CURLING
12,84,76.6,-6.1,871,False,CURLING
12,85,77.6,-6.1,1023,False,CURLING
12,86,78.8,-6.0,1058,False,CURLING
12,87,79.9,-6.0,1327,False,CURLING
12,88,81.0,-5.9,1423,True,CURLING
12,89,82.2,-5.9,1125,True,TOP
12,90,83.4,-5.8,818,True,TOP
12,91,84.6,-5.7,479,False,TOP
12,92,85.7,-5.6,194,False,TOP
12,93,86.8,-5.5,0,False,TOP
12,94,88.0,-5.4,0,False,TOP
12,95,89.1,-5.2,0,False,TOP
12,96,90.1,-5.1,0,False,TOP
12,97,91.1,-5.0,0,False,TOP
12,98,92.3,-4.9,0,False,TOP
12,99,93.2,-4.8,16,False,TOP
12,100,94.2,-4.6,117,False,TOP
12,101,95.2,-4.4,309,False,TOP
12,102,96.2,-4.2,444,False,TOP
12,103,97.3,-4.1,576,True,TOP
12,104,98.3,-3.9,676,True,TOP
12,105,99.3,-3.8,774,True,TOP
12,106,100.2,-3.6,825,True,TOP
12,107,101.1,-3.4,1074,True,TOP
12,108,101.9,-3.3,1170,True,TOP
12,109,102.5,-3.1,954,True,TOP
12,110,103.2,-3.0,705,True,TOP
12,111,104.0,-2.9,430,False,TOP
12,112,104.7,-2.8,147,False,TOP
12,113,105.3,-2.7,0,False,TOP
12,114,105.9,-2.5,0,False,TOP
12,115,106.7,-2.3,0,False,TOP
12,116,107.3,-2.2,0,False,TOP
12,117,107.9,-2.1,0,False,TOP
12,118,108.6,-1.9,0,False,TOP
12,119,109.3,-1.8,0,False,TOP
12,120,110.0,-1.7,42,False,TOP
12,121,110.7,-1.5,202,False,TOP
12,122,111.5,-1.5,316,False,TOP
12,123,112.2,-1.4,421,False,TOP
12,124,112.8,-1.2,461,False,TOP
12,125,113.3,-1.0,546,True,TOP
12,126,113.9,-0.8,578,True,TOP
12,127,114.4,-0.5,750,True,TOP
12,128,115.0,-0.3,857,True,TOP
12,129,115.5,-0.1,654,True,TOP
12,130,116.0,0.1,398,False,TOP
12,131,116.5,0.1,171,False,TOP
12,132,117.0,0.1,0,False,TOP
12,133,117.4,0.1,0,False,TOP
12,134,117.9,0.2,0,False,TOP
12,135,118.3,0.3,0,False,TOP
12,136,118.8,0.3,0,False,TOP
12,137,119.4,0.8,0,False,TOP
12,138,119.9,0.9,0,False,TOP
12,139,120.2,1.1,0,False,TOP
12,140,120.7,1.3,0,False,TOP
12,141,121.1,1.4,68,False,TOP
12,142,121.5,1.5,130,False,TOP
12,143,121.8,1.5,175,False,TOP
12,144,122.2,1.6,206,False,TOP
12,145,122.5,1.8,224,False,TOP
12,146,122.8,2.0,215,False,TOP
12,147,123.0,2.1,325,False,TOP
12,148,123.2,2.1,413,False,TOP
12,149,123.5,2.2,397,False,TOP
12,150,123.8,2.2,240,False,TOP
12,151,124.2,2.3,87,False,TOP
12,152,124.5,2.4,0,False,TOP
12,153,124.9,2.6,0,False,TOP
12,154,125.3,2.7,0,False,TOP
12,155,125.7,2.9,0,False,TOP
12,156,126.0,3.2,0,False,TOP
12,157,126.3,3.4,0,False,TOP
12,158,126.6,3.7,0,False,TOP
12,159,126.8,3.8,0,False,TOP
12,160,127.0,4.0,0,False,TOP
12,161,127.3,4.1,46,False,TOP
12,162,127.6,4.0,123,False,TOP
12,163,127.9,4.2,173,False,TOP
12,164,128.2,4.3,218,False,TOP
12,165,128.5,4.4,269,False,TOP
12,166,128.8,4.7,277,False,TOP
12,167,129.0,4.9,345,False,TOP
12,168,129.2,5.0,481,False,TOP
12,169,129.4,5.0,506,True,TOP
12,170,129.8,4.8,320,False,TOP
12,171,130.2,4.7,150,False,TOP
12,172,130.6,4.6,1,False,TOP
12,173,131.1,4.9,0,False,TOP
12,174,131.5,5.4,0,False,TOP
12,175,131.8,5.8,0,False,TOP
12,176,132.1,6.1,0,False,TOP
12,177,132.2,6.3,0,False,TOP
12,178,132.3,6.4,0,False,TOP
12,179,132.4,6.5,0,False,TOP
12,180,132.4,6.5,0,False,TOP
12,181,132.4,6.5,35,False,TOP
12,182,132.4,6.4,117,False,TOP
12,183,132.3,6.4,192,False,TOP
12,184,132.4,6.4,240,False,TOP
12,185,132.5,6.4,283,False,TOP
12,186,132.6,6.4,327,False,TOP
12,187,132.7,6.4,353,False,TOP
12,188,132.7,6.4,511,True,TOP
12,189,132.8,6.2,587,True,TOP
12,190,132.8,6.2,396,False,TOP
12,191,132.8,6.1,243,False,TOP
12,192,132.8,6.2,59,False,TOP
12,193,132.8,6.1,0,False,TOP
12,194,132.8,6.1,0,False,TOP
12,195,132.8,6.0,0,False,TOP
12,196,132.8,6.0,0,False,TOP
12,197,132.7,5.9,0,False,TOP
12,198,132.7,5.9,0,False,TOP
12,199,132.7,5.8,0,False,TOP
12,200,132.7,5.8,0,False,TOP
12,201,132.8,5.9,22,False,TOP
12,202,132.8,5.9,128,False,TOP
12,203,132.8,5.9,197,False,TOP
12,204,132.8,5.8,241,False,TOP
12,205,132.8,5.8,295,False,TOP
12,206,132.9,5.8,344,False,TOP
12,207,132.9,5.8,369,False,TOP
12,208,133.0,5.8,533,True,TOP
12,209,133.0,5.8,609,True,TOP
12,210,133.0,5.7,438,False,TOP
12,211,133.0,5.7,275,False,TOP
12,212,133.0,5.7,89,False,TOP
12,213,133.1,5.7,0,False,TOP
12,214,133.0,5.7,0,False,TOP
12,215,133.0,5.7,0,False,TOP
12,216,133.0,5.6,0,False,TOP
12,217,133.0,5.6,0,False,TOP
12,218,133.0,5.6,0,False,TOP
12,219,132.9,5.6,0,False,TOP
12,220,132.9,5.5,0,False,TOP
12,221,132.9,5.5,16,False,TOP
12,222,132.9,5.5,112,False,TOP
12,223,132.9,5.5,192,False,TOP
12,224,132.9,5.6,243,False,TOP
12,225,132.9,5.5,301,False,TOP
12,226,132.9,5.5,357,False,TOP
12,227,132.9,5.4,365,False,TOP
12,228,132.9,5.5,530,True,TOP
12,229,132.8,5.5,611,True,TOP
12,230,132.7,5.5,474,False,TOP
12,231,132.6,5.4,315,False,TOP
12,232,132.4,5.4,121,False,TOP
12,233,132.3,5.3,0,False,TOP
12,234,132.2,5.3,0,False,TOP
12,235,132.2,5.2,0,False,TOP
12,236,132.2,5.2,0,False,TOP
12,237,132.1,5.2,0,False,TOP
12,238,132.0,5.1,0,False,TOP
12,239,131.9,5.1,0,False,TOP
12,240,131.8,5.1,0,False,TOP
12,241,131.6,5.1,0,False,TOP
12,242,131.4,5.0,95,False,TOP
12,243,131.3,4.9,186,False,TOP
12,244,131.1,4.7,255,False,TOP
12,245,131.1,4.7,305,False,TOP
12,246,131.1,4.7,365,False,TOP
12,247,131.0,4.7,375,False,TOP
12,248,131.0,4.7,531,True,TOP
12,249,130.8,4.7,609,True,TOP
12,250,130.7,4.7,530,True,TOP
12,251,130.6,4.7,362,False,TOP
12,252,130.4,4.6,157,False,TOP
12,253,130.2,4.5,0,False,TOP
12,254,129.9,4.3,0,False,TOP
12,255,129.6,4.3,0,False,TOP
12,256,129.3,4.2,0,False,TOP
12,257,128.9,4.1,0,False,TOP
12,258,128.4,4.1,0,False,TOP
12,259,128.0,4.1,0,False,TOP
12,260,127.5,3.9,0,False,TOP
12,261,127.2,3.7,0,False,TOP
12,262,126.8,3.6,93,False,TOP
12,263,126.4,3.6,178,False,TOP
12,264,126.0,3.5,241,False,TOP
12,265,125.7,3.6,304,False,TOP
12,266,125.4,3.6,365,False,TOP
12,267,125.1,3.5,371,False,TOP
12,268,124.8,3.5,500,False,TOP
12,269,124.5,3.4,592,True,TOP
12,270,124.2,3.3,569,True,TOP
12,271,123.8,3.1,372,False,TOP
12,272,123.5,3.0,176,False,TOP
12,273,123.2,2.9,14,False,TOP
12,274,123.0,2.8,0,False,TOP
12,275,122.7,2.7,0,False,TOP
12,276,122.4,2.7,0,False,TOP
12,277,122.2,2.6,0,False,TOP
12,278,122.0,2.5,0,False,TOP
12,279,121.7,2.4,0,False,TOP
12,280,121.5,2.5,0,False,TOP
12,281,121.2,2.5,0,False,TOP
12,282,120.9,2.5,65,False,TOP
12,283,120.6,2.4,175,False,TOP
12,284,120.3,2.2,240,False,TOP
12,285,119.9,2.1,305,False,TOP
12,286,119.5,2.0,368,False,TOP
12,287,119.2,2.0,389,False,TOP
12,288,119.0,1.9,449,False,TOP
12,289,118.6,1.8,604,True,TOP
12,290,118.3,1.7,645,True,TOP
12,291,117.9,1.6,430,False,TOP
12,292,117.6,1.5,246,False,TOP
12,293,117.2,1.4,48,False,TOP
12,294,116.8,1.5,0,False,TOP
12,295,116.3,1.4,0,False,TOP
12,296,115.9,1.2,0,False,TOP
12,297,115.5,1.2,0,False,TOP
12,298,115.1,1.0,0,False,TOP
12,299,114.7,1.0,0,False,TOP
12,300,114.1,0.9,0,False,TOP
12,301,113.8,0.8,0,False,TOP
12,302,113.5,0.6,62,False,TOP
12,303,113.1,0.4,181,False,TOP
12,304,112.6,0.4,285,False,TOP
12,305,112.1,0.3,366,False,TOP
12,306,111.8,0.2,438,False,TOP
12,307,111.3,0.1,486,False,TOP
12,308,110.8,0.0,535,True,TOP
12,309,110.4,-0.1,721,True,TOP
12,310,110.0,-0.1,787,True,TOP
12,311,109.5,-0.2,590,True,TOP
12,312,109.1,-0.3,383,False,TOP
12,313,108.5,-0.3,153,False,TOP
12,314,107.9,-0.3,0,False,TOP
12,315,107.5,-0.4,0,False,TOP
12,316,106.9,-0.5,0,False,TOP
12,317,106.4,-0.6,0,False,TOP
12,318,105.8,-0.7,0,False,TOP
12,319,105.2,-0.7,0,False,TOP
12,320,104.6,-0.7,0,False,TOP
12,321,104.0,-0.8,0,False,TOP
12,322,103.5,-0.9,95,False,TOP
12,323,103.0,-1.0,261,False,TOP
12,324,102.4,-1.0,431,False,TOP
12,325,101.8,-1.1,542,True,TOP
12,326,101.2,-1.2,657,True,TOP
12,327,100.6,-1.4,766,True,TOP
12,328,100.1,-1.5,828,True,TOP
12,329,99.6,-1.6,1079,True,TOP
12,330,99.0,-1.7,1203,True,TOP
12,331,98.5,-1.7,1001,True,TOP
12,332,98.0,-1.7,752,True,TOP
12,333,97.5,-1.7,464,False,TOP
12,334,97.0,-1.8,173,False,TOP
12,335,96.4,-1.7,0,False,TOP
12,336,96.0,-1.7,0,False,TOP
12,337,95.5,-1.8,0,False,TOP
12,338,95.0,-1.9,0,False,TOP
12,339,94.4,-2.0,0,False,TOP
12,340,93.9,-1.9,0,False,TOP
12,341,93.4,-1.9,0,False,TOP
12,342,92.9,-2.0,84,False,TOP
12,343,92.3,-2.1,270,False,TOP
12,344,91.8,-2.1,437,False,TOP
12,345,91.2,-2.1,539,True,TOP
12,346,90.8,-2.2,617,True,TOP
12,347,90.3,-2.3,720,True,TOP
12,348,89.9,-2.4,748,True,TOP
12,349,89.3,-2.4,945,True,TOP
12,350,88.9,-2.3,1014,True,TOP
12,351,88.4,-2.4,871,True,TOP
12,352,88.0,-2.4,642,True,TOP
12,353,87.5,-2.5,354,False,TOP
12,354,87.1,-2.5,80,False,TOP
12,355,86.7,-2.6,0,False,TOP
12,356,86.2,-2.6,0,False,TOP
12,357,85.8,-2.6,0,False,TOP
12,358,85.3,-2.7,0,False,TOP
12,359,84.8,-2.7,0,False,TOP
12,360,84.4,-2.7,0,False,TOP
12,361,84.0,-2.8,0,False,TOP
12,362,83.5,-2.8,44,False,TOP
12,363,83.1,-2.8,226,False,TOP
12,364,82.5,-2.8,390,False,TOP
12,365,82.1,-2.9,533,True,TOP
12,366,81.5,-2.9,662,True,TOP
12,367,81.0,-3.0,791,True,TOP
12,368,80.5,-3.0,871,True,TOP
12,369,80.0,-3.1,1088,True,TOP
12,370,79.5,-3.1,1217,False,TOP
12,371,79.0,-3.1,1136,False,TOP
12,372,78.4,-3.2,880,False,TOP
12,373,77.8,-3.4,577,False,TOP
12,374,77.1,-3.3,261,False,TOP
12,375,76.5,-3.4,19,False,TOP
12,376,75.7,-3.4,0,False,TOP
12,377,75.0,-3.4,0,False,TOP
12,378,74.3,-3.5,0,False,TOP
12,379,73.6,-3.6,0,False,TOP
12,380,72.9,-3.7,0,False,TOP
12,381,72.2,-3.8,0,False,TOP
12,382,71.5,-3.8,45,False,TOP
12,383,70.8,-3.9,216,False,TOP
12,384,70.1,-4.0,388,False,TOP
12,385,69.4,-4.1,558,False,TOP
12,386,68.7,-4.2,702,False,TOP
12,387,68.0,-4.2,836,False,TOP
12,388,67.4,-4.2,914,False,TOP
12,389,66.8,-4.3,1114,False,TOP
12,390,66.2,-4.3,1259,False,TOP
12,391,65.6,-4.4,1238,False,TOP
12,392,65.0,-4.4,945,False,TOP
12,393,64.4,-4.4,651,False,TOP
12,394,63.8,-4.5,325,False,TOP
12,395,63.3,-4.3,51,False,TOP
12,396,62.8,-4.3,0,False,TOP
12,397,62.3,-4.4,0,False,TOP
12,398,61.7,-4.4,0,False,TOP
12,399,61.2,-4.5,0,False,TOP
12,400,60.8,-4.6,0,False,TOP
12,401,60.3,-4.6,0,False,TOP
12,402,59.9,-4.6,39,False,TOP
12,403,59.4,-4.6,176,False,TOP
12,404,59.0,-4.6,365,False,TOP
12,405,58.5,-4.6,526,False,TOP
12,406,57.9,-4.6,641,False,TOP
12,407,57.4,-4.7,767,False,TOP
12,408,56.9,-4.7,853,False,TOP
12,409,56.3,-4.8,939,False,TOP
12,410,55.7,-4.9,1160,False,TOP
12,411,55.2,-4.9,1183,False,TOP
12,412,54.7,-4.9,906,False,TOP
12,413,54.1,-4.9,628,False,TOP
12,414,53.6,-4.9,320,False,TOP
12,415,53.1,-5.0,45,False,TOP
12,416,52.6,-4.9,0,False,TOP
12,417,52.0,-4.9,0,False,TOP
12,418,51.5,-4.9,0,False,TOP
12,419,51.0,-5.0,0,False,TOP
12,420,50.5,-5.0,0,False,TOP
12,421,49.9,-4.9,0,False,TOP
12,422,49.4,-4.9,16,False,TOP
12,423,48.8,-4.9,147,False,TOP
12,424,48.3,-5.0,331,False,TOP
12,425,47.7,-5.0,509,False,TOP
12,426,47.2,-4.9,637,False,TOP
12,427,46.7,-5.0,752,False,TOP
12,428,46.2,-5.0,848,False,TOP
12,429,45.8,-5.0,906,False,TOP
12,430,45.3,-5.0,1135,False,TOP
12,431,44.8,-5.0,1214,False,TOP
12,432,44.3,-4.9,946,False,TOP
12,433,43.8,-4.9,671,False,TOP
12,434,43.3,-4.9,365,False,TOP
12,435,42.9,-4.8,77,False,TOP
12,436,42.4,-4.8,0,False,TOP
12,437,41.9,-4.9,0,False,TOP
12,438,41.2,-4.9,0,False,TOP
12,439,40.7,-4.8,0,False,TOP
12,440,40.0,-4.8,0,False,TOP
12,441,39.3,-4.8,0,False,TOP
12,442,38.8,-4.8,24,False,TOP
12,443,38.2,-4.7,140,False,TOP
12,444,37.6,-4.7,330,False,TOP
12,445,37.1,-4.8,528,False,TOP
12,446,36.5,-4.7,655,False,TOP
12,447,35.9,-4.6,786,False,TOP
12,448,35.3,-4.7,908,False,TOP
12,449,34.7,-4.6,965,False,TOP
12,450,34.1,-4.6,1220,False,TOP
12,451,33.4,-4.6,1337,False,TOP
12,452,32.7,-4.5,1072,False,TOP
12,453,32.1,-4.5,792,False,TOP
12,454,31.6,-4.4,475,False,TOP
12,455,31.2,-4.4,170,False,TOP
12,456,30.7,-4.4,0,False,TOP
12,457,30.2,-4.4,0,False,TOP
12,458,29.7,-4.3,0,False,TOP
12,459,29.2,-4.3,0,False,TOP
12,460,28.7,-4.2,0,False,TOP
12,461,28.2,-4.1,0,False,TOP
12,462,27.7,-4.1,16,False,TOP
12,463,27.2,-4.1,123,False,TOP
12,464,26.8,-4.1,315,False,TOP
12,465,26.3,-4.1,497,False,TOP
12,466,25.9,-4.0,640,False,TOP
12,467,25.6,-4.0,768,False,TOP
12,468,25.1,-3.9,891,False,TOP
12,469,24.5,-3.9,944,False,TOP
12,470,24.2,-4.1,1189,False,TOP
12,471,23.9,-4.2,1295,False,TOP
12,472,23.5,-4.2,1088,False,TOP
12,473,23.3,-4.2,821,False,TOP
12,474,23.1,-4.3,461,False,TOP
12,475,22.9,-4.2,191,False,TOP
12,476,22.6,-4.1,0,False,TOP
12,477,22.2,-4.1,0,False,TOP
12,478,21.9,-4.1,0,False,TOP
12,479,21.5,-4.1,0,False,TOP
12,480,21.2,-4.1,0,False,TOP
12,481,21.0,-4.1,0,False,TOP
12,482,20.8,-4.0,0,False,TOP
12,483,20.4,-3.9,90,False,TOP
12,484,20.0,-3.9,293,False,TOP
12,485,19.6,-3.8,495,False,TOP
12,486,18.9,-3.8,0,False,DOWN
12,487,18.4,-3.9,0,False,DOWN
12,488,17.9,-3.9,0,False,DOWN
12,489,17.4,-3.9,0,False,DOWN
12,490,16.9,-3.9,0,False,DOWN
12,491,16.4,-3.9,0,False,DOWN
12,492,16.1,-3.8,78,False,DOWN
12,493,15.6,-3.8,278,False,DOWN
12,494,15.2,-3.8,474,False,DOWN
12,495,14.9,-3.8,639,False,DOWN
12,496,14.4,-3.8,786,False,DOWN
12,497,14.0,-3.8,918,False,DOWN
12,498,13.5,-3.7,991,False,DOWN
12,499,13.1,-3.6,1226,False,DOWN
12,500,12.6,-3.6,1363,False,DOWN
12,501,12.0,-3.6,1254,False,DOWN
12,502,11.5,-3.6,991,False,DOWN
12,503,10.8,-3.6,657,False,DOWN
12,504,10.2,-3.7,336,False,DOWN
12,505,9.6,-3.8,56,False,DOWN
12,506,9.0,-3.8,0,False,DOWN
12,507,8.4,-3.8,0,False,DOWN
12,508,7.8,-3.7,0,False,DOWN
12,509,7.2,-3.7,0,False,DOWN
12,510,6.7,-3.7,0,False,DOWN
12,511,6.3,-3.7,0,False,DOWN
12,512,5.8,-3.7,48,False,DOWN
12,513,5.5,-3.7,242,False,DOWN
12,514,5.4,-3.8,420,False,DOWN
12,515,5.1,-3.8,587,False,DOWN
12,516,4.7,-3.8,705,False,DOWN
12,517,4.5,-3.8,830,False,DOWN
12,518,4.5,-3.8,897,False,DOWN
12,519,4.4,-3.6,1083,False,DOWN
12,520,4.2,-3.6,1200,False,DOWN
12,521,4.2,-3.5,1138,False,DOWN
12,522,4.0,-3.5,890,False,DOWN
12,523,3.7,-3.5,573,False,DOWN
12,524,3.5,-3.4,272,False,DOWN
12,525,3.0,-3.3,7,False,DOWN
12,526,2.5,-3.4,0,False,DOWN
12,527,2.1,-3.4,0,False,DOWN
12,528,1.7,-3.4,0,False,DOWN
12,529,1.4,-3.4,0,False,DOWN
12,530,1.0,-3.5,0,False,DOWN
12,531,0.5,-3.6,0,False,DOWN
12,532,0.2,-3.7,50,False,DOWN
12,533,-0.2,-3.7,208,False,DOWN
12,534,-0.5,-3.7,400,False,DOWN
12,535,-0.9,-3.6,574,False,DOWN
12,536,-1.4,-3.7,700,False,DOWN
12,537,-1.6,-3.7,826,False,DOWN
12,538,-2.0,-3.6,897,False,DOWN
12,539,-2.4,-3.4,1023,False,DOWN
12,540,-2.9,-3.4,1193,False,DOWN
12,541,-3.4,-3.3,1203,False,DOWN
12,542,-3.8,-3.2,976,False,DOWN
12,543,-4.3,-3.1,745,False,DOWN
12,544,-4.8,-3.0,544,False,DOWN
12,545,-5.3,-2.9,272,False,DOWN
12,546,-5.7,-2.9,20,False,DOWN
12,547,-5.9,-2.9,0,False,DOWN
12,548,-6.3,-2.8,0,False,DOWN
12,549,-6.6,-2.7,0,False,DOWN
12,550,-6.6,-2.7,0,False,DOWN
12,551,-6.7,-2.7,0,False,DOWN
12,552,-6.9,-2.7,37,False,DOWN
12,553,-7.1,-2.8,197,False,DOWN
12,554,-7.3,-2.7,431,False,DOWN
12,555,-7.2,-2.9,643,False,DOWN
12,556,-7.1,-3.1,833,False,DOWN
12,557,-7.1,-3.2,1023,False,DOWN
12,558,-7.2,-3.2,1170,False,DOWN
12,559,-7.1,-3.3,1315,False,DOWN
12,560,-7.1,-3.3,1625,False,DOWN
12,561,-7.1,-3.3,1755,False,DOWN
12,562,-7.1,-3.3,1431,False,DOWN
12,563,-7.1,-3.3,1115,False,DOWN
12,564,-7.1,-3.4,733,False,DOWN
12,565,-7.2,-3.4,358,False,DOWN
12,566,-7.3,-3.5,55,False,DOWN
12,567,-7.4,-3.5,0,False,DOWN
12,568,-7.4,-3.6,0,False,DOWN
12,569,-7.5,-3.7,0,False,DOWN
12,570,-7.5,-3.7,0,False,DOWN
12,571,-7.5,-3.7,0,False,DOWN
12,572,-7.5,-3.8,47,False,DOWN
12,573,-7.5,-3.9,165,False,DOWN
12,574,-7.5,-3.9,400,False,DOWN
12,575,-7.5,-3.9,619,False,DOWN
12,576,-7.5,-3.9,805,False,DOWN
12,577,-7.4,-4.0,944,False,DOWN
12,578,-7.4,-4.0,1136,False,DOWN
12,579,-7.3,-4.1,1203,False,DOWN
12,580,-7.2,-4.2,1581,False,DOWN
12,581,-7.3,-4.3,1749,False,DOWN
12,582,-7.1,-4.3,1425,False,DOWN
12,583,-6.9,-4.4,1120,False,DOWN
12,584,-6.9,-4.4,756,False,DOWN
12,585,-6.7,-4.4,391,False,DOWN
12,586,-6.7,-4.4,79,False,DOWN
12,587,-6.7,-4.5,0,False,DOWN
12,588,-6.7,-4.5,0,False,DOWN
12,589,-6.7,-4.6,0,False,DOWN
12,590,-6.7,-4.6,0,False,DOWN
12,591,-6.7,-4.7,0,False,DOWN
12,592,-6.7,-4.8,29,False,DOWN
12,593,-6.7,-4.9,139,False,DOWN
12,594,-6.7,-4.9,368,False,DOWN
12,595,-6.7,-5.0,597,False,DOWN
12,596,-6.7,-5.0,783,False,DOWN
12,597,-6.7,-5.1,949,False,DOWN
12,598,-6.6,-5.0,1136,False,DOWN
12,599,-6.7,-5.1,1221,False,DOWN
12,600,-6.7,-5.1,1559,False,DOWN
12,601,-6.7,-5.1,1739,False,DOWN
12,602,-6.7,-5.1,1474,False,DOWN
12,603,-6.7,-5.1,1179,False,DOWN
12,604,-6.7,-5.2,805,False,DOWN
12,605,-6.7,-5.2,421,False,DOWN
12,606,-6.7,-5.2,134,False,DOWN
12,607,-6.7,-5.2,0,False,DOWN
12,608,-6.7,-5.2,0,False,DOWN
12,609,-6.7,-5.2,0,False,DOWN
12,610,-6.9,-5.2,0,False,DOWN
12,611,-6.9,-5.2,0,False,DOWN
12,612,-7.0,-5.2,11,False,DOWN
12,613,-6.9,-5.3,129,False,DOWN
12,614,-6.9,-5.3,336,False,DOWN
12,615,-6.8,-5.4,583,False,DOWN
12,616,-6.8,-5.5,757,False,DOWN
12,617,-6.7,-5.5,941,False,DOWN
12,618,-6.7,-5.5,1114,False,DOWN
12,619,-6.6,-5.6,1216,False,DOWN
12,620,-6.6,-5.6,1559,False,DOWN
12,621,-6.5,-5.7,1737,False,DOWN
12,622,-6.5,-5.7,1511,False,DOWN
13,0,-2.9,-9.5,4,False,DOWN
13,1,-2.9,-9.4,0,False,DOWN
13,2,-2.9,-9.5,0,False,DOWN
13,3,-2.9,-9.4,0,False,DOWN
13,4,-2.9,-9.4,0,False,DOWN
13,5,-3.0,-9.5,71,False,DOWN
13,6,-3.0,-9.5,240,False,DOWN
13,7,-2.9,-9.5,507,False,DOWN
13,8,-2.9,-9.5,774,False,DOWN
13,9,-2.9,-9.5,989,False,DOWN
13,10,-2.9,-9.5,1215,False,DOWN
13,11,-2.8,-9.5,1437,False,DOWN
13,12,-2.8,-9.6,1570,False,DOWN
13,13,-2.7,-9.6,1962,False,DOWN
13,14,-2.6,-9.6,2167,False,DOWN
13,15,-2.6,-9.6,1842,False,DOWN
13,16,-2.5,-9.6,1493,False,DOWN
13,17,-2.5,-9.6,1082,False,DOWN
13,18,-2.5,-9.7,656,False,DOWN
13,19,-2.4,-9.8,321,False,DOWN
13,20,-2.4,-9.8,0,False,DOWN
13,21,-2.3,-9.9,0,False,DOWN
13,22,-2.2,-10.0,0,False,DOWN
13,23,-1.9,-10.1,0,False,DOWN
13,24,-1.5,-10.2,0,False,DOWN
13,25,-1.1,-10.3,21,False,DOWN
13,26,-0.7,-10.4,157,False,DOWN
13,27,-0.5,-10.5,425,False,DOWN
13,28,0.1,-10.7,691,False,DOWN
13,29,1.3,-10.9,916,False,DOWN
13,30,2.2,-11.1,1138,False,DOWN
13,31,3.1,-11.2,1387,False,DOWN
13,32,4.1,-11.1,1506,False,DOWN
13,33,5.2,-11.0,1895,False,DOWN
13,34,6.1,-10.8,2089,False,DOWN
13,35,7.2,-10.7,1939,False,DOWN
13,36,8.3,-10.6,1613,False,DOWN
13,37,9.3,-10.3,1170,False,DOWN
13,38,10.0,-10.4,742,False,DOWN
13,39,10.9,-10.2,389,False,DOWN
13,40,11.9,-10.0,90,False,DOWN
13,41,12.5,-9.9,0,False,DOWN
13,42,13.2,-9.6,0,False,DOWN
13,43,14.5,-9.3,0,False,DOWN
13,44,15.8,-9.3,0,False,DOWN
13,45,17.0,-9.5,0,False,DOWN
13,46,19.3,-9.3,95,False,DOWN
13,47,20.7,-8.6,384,False,DOWN
13,48,22.0,-8.8,690,False,DOWN
13,49,23.3,-8.7,903,False,DOWN
13,50,24.7,-8.6,1152,False,DOWN
13,51,26.2,-8.6,1402,False,DOWN
13,52,28.0,-8.4,1535,False,DOWN
13,53,29.8,-8.5,1920,False,DOWN
13,54,31.8,-8.6,2161,False,DOWN
13,55,33.7,-8.6,2169,False,CURLING
13,56,35.7,-8.6,1819,False,CURLING
13,57,37.5,-8.6,1375,False,CURLING
13,58,39.2,-8.4,918,False,CURLING
13,59,40.8,-8.2,532,False,CURLING
13,60,42.3,-8.1,137,False,CURLING
13,61,43.7,-8.0,0,False,CURLING
13,62,45.2,-8.0,0,False,CURLING
13,63,46.6,-8.0,0,False,CURLING
13,64,48.1,-8.0,0,False,CURLING
13,65,49.3,-7.9,0,False,CURLING
13,66,50.7,-8.0,82,False,CURLING
13,67,52.0,-8.1,272,False,CURLING
13,68,53.2,-8.1,505,False,CURLING
13,69,54.5,-8.2,704,False,CURLING
13,70,55.7,-8.2,883,False,CURLING
13,71,57.0,-8.5,1041,False,CURLING
13,72,58.4,-8.6,1165,False,CURLING
13,73,59.7,-8.6,1289,False,CURLING
13,74,61.1,-8.6,1563,False,CURLING
13,75,62.5,-8.5,1619,False,CURLING
13,76,63.7,-8.5,1285,False,CURLING
13,77,65.1,-8.4,951,False,CURLING
13,78,66.5,-8.3,607,False,CURLING
13,79,67.7,-8.2,268,False,CURLING
13,80,68.9,-8.0,0,False,CURLING
13,81,70.2,-7.8,0,False,CURLING
13,82,71.4,-7.6,0,False,CURLING
13,83,72.5,-7.4,0,False,CURLING
13,84,73.6,-7.2,0,False,CURLING
13,85,74.8,-7.1,0,False,CURLING
13,86,75.9,-7.0,14,False,CURLING
13,87,76.9,-7.0,147,False,CURLING
13,88,77.9,-6.9,342,False,CURLING
13,89,78.9,-6.8,532,False,CURLING
13,90,79.9,-6.6,647,False,CURLING
13,91,80.9,-6.3,752,True,CURLING
13,92,81.8,-6.2,911,True,TOP
13,93,82.6,-6.1,983,True,TOP
13,94,83.5,-6.0,1275,True,TOP
13,95,84.6,-6.0,1403,True,TOP
13,96,85.8,-5.8,1151,True,TOP
13,97,86.7,-5.6,858,True,TOP
13,98,87.5,-5.5,557,True,TOP
13,99,88.3,-5.3,240,False,TOP
13,100,89.0,-5.1,4,False,TOP
13,101,89.6,-4.9,0,False,TOP
13,102,90.4,-4.7,0,False,TOP
13,103,91.1,-4.6,0,False,TOP
13,104,91.8,-4.6,0,False,TOP
13,105,92.5,-4.5,0,False,TOP
13,106,93.3,-4.4,3,False,TOP
13,107,94.0,-4.3,118,False,TOP
13,108,94.7,-4.2,290,False,TOP
13,109,95.3,-4.1,478,False,TOP
13,110,96.0,-3.9,622,True,TOP
13,111,96.7,-3.7,765,True,TOP
13,112,97.2,-3.6,897,True,TOP
13,113,97.7,-3.7,986,True,TOP
13,114,98.0,-3.7,1274,True,TOP
13,115,98.4,-3.6,1408,True,TOP
13,116,98.7,-3.5,1208,True,TOP
13,117,99.0,-3.6,933,True,TOP
13,118,99.4,-3.5,613,True,TOP
13,119,99.7,-3.5,309,False,TOP
13,120,100.2,-3.4,86,False,TOP
13,121,100.7,-3.4,0,False,TOP
13,122,101.3,-3.4,0,False,TOP
13,123,101.9,-3.3,0,False,TOP
13,124,102.7,-3.1,0,False,TOP
13,125,103.4,-2.9,0,False,TOP
13,126,104.0,-2.7,0,False,TOP
13,127,104.6,-2.6,64,False,TOP
13,128,105.2,-2.4,256,False,TOP
13,129,105.7,-2.1,405,False,TOP
13,130,106.0,-2.1,576,True,TOP
13,131,106.3,-2.0,739,True,TOP
13,132,106.5,-2.0,883,True,TOP
13,133,106.8,-2.0,959,True,TOP
13,134,107.0,-2.0,1210,True,TOP
13,135,107.3,-2.0,1350,True,TOP
13,136,107.6,-1.9,1284,True,TOP
13,137,108.0,-1.9,1009,True,TOP
13,138,108.4,-1.8,686,True,TOP
13,139,108.8,-1.8,369,False,TOP
13,140,109.3,-1.7,113,False,TOP
13,141,109.7,-1.4,0,False,TOP
13,142,110.2,-1.3,0,False,TOP
13,143,110.7,-1.2,0,False,TOP
13,144,111.2,-1.1,0,False,TOP
13,145,111.7,-1.0,0,False,TOP
13,146,112.1,-0.7,0,False,TOP
13,147,112.6,-0.5,39,False,TOP
13,148,113.1,-0.3,208,False,TOP
13,149,113.8,-0.0,384,False,TOP
13,150,114.4,0.1,536,True,TOP
13,151,114.8,0.3,668,True,TOP
13,152,115.3,0.5,782,True,TOP
13,153,115.8,0.6,860,True,TOP
13,154,116.2,0.8,1017,True,TOP
13,155,116.8,1.1,1207,True,TOP
13,156,117.3,1.3,1220,True,TOP
13,157,117.8,1.6,949,True,TOP
13,158,118.4,2.0,650,True,TOP
13,159,119.1,2.2,354,False,TOP
13,160,119.9,2.5,80,False,TOP
13,161,120.6,2.8,0,False,TOP
13,162,121.2,3.1,0,False,TOP
13,163,121.8,3.3,0,False,TOP
13,164,122.3,3.5,0,False,TOP
13,165,122.9,3.8,0,False,TOP
13,166,123.4,4.0,0,False,TOP
13,167,124.0,4.2,41,False,TOP
13,168,124.5,4.4,156,False,TOP
13,169,124.9,4.5,325,False,TOP
13,170,125.4,4.5,479,False,TOP
13,171,125.8,4.5,575,True,TOP
13,172,126.3,4.5,662,True,TOP
13,173,126.6,4.5,752,True,TOP
13,174,126.9,4.5,797,True,TOP
13,175,127.2,4.6,1008,True,TOP
13,176,127.5,4.7,1104,True,TOP
13,177,127.8,4.7,832,True,TOP
13,178,128.2,4.9,595,True,TOP
13,179,128.6,5.1,293,False,TOP
13,180,128.9,5.4,59,False,TOP
13,181,129.3,5.6,0,False,TOP
13,182,129.4,5.9,0,False,TOP
13,183,129.6,6.3,0,False,TOP
13,184,130.0,6.5,0,False,TOP
13,185,130.3,6.8,0,False,TOP
13,186,130.6,6.9,0,False,TOP
13,187,130.8,7.1,13,False,TOP
13,188,131.2,7.4,96,False,TOP
13,189,131.5,7.5,267,False,TOP
13,190,131.7,7.8,418,False,TOP
13,191,131.9,8.0,493,False,TOP
13,192,132.0,8.4,591,True,TOP
13,193,132.5,8.6,701,True,TOP
13,194,132.8,8.9,727,True,TOP
13,195,133.3,9.3,928,True,TOP
13,196,133.8,9.8,1034,True,TOP
13,197,134.1,10.1,796,True,TOP
13,198,134.5,10.3,561,True,TOP
13,199,134.9,10.5,318,False,TOP
13,200,135.3,10.6,80,False,TOP
13,201,135.5,10.5,0,False,TOP
13,202,135.8,10.4,0,False,TOP
13,203,135.9,10.4,0,False,TOP
13,204,136.1,10.4,0,False,TOP
13,205,136.3,10.5,0,False,TOP
13,206,136.4,10.5,0,False,TOP
13,207,136.4,10.5,0,False,TOP
13,208,136.7,10.6,51,False,TOP
13,209,136.9,10.6,188,False,TOP
13,210,137.1,10.7,327,False,TOP
13,211,137.3,10.8,415,False,TOP
13,212,137.4,10.8,523,True,TOP
13,213,137.5,10.8,624,True,TOP
13,214,137.5,10.9,638,True,TOP
13,215,137.6,10.9,816,True,TOP
13,216,137.6,10.9,891,True,TOP
13,217,137.7,10.9,762,True,TOP
13,218,137.7,10.9,580,True,TOP
13,219,137.8,10.9,341,False,TOP
13,220,137.9,11.0,118,False,TOP
13,221,138.0,11.0,0,False,TOP
13,222,138.0,11.1,0,False,TOP
13,223,138.0,11.0,0,False,TOP
13,224,138.0,11.0,0,False,TOP
13,225,138.0,11.0,0,False,TOP
13,226,138.1,11.0,0,False,TOP
13,227,138.2,11.0,0,False,TOP
13,228,138.2,11.1,17,False,TOP
13,229,138.2,11.1,167,False,TOP
13,230,138.3,11.1,305,False,TOP
13,231,138.3,11.1,389,False,TOP
13,232,138.3,11.2,494,False,TOP
13,233,138.4,11.2,603,True,TOP
13,234,138.4,11.2,645,True,TOP
13,235,138.3,11.2,825,True,TOP
13,236,138.3,11.1,923,True,TOP
13,237,138.3,11.1,875,True,TOP
13,238,138.3,11.0,666,True,TOP
13,239,138.3,11.0,405,False,TOP
13,240,138.4,11.1,173,False,TOP
13,241,138.3,11.1,0,False,TOP
13,242,138.3,11.1,0,False,TOP
13,243,138.3,11.1,0,False,TOP
13,244,138.3,11.1,0,False,TOP
13,245,138.4,11.1,0,False,TOP
13,246,138.4,11.1,0,False,TOP
13,247,138.5,11.0,0,False,TOP
13,248,138.5,11.0,13,False,TOP
13,249,138.6,11.0,129,False,TOP
13,250,138.6,11.0,259,False,TOP
13,251,138.6,11.0,387,False,TOP
13,252,138.6,11.0,492,False,TOP
13,253,138.6,10.9,578,True,TOP
13,254,138.5,10.9,655,True,TOP
13,255,138.5,10.8,740,True,TOP
13,256,138.5,10.8,929,True,TOP
13,257,138.6,10.9,969,True,TOP
13,258,138.6,10.9,716,True,TOP
13,259,138.6,10.9,481,False,TOP
13,260,138.7,10.8,227,False,TOP
13,261,138.6,10.8,0,False,TOP
13,262,138.7,10.8,0,False,TOP
13,263,138.7,10.8,0,False,TOP
13,264,138.7,10.8,0,False,TOP
13,265,138.6,10.8,0,False,TOP
13,266,138.5,10.9,0,False,TOP
13,267,138.5,11.0,0,False,TOP
13,268,138.4,11.0,10,False,TOP
13,269,138.4,11.0,99,False,TOP
13,270,138.4,10.9,240,False,TOP
13,271,138.4,10.8,369,False,TOP
13,272,138.4,10.7,470,False,TOP
13,273,138.4,10.6,559,True,TOP
13,274,138.3,10.5,642,True,TOP
13,275,138.3,10.5,694,True,TOP
13,276,138.3,10.5,903,True,TOP
13,277,138.3,10.4,987,True,TOP
13,278,138.3,10.5,741,True,TOP
13,279,138.4,10.6,547,True,TOP
13,280,138.4,10.5,285,False,TOP
13,281,138.4,10.5,55,False,TOP
13,282,138.4,10.4,0,False,TOP
13,283,138.3,10.4,0,False,TOP
13,284,138.2,10.3,0,False,TOP
13,285,138.1,10.2,0,False,TOP
13,286,138.0,10.1,0,False,TOP
13,287,138.0,10.1,0,False,TOP
13,288,138.0,10.0,0,False,TOP
13,289,138.1,10.0,65,False,TOP
13,290,138.0,10.0,209,False,TOP
13,291,138.0,10.1,339,False,TOP
13,292,137.9,10.2,421,False,TOP
13,293,137.9,10.2,538,True,TOP
13,294,137.9,10.3,639,True,TOP
13,295,137.8,10.3,670,True,TOP
13,296,137.8,10.3,893,True,TOP
13,297,137.8,10.2,976,True,TOP
13,298,137.9,10.2,805,True,TOP
13,299,137.9,10.2,601,True,TOP
13,300,137.9,10.2,352,False,TOP
13,301,137.9,10.2,113,False,TOP
13,302,137.9,10.2,0,False,TOP
13,303,137.9,10.1,0,False,TOP
13,304,137.8,10.2,0,False,TOP
13,305,137.8,10.1,0,False,TOP
13,306,137.8,10.1,0,False,TOP
13,307,137.8,10.1,0,False,TOP
13,308,137.8,10.0,0,False,TOP
13,309,137.8,9.9,26,False,TOP
13,310,137.8,10.0,175,False,TOP
13,311,137.8,9.9,304,False,TOP
13,312,137.8,9.9,407,False,TOP
13,313,137.7,9.9,507,True,TOP
13,314,137.7,9.9,630,True,TOP
13,315,137.6,9.9,661,True,TOP
13,316,137.6,9.9,860,True,TOP
13,317,137.6,9.8,960,True,TOP
13,318,137.6,9.8,873,True,TOP
13,319,137.5,9.7,666,True,TOP
13,320,137.5,9.7,410,False,TOP
13,321,137.4,9.7,163,False,TOP
13,322,137.4,9.7,0,False,TOP
13,323,137.3,9.7,0,False,TOP
13,324,137.2,9.7,0,False,TOP
13,325,137.1,9.7,0,False,TOP
13,326,137.0,9.6,0,False,TOP
13,327,136.8,9.7,0,False,TOP
13,328,136.7,9.7,0,False,TOP
13,329,136.3,9.9,13,False,TOP
13,330,136.0,9.9,150,False,TOP
13,331,135.9,9.8,273,False,TOP
13,332,135.5,9.6,392,False,TOP
13,333,135.5,9.4,497,False,TOP
13,334,135.4,9.3,601,True,TOP
13,335,135.3,9.3,661,True,TOP
13,336,135.2,9.3,796,True,TOP
13,337,134.9,9.3,940,True,TOP
13,338,134.6,9.2,950,True,TOP
13,339,134.2,9.1,719,True,TOP
13,340,133.7,9.0,474,False,TOP
13,341,133.1,8.8,212,False,TOP
13,342,132.5,8.6,5,False,TOP
13,343,131.8,8.4,0,False,TOP
13,344,131.1,8.1,0,False,TOP
13,345,130.3,7.8,0,False,TOP
13,346,129.4,7.6,0,False,TOP
13,347,128.6,7.4,0,False,TOP
13,348,127.9,7.2,0,False,TOP
13,349,127.1,6.9,1,False,TOP
13,350,126.1,6.7,119,False,TOP
13,351,125.1,6.7,255,False,TOP
13,352,124.2,6.5,399,False,TOP
13,353,123.4,6.3,503,True,TOP
13,354,122.4,5.8,601,True,TOP
13,355,121.2,5.6,686,True,TOP
13,356,119.9,5.5,738,True,TOP
13,357,119.3,5.4,965,True,TOP
13,358,118.4,4.8,1054,True,TOP
13,359,117.3,4.4,795,True,TOP
13,360,115.8,4.2,573,True,TOP
13,361,114.3,4.3,307,False,TOP
13,362,113.1,4.1,46,False,TOP
13,363,112.2,3.6,0,False,TOP
13,364,110.8,3.3,0,False,TOP
13,365,109.1,3.1,0,False,TOP
13,366,107.5,3.1,0,False,TOP
13,367,106.5,2.8,0,False,TOP
13,368,105.4,2.4,0,False,TOP
13,369,103.9,2.1,4,False,TOP
13,370,102.5,1.9,82,False,TOP
13,371,101.2,1.8,225,False,TOP
13,372,100.2,1.6,373,False,TOP
13,373,98.9,1.4,474,False,TOP
13,374,97.5,1.3,591,True,TOP
13,375,96.1,1.3,704,True,TOP
13,376,94.8,1.2,754,True,TOP
13,377,93.7,1.0,967,True,TOP
13,378,92.4,0.8,1055,True,TOP
13,379,91.0,0.6,862,True,TOP
13,380,89.6,0.6,652,True,TOP
13,381,88.4,0.4,379,False,TOP
13,382,87.1,0.1,109,False,TOP
13,383,85.5,-0.1,0,False,TOP
13,384,83.9,-0.1,0,False,TOP
13,385,82.4,-0.2,0,False,TOP
13,386,80.9,-0.5,0,False,TOP
13,387,79.3,-0.6,0,False,TOP
13,388,77.7,-0.6,0,False,TOP
13,389,76.1,-0.8,0,False,TOP
13,390,74.5,-0.9,64,False,TOP
13,391,72.8,-1.1,219,False,TOP
13,392,71.0,-1.1,368,False,TOP
13,393,69.3,-1.1,496,False,TOP
13,394,67.8,-1.2,614,False,TOP
13,395,66.1,-1.5,725,False,TOP
13,396,64.3,-1.5,777,False,TOP
13,397,62.5,-1.3,1002,False,TOP
13,398,61.0,-1.4,1131,False,TOP
13,399,59.3,-1.6,1010,False,TOP
13,400,57.5,-1.8,787,False,TOP
13,401,55.8,-1.7,478,False,TOP
13,402,54.2,-1.8,211,False,TOP
13,403,52.6,-2.0,14,False,TOP
13,404,50.9,-2.1,0,False,TOP
13,405,49.3,-2.2,0,False,TOP
13,406,47.8,-2.2,0,False,TOP
13,407,46.2,-2.3,0,False,TOP
13,408,44.7,-2.4,0,False,TOP
13,409,43.4,-2.4,0,False,TOP
13,410,42.0,-2.5,25,False,TOP
13,411,40.7,-2.5,194,False,TOP
13,412,39.4,-2.5,348,False,TOP
13,413,38.3,-2.5,485,False,TOP
13,414,37.1,-2.4,611,False,TOP
13,415,35.9,-2.4,738,False,TOP
13,416,34.5,-2.4,813,False,TOP
13,417,33.0,-2.3,1008,False,TOP
13,418,31.5,-2.3,1174,False,TOP
13,419,30.2,-2.3,1182,False,TOP
13,420,29.1,-2.2,930,False,TOP
13,421,27.9,-2.1,656,False,TOP
13,422,26.7,-2.2,367,False,TOP
13,423,25.4,-2.2,82,False,TOP
13,424,24.2,-2.3,0,False,TOP
13,425,23.2,-2.4,0,False,TOP
13,426,22.1,-2.3,0,False,TOP
13,427,20.9,-2.4,0,False,TOP
13,428,20.0,-2.5,0,False,TOP
13,429,18.5,-2.5,1050,False,DOWN
13,430,17.4,-2.6,753,False,DOWN
13,431,16.0,-2.6,427,False,DOWN
13,432,14.9,-2.5,167,False,DOWN
13,433,13.8,-2.5,0,False,DOWN
13,434,12.8,-2.4,0,False,DOWN
13,435,11.7,-2.3,0,False,DOWN
13,436,10.6,-2.2,0,False,DOWN
13,437,9.1,-2.1,0,False,DOWN
13,438,8.0,-2.0,0,False,DOWN
13,439,7.0,-2.0,25,False,DOWN
13,440,6.2,-2.1,176,False,DOWN
13,441,5.2,-2.3,437,False,DOWN
13,442,4.4,-2.4,673,False,DOWN
13,443,3.6,-2.4,874,False,DOWN
13,444,2.6,-2.6,1076,False,DOWN
13,445,1.7,-2.5,1259,False,DOWN
13,446,1.0,-2.6,1361,False,DOWN
13,447,0.2,-2.7,1707,False,DOWN
13,448,-0.7,-2.5,1874,False,DOWN
13,449,-1.3,-2.5,1597,False,DOWN
13,450,-2.1,-2.3,1264,False,DOWN
13,451,-2.8,-2.2,857,False,DOWN
13,452,-3.4,-2.1,454,False,DOWN
13,453,-3.9,-2.0,168,False,DOWN
13,454,-4.6,-1.8,0,False,DOWN
13,455,-5.2,-1.7,0,False,DOWN
13,456,-5.8,-1.6,0,False,DOWN
13,457,-6.4,-1.6,0,False,DOWN
13,458,-7.0,-1.5,0,False,DOWN
13,459,-7.4,-1.6,3,False,DOWN
13,460,-7.8,-1.5,135,False,DOWN
13,461,-8.1,-1.5,362,False,DOWN
13,462,-8.5,-1.4,601,False,DOWN
13,463,-8.9,-1.3,778,False,DOWN
13,464,-9.3,-1.2,965,False,DOWN
13,465,-9.6,-1.3,1169,False,DOWN
13,466,-10.0,-1.3,1271,False,DOWN
13,467,-10.3,-1.3,1614,False,DOWN
13,468,-10.6,-1.3,1805,False,DOWN
13,469,-10.7,-1.2,1603,False,DOWN
13,470,-10.9,-1.2,1311,False,DOWN
13,471,-10.9,-1.3,942,False,DOWN
13,472,-10.9,-1.4,562,False,DOWN
13,473,-11.1,-1.5,237,False,DOWN
13,474,-11.2,-1.6,0,False,DOWN
13,475,-11.2,-1.6,0,False,DOWN
13,476,-11.5,-1.7,0,False,DOWN
13,477,-11.6,-1.7,0,False,DOWN
13,478,-11.6,-1.8,0,False,DOWN
13,479,-11.6,-1.9,0,False,DOWN
13,480,-11.7,-1.9,80,False,DOWN
13,481,-11.6,-2.1,327,False,DOWN
13,482,-11.7,-2.1,578,False,DOWN
13,483,-11.7,-2.1,790,False,DOWN
13,484,-11.8,-2.2,963,False,DOWN
13,485,-11.9,-2.3,1157,False,DOWN
13,486,-11.9,-2.4,1333,False,DOWN
13,487,-11.9,-2.4,1671,False,DOWN
13,488,-12.0,-2.5,1872,False,DOWN
13,489,-12.0,-2.5,1819,False,DOWN
13,490,-12.1,-2.6,1535,False,DOWN
13,491,-12.1,-2.6,1143,False,DOWN
13,492,-12.1,-2.6,729,False,DOWN
13,493,-12.1,-2.7,347,False,DOWN
13,494,-12.1,-2.7,16,False,DOWN
13,495,-12.1,-2.7,0,False,DOWN
13,496,-11.9,-2.8,0,False,DOWN
13,497,-11.9,-2.8,0,False,DOWN
13,498,-11.9,-2.8,0,False,DOWN
13,499,-11.9,-2.8,0,False,DOWN
13,500,-11.9,-2.9,64,False,DOWN
13,501,-11.9,-2.9,294,False,DOWN
13,502,-11.8,-3.0,558,False,DOWN
13,503,-11.8,-3.0,810,False,DOWN
13,504,-11.7,-3.0,1040,False,DOWN
13,505,-11.7,-3.0,1284,False,DOWN
13,506,-11.7,-3.0,1458,False,DOWN
13,507,-11.7,-3.1,1744,False,DOWN
13,508,-11.6,-3.2,2096,False,DOWN
13,509,-11.5,-3.2,2255,False,DOWN
13,510,-11.4,-3.2,1888,False,DOWN
13,511,-11.3,-3.2,1478,False,DOWN
13,512,-11.3,-3.2,1053,False,DOWN
13,513,-11.4,-3.3,599,False,DOWN
13,514,-11.4,-3.2,216,False,DOWN
13,515,-11.4,-3.2,0,False,DOWN
13,516,-11.5,-3.2,0,False,DOWN
13,517,-11.5,-3.2,0,False,DOWN
13,518,-11.5,-3.2,0,False,DOWN
13,519,-11.5,-3.2,0,False,DOWN
14,0,-1.4,-9.0,4095,False,DOWN
14,1,-1.3,-9.0,4095,False,DOWN
14,2,-1.3,-9.1,3367,False,DOWN
14,3,-1.2,-9.1,2463,False,DOWN
14,4,-1.1,-9.3,1756,False,DOWN
14,5,-1.1,-9.3,887,False,DOWN
14,6,-1.2,-9.4,287,False,DOWN
14,7,-1.3,-9.4,0,False,DOWN
14,8,-1.3,-9.3,0,False,DOWN
14,9,-1.3,-9.3,0,False,DOWN
14,10,-1.2,-9.3,0,False,DOWN
14,11,-1.1,-9.3,0,False,DOWN
14,12,-1.1,-9.2,227,False,DOWN
14,13,-1.0,-9.1,560,False,DOWN
14,14,-1.0,-9.0,1091,False,DOWN
14,15,-0.9,-9.0,1657,False,DOWN
14,16,-0.8,-9.0,2121,False,DOWN
14,17,-0.5,-9.1,2527,False,DOWN
14,18,-0.2,-9.1,2832,False,DOWN
14,19,0.2,-9.1,3152,False,DOWN
14,20,0.7,-9.3,3690,False,DOWN
14,21,1.3,-9.4,3978,False,DOWN
14,22,1.9,-9.7,2925,False,DOWN
14,23,2.6,-9.7,2391,False,DOWN
14,24,3.0,-9.5,1669,False,DOWN
14,25,3.5,-9.3,1038,False,DOWN
14,26,3.8,-9.0,443,False,DOWN
14,27,4.3,-8.7,0,False,DOWN
14,28,4.8,-8.6,0,False,DOWN
14,29,5.3,-8.5,0,False,DOWN
14,30,5.9,-8.3,0,False,DOWN
14,31,6.5,-8.1,0,False,DOWN
14,32,7.6,-7.8,292,False,DOWN
14,33,8.7,-7.4,671,False,DOWN
14,34,9.3,-7.6,1247,False,DOWN
14,35,9.9,-7.4,1813,False,DOWN
14,36,10.6,-7.2,2300,False,DOWN
14,37,11.2,-7.2,2753,False,DOWN
14,38,11.9,-7.2,3123,False,DOWN
14,39,12.4,-7.2,3466,False,DOWN
14,40,12.8,-7.1,4095,False,DOWN
14,41,13.4,-7.0,4095,False,DOWN
14,42,14.0,-7.0,3116,False,DOWN
14,43,14.7,-7.0,2238,False,DOWN
14,44,15.5,-6.9,1584,False,DOWN
14,45,16.4,-7.0,795,False,DOWN
14,46,17.4,-6.9,86,False,DOWN
14,47,18.5,-6.9,0,False,DOWN
14,48,19.5,-6.9,0,False,DOWN
14,49,20.6,-6.8,0,False,DOWN
14,50,21.7,-6.7,0,False,DOWN
14,51,22.7,-6.5,0,False,DOWN
14,52,23.8,-6.5,367,False,DOWN
14,53,24.7,-6.3,828,False,DOWN
14,54,25.6,-6.2,1667,False,DOWN
14,55,26.6,-6.1,2325,False,DOWN
14,56,27.5,-6.0,2956,False,DOWN
14,57,28.4,-5.9,3455,False,DOWN
14,58,29.4,-5.8,3699,False,DOWN
14,59,30.4,-5.8,4095,False,DOWN
14,60,31.2,-5.8,4095,False,CURLING
14,61,32.1,-5.9,4095,False,CURLING
14,62,33.1,-5.9,3152,False,CURLING
14,63,33.8,-5.9,2161,False,CURLING
14,64,34.6,-5.9,1396,False,CURLING
14,65,35.4,-6.0,527,False,CURLING
14,66,36.3,-6.0,0,False,CURLING
14,67,37.1,-6.1,0,False,CURLING
14,68,37.8,-6.2,0,False,CURLING
14,69,38.7,-6.3,0,False,CURLING
14,70,39.6,-6.4,0,False,CURLING
14,71,40.3,-6.5,0,False,CURLING
14,72,41.1,-6.4,400,False,CURLING
14,73,41.9,-6.4,962,False,CURLING
14,74,42.7,-6.4,1676,False,CURLING
14,75,43.5,-6.4,2352,False,CURLING
14,76,44.4,-6.4,2896,False,CURLING
14,77,45.3,-6.4,3423,False,CURLING
14,78,46.2,-6.4,3621,False,CURLING
14,79,46.9,-6.4,4095,False,CURLING
14,80,47.7,-6.3,4095,False,CURLING
14,81,48.5,-6.2,4074,False,CURLING
14,82,49.3,-6.2,2951,False,CURLING
14,83,50.1,-6.2,2178,False,CURLING
14,84,50.9,-6.2,1223,False,CURLING
14,85,51.7,-6.2,482,False,CURLING
14,86,52.5,-6.1,0,False,CURLING
14,87,53.3,-6.2,0,False,CURLING
14,88,54.2,-6.1,0,False,CURLING
14,89,55.0,-6.1,0,False,CURLING
14,90,55.8,-6.0,0,False,CURLING
14,91,56.5,-6.0,0,False,CURLING
14,92,57.3,-6.0,389,False,CURLING
14,93,58.1,-6.0,1022,False,CURLING
14,94,58.7,-5.9,1709,False,CURLING
14,95,59.5,-5.9,2350,False,CURLING
14,96,60.2,-5.9,2910,False,CURLING
14,97,61.1,-6.0,3465,False,CURLING
14,98,61.9,-5.9,3637,False,CURLING
14,99,62.9,-5.9,4095,False,CURLING
14,100,63.7,-5.9,4095,False,CURLING
14,101,64.6,-5.8,3884,False,CURLING
14,102,65.6,-5.9,3038,False,CURLING
14,103,66.4,-5.9,2103,False,CURLING
14,104,67.2,-5.8,1232,False,CURLING
14,105,68.0,-5.8,241,False,CURLING
14,106,68.8,-5.7,0,False,CURLING
14,107,69.7,-5.7,0,False,CURLING
14,108,70.5,-5.7,0,False,CURLING
14,109,71.3,-5.6,0,False,CURLING
14,110,72.1,-5.6,0,False,CURLING
14,111,72.9,-5.5,16,False,CURLING
14,112,73.7,-5.5,368,False,CURLING
14,113,74.5,-5.4,1049,False,CURLING
14,114,75.4,-5.4,1775,False,CURLING
14,115,76.3,-5.3,2371,False,CURLING
14,116,77.2,-5.2,2929,False,CURLING
14,117,78.0,-5.1,3410,False,CURLING
14,118,79.0,-4.9,3578,False,CURLING
14,119,79.9,-4.9,4095,False,CURLING
14,120,80.7,-4.8,4095,True,CURLING
14,121,81.5,-4.7,3760,True,TOP
14,122,82.4,-4.6,2935,True,TOP
14,123,83.2,-4.4,1983,True,TOP
14,124,84.0,-4.2,1039,True,TOP
14,125,84.7,-4.2,351,False,TOP
14,126,85.4,-4.2,0,False,TOP
14,127,86.0,-4.1,0,False,TOP
14,128,86.5,-4.0,0,False,TOP
14,129,87.2,-3.9,0,False,TOP
14,130,87.7,-3.9,0,False,TOP
14,131,88.3,-3.9,64,False,TOP
14,132,89.0,-3.9,401,False,TOP
14,133,89.6,-3.8,1070,True,TOP
14,134,90.3,-3.8,1766,True,TOP
14,135,91.0,-3.8,2371,True,TOP
14,136,91.6,-3.9,2877,True,TOP
14,137,92.2,-4.0,3459,True,TOP
14,138,93.0,-3.8,3643,True,TOP
14,139,93.8,-3.7,4095,True,TOP
14,140,94.5,-3.5,4095,True,TOP
14,141,95.1,-3.3,3711,True,TOP
14,142,95.7,-3.2,2860,True,TOP
14,143,96.3,-3.2,2031,True,TOP
14,144,96.9,-3.2,1171,True,TOP
14,145,97.5,-3.1,418,False,TOP
14,146,98.1,-3.1,0,False,TOP
14,147,98.7,-3.1,0,False,TOP
14,148,99.3,-3.0,0,False,TOP
14,149,99.9,-2.9,0,False,TOP
14,150,100.5,-2.8,0,False,TOP
14,151,101.0,-2.7,80,False,TOP
14,152,101.5,-2.7,403,False,TOP
14,153,102.0,-2.6,1110,True,TOP
14,154,102.4,-2.5,1775,True,TOP
14,155,102.9,-2.5,2352,True,TOP
14,156,103.3,-2.5,2885,True,TOP
14,157,103.8,-2.4,3403,True,TOP
14,158,104.2,-2.4,3537,True,TOP
14,159,104.7,-2.3,4095,True,TOP
14,160,105.2,-2.3,4095,True,TOP
14,161,105.7,-2.2,3600,True,TOP
14,162,106.1,-2.1,2820,True,TOP
14,163,106.6,-2.1,2000,True,TOP
14,164,107.1,-2.1,1017,True,TOP
14,165,107.5,-2.1,322,False,TOP
14,166,108.0,-2.1,0,False,TOP
14,167,108.4,-1.9,0,False,TOP
14,168,108.9,-1.9,0,False,TOP
14,169,109.2,-1.8,0,False,TOP
14,170,109.7,-1.7,0,False,TOP
14,171,110.1,-1.6,101,False,TOP
14,172,110.5,-1.5,417,False,TOP
14,173,110.9,-1.4,1104,True,TOP
14,174,111.3,-1.3,1794,True,TOP
14,175,111.6,-1.3,2326,True,TOP
14,176,112.1,-1.3,2861,True,TOP
14,177,112.3,-1.3,3392,True,TOP
14,178,112.7,-1.2,3566,True,TOP
14,179,113.1,-1.2,4095,True,TOP
14,180,113.5,-1.1,4095,True,TOP
14,181,113.9,-1.1,3679,True,TOP
14,182,114.3,-1.1,2791,True,TOP
14,183,114.8,-1.0,2002,True,TOP
14,184,115.3,-0.9,1002,True,TOP
14,185,115.7,-1.0,331,False,TOP
14,186,116.1,-0.9,0,False,TOP
14,187,116.5,-0.8,0,False,TOP
14,188,116.9,-0.8,0,False,TOP
14,189,117.3,-0.7,0,False,TOP
14,190,117.7,-0.6,0,False,TOP
14,191,117.8,-0.6,168,False,TOP
14,192,118.0,-0.6,489,False,TOP
14,193,118.2,-0.5,1130,True,TOP
14,194,118.4,-0.5,1796,True,TOP
14,195,118.5,-0.4,2320,True,TOP
14,196,118.7,-0.3,2863,True,TOP
14,197,118.9,-0.3,3295,True,TOP
14,198,119.1,-0.3,3459,True,TOP
14,199,119.3,-0.3,4095,True,TOP
14,200,119.5,-0.3,4095,True,TOP
14,201,119.6,-0.2,3472,True,TOP
14,202,119.7,-0.1,2800,True,TOP
14,203,119.9,-0.1,1941,True,TOP
14,204,119.9,-0.1,1071,True,TOP
14,205,120.1,-0.1,206,False,TOP
14,206,120.2,-0.1,0,False,TOP
14,207,120.3,-0.1,0,False,TOP
14,208,120.4,-0.1,0,False,TOP
14,209,120.5,-0.0,0,False,TOP
14,210,120.6,0.0,0,False,TOP
14,211,120.6,-0.0,130,False,TOP
14,212,120.7,0.0,498,False,TOP
14,213,120.8,0.1,1147,True,TOP
14,214,120.9,0.1,1796,True,TOP
14,215,120.9,0.2,2307,True,TOP
14,216,121.0,0.2,2827,True,TOP
14,217,121.1,0.3,3316,True,TOP
14,218,121.1,0.3,3408,True,TOP
14,219,121.2,0.3,4095,True,TOP
14,220,121.3,0.4,4095,True,TOP
14,221,121.3,0.5,3383,True,TOP
14,222,121.4,0.5,2682,True,TOP
14,223,121.5,0.5,1667,True,TOP
14,224,121.5,0.6,984,True,TOP
14,225,121.5,0.6,239,False,TOP
14,226,121.6,0.5,0,False,TOP
14,227,121.6,0.5,0,False,TOP
14,228,121.6,0.6,0,False,TOP
14,229,121.7,0.7,0,False,TOP
14,230,121.6,0.7,0,False,TOP
14,231,121.6,0.7,161,False,TOP
14,232,121.6,0.7,541,True,TOP
14,233,121.6,0.7,1175,True,TOP
14,234,121.6,0.7,1843,True,TOP
14,235,121.7,0.7,2345,True,TOP
14,236,121.7,0.8,2831,True,TOP
14,237,121.7,0.9,3311,True,TOP
14,238,121.7,0.9,3517,True,TOP
14,239,121.8,0.9,4095,True,TOP
14,240,121.8,1.0,4095,True,TOP
14,241,121.8,0.9,3156,True,TOP
14,242,121.8,0.9,2608,True,TOP
14,243,121.8,0.9,1763,True,TOP
14,244,121.8,0.9,896,True,TOP
14,245,121.8,0.9,347,False,TOP
14,246,121.9,0.9,0,False,TOP
14,247,121.9,1.0,0,False,TOP
14,248,122.0,1.0,0,False,TOP
14,249,122.1,1.0,0,False,TOP
14,250,122.1,1.0,0,False,TOP
14,251,122.1,1.0,195,False,TOP
14,252,122.1,1.0,540,True,TOP
14,253,122.0,0.9,1199,True,TOP
14,254,122.0,0.9,1859,True,TOP
14,255,122.1,0.9,2369,True,TOP
14,256,122.1,0.9,2870,True,TOP
14,257,122.1,1.0,3314,True,TOP
14,258,122.1,1.0,3521,True,TOP
14,259,122.1,0.9,4095,True,TOP
14,260,122.0,0.9,4095,True,TOP
14,261,122.0,0.9,3150,True,TOP
14,262,121.9,0.9,2673,True,TOP
14,263,121.9,0.9,1666,True,TOP
14,264,121.9,0.9,953,True,TOP
14,265,122.0,0.9,123,False,TOP
14,266,122.0,1.0,0,False,TOP
14,267,122.0,1.0,0,False,TOP
14,268,122.1,1.0,0,False,TOP
14,269,122.1,1.0,0,False,TOP
14,270,122.2,1.0,0,False,TOP
14,271,122.2,1.0,230,False,TOP
14,272,122.2,1.1,583,True,TOP
14,273,122.1,1.1,1270,True,TOP
14,274,122.1,1.2,1936,True,TOP
14,275,122.0,1.2,2445,True,TOP
14,276,122.0,1.2,2910,True,TOP
14,277,121.9,1.2,3381,True,TOP
14,278,121.9,1.1,3530,True,TOP
14,279,121.8,1.1,4059,True,TOP
14,280,121.7,1.1,4095,True,TOP
14,281,121.7,1.0,3218,True,TOP
14,282,121.7,1.0,2530,True,TOP
14,283,121.7,0.9,1712,True,TOP
14,284,121.8,0.9,668,True,TOP
14,285,121.9,0.9,174,False,TOP
14,286,122.1,1.0,0,False,TOP
14,287,122.2,1.0,0,False,TOP
14,288,122.4,1.0,0,False,TOP
14,289,122.5,1.0,0,False,TOP
14,290,122.7,1.0,0,False,TOP
14,291,122.9,1.0,246,False,TOP
14,292,123.1,1.1,607,True,TOP
14,293,123.2,1.0,1279,True,TOP
14,294,123.3,1.0,1935,True,TOP
14,295,123.4,1.1,2467,True,TOP
14,296,123.5,1.2,2937,True,TOP
14,297,123.6,1.2,3378,True,TOP
14,298,123.8,1.3,3611,True,TOP
14,299,124.0,1.5,4095,True,TOP
14,300,124.4,1.7,4048,True,TOP
14,301,125.1,1.6,3301,True,TOP
14,302,125.6,1.7,2410,True,TOP
14,303,126.2,1.8,1662,True,TOP
14,304,126.4,1.9,867,True,TOP
14,305,126.7,2.0,7,False,TOP
14,306,126.9,2.1,0,False,TOP
14,307,127.0,2.1,0,False,TOP
14,308,127.0,2.1,0,False,TOP
14,309,126.9,2.2,0,False,TOP
14,310,126.8,2.1,0,False,TOP
14,311,126.7,2.0,287,False,TOP
14,312,126.6,2.0,687,True,TOP
14,313,126.5,1.9,1338,True,TOP
14,314,126.5,1.9,1978,True,TOP
14,315,126.4,1.9,2510,True,TOP
14,316,126.3,1.9,2933,True,TOP
14,317,126.3,2.0,3365,True,TOP
14,318,126.2,2.0,3611,True,TOP
14,319,126.0,2.0,4095,True,TOP
14,320,125.7,2.1,4095,True,TOP
14,321,125.2,2.1,3132,True,TOP
14,322,124.7,2.1,2522,True,TOP
14,323,123.9,2.1,1567,True,TOP
14,324,123.1,2.1,560,True,TOP
14,325,122.1,2.0,82,False,TOP
14,326,121.0,1.8,0,False,TOP
14,327,119.8,1.5,0,False,TOP
14,328,118.5,1.2,0,False,TOP
14,329,117.1,0.9,0,False,TOP
14,330,115.7,0.5,0,False,TOP
14,331,114.5,0.2,330,False,TOP
14,332,113.1,-0.2,778,True,TOP
14,333,111.8,-0.3,1482,True,TOP
14,334,110.7,-0.5,2180,True,TOP
14,335,109.5,-0.9,2721,True,TOP
14,336,108.3,-1.1,3152,True,TOP
14,337,107.0,-1.2,3541,True,TOP
14,338,105.8,-1.4,3710,True,TOP
14,339,104.4,-2.0,4095,True,TOP
14,340,103.3,-2.2,3955,True,TOP
14,341,102.0,-2.4,3020,True,TOP
14,342,100.7,-2.5,2280,True,TOP
14,343,99.4,-3.0,1370,True,TOP
14,344,98.0,-3.0,639,True,TOP
14,345,96.4,-3.0,0,False,TOP
14,346,94.9,-3.0,0,False,TOP
14,347,93.4,-3.3,0,False,TOP
14,348,91.8,-3.4,0,False,TOP
14,349,90.0,-3.5,0,False,TOP
14,350,88.2,-3.5,0,False,TOP
14,351,86.4,-3.7,368,False,TOP
14,352,84.5,-4.0,846,True,TOP
14,353,82.6,-4.2,1575,True,TOP
14,354,80.7,-4.2,2250,True,TOP
14,355,79.1,-4.4,2790,False,TOP
14,356,77.5,-4.6,3281,False,TOP
14,357,75.9,-4.8,3632,False,TOP
14,358,74.4,-4.9,3869,False,TOP
14,359,72.9,-4.9,4095,False,TOP
14,360,71.5,-5.2,4095,False,TOP
14,361,70.0,-5.3,3148,False,TOP
14,362,68.4,-5.4,2288,False,TOP
14,363,66.7,-5.4,1372,False,TOP
14,364,65.2,-5.4,546,False,TOP
14,365,63.8,-5.7,0,False,TOP
14,366,62.1,-5.8,0,False,TOP
14,367,60.5,-5.9,0,False,TOP
14,368,59.0,-6.0,0,False,TOP
14,369,57.7,-6.1,0,False,TOP
14,370,56.3,-6.1,0,False,TOP
14,371,55.0,-6.1,386,False,TOP
14,372,53.6,-6.3,950,False,TOP
14,373,52.4,-6.3,1669,False,TOP
14,374,51.1,-6.4,2324,False,TOP
14,375,50.0,-6.5,2874,False,TOP
14,376,48.7,-6.5,3349,False,TOP
14,377,47.5,-6.5,3578,False,TOP
14,378,46.4,-6.4,4095,False,TOP
14,379,45.3,-6.4,4095,False,TOP
14,380,44.2,-6.4,3975,False,TOP
14,381,43.0,-6.3,2987,False,TOP
14,382,41.9,-6.4,2113,False,TOP
14,383,40.9,-6.5,1407,False,TOP
14,384,39.9,-6.6,403,False,TOP
14,385,39.0,-6.9,0,False,TOP
14,386,38.0,-6.9,0,False,TOP
14,387,37.1,-6.9,0,False,TOP
14,388,36.3,-7.0,0,False,TOP
14,389,35.3,-7.0,0,False,TOP
14,390,34.5,-6.9,1,False,TOP
14,391,33.9,-6.9,320,False,TOP
14,392,33.1,-7.0,784,False,TOP
14,393,32.3,-7.0,1287,False,TOP
14,394,31.4,-6.9,1717,False,TOP
14,395,30.5,-6.8,2111,False,TOP
14,396,29.6,-6.7,2467,False,TOP
14,397,28.7,-6.8,2654,False,TOP
14,398,27.9,-6.7,3142,False,TOP
14,399,26.8,-6.7,2954,False,TOP
14,400,26.4,-6.5,2822,False,TOP
14,401,25.8,-6.2,2352,False,TOP
14,402,25.1,-5.9,1781,False,TOP
14,403,24.5,-5.5,1213,False,TOP
14,404,23.9,-5.3,699,False,TOP
14,405,23.3,-5.0,226,False,TOP
14,406,22.8,-4.9,0,False,TOP
14,407,22.3,-4.6,0,False,TOP
14,408,21.7,-4.6,0,False,TOP
14,409,21.1,-4.5,0,False,TOP
14,410,20.5,-4.5,26,False,TOP
14,411,19.9,-4.4,187,False,TOP
14,412,19.3,-4.3,1181,False,DOWN
14,413,18.8,-4.4,689,False,DOWN
14,414,18.2,-4.4,212,False,DOWN
14,415,17.7,-4.4,0,False,DOWN
14,416,17.2,-4.4,0,False,DOWN
14,417,16.4,-4.4,0,False,DOWN
14,418,15.7,-4.3,0,False,DOWN
14,419,14.9,-4.2,62,False,DOWN
14,420,13.8,-4.1,230,False,DOWN
14,421,12.9,-4.1,673,False,DOWN
14,422,12.0,-4.1,1088,False,DOWN
14,423,11.0,-4.2,1467,False,DOWN
14,424,10.1,-4.4,1808,False,DOWN
14,425,9.2,-4.5,2178,False,DOWN
14,426,8.2,-4.6,2347,False,DOWN
14,427,7.3,-4.8,2874,False,DOWN
14,428,6.5,-4.8,3099,False,DOWN
14,429,5.5,-4.8,2806,False,DOWN
14,430,4.6,-4.8,2354,False,DOWN
14,431,3.8,-4.9,1763,False,DOWN
14,432,2.8,-5.0,1178,False,DOWN
14,433,2.0,-5.1,673,False,DOWN
14,434,1.3,-5.1,182,False,DOWN
14,435,0.2,-5.3,0,False,DOWN
14,436,-0.5,-5.3,0,False,DOWN
14,437,-1.0,-5.3,0,False,DOWN
14,438,-1.8,-5.1,0,False,DOWN
14,439,-2.2,-5.1,49,False,DOWN
14,440,-2.6,-4.9,240,False,DOWN
14,441,-3.3,-4.8,602,False,DOWN
14,442,-4.0,-4.6,995,False,DOWN
14,443,-4.6,-4.5,1317,False,DOWN
14,444,-5.2,-4.5,1662,False,DOWN
14,445,-5.8,-4.4,1988,False,DOWN
14,446,-6.3,-4.3,2198,False,DOWN
14,447,-6.8,-4.2,2720,False,DOWN
14,448,-7.3,-4.0,3009,False,DOWN
14,449,-7.8,-3.9,2694,False,DOWN
14,450,-8.1,-3.8,2257,False,DOWN
14,451,-8.5,-3.7,1737,False,DOWN
14,452,-8.8,-3.6,1182,False,DOWN
14,453,-8.8,-3.7,688,False,DOWN
14,454,-9.0,-3.6,221,False,DOWN
14,455,-9.1,-3.7,0,False,DOWN
14,456,-9.2,-3.7,0,False,DOWN
14,457,-9.2,-3.7,0,False,DOWN
14,458,-9.2,-3.8,0,False,DOWN
14,459,-9.1,-4.0,64,False,DOWN
14,460,-9.0,-4.2,241,False,DOWN
14,461,-8.7,-4.4,590,False,DOWN
14,462,-8.3,-4.7,960,False,DOWN
14,463,-7.9,-4.9,1269,False,DOWN
14,464,-7.4,-4.9,1609,False,DOWN
14,465,-7.1,-4.8,1959,False,DOWN
14,466,-7.0,-4.9,2124,False,DOWN
14,467,-7.2,-4.8,2632,False,DOWN
14,468,-7.2,-4.7,2925,False,DOWN
14,469,-7.3,-4.7,2559,False,DOWN
14,470,-7.3,-4.9,2165,False,DOWN
14,471,-7.3,-4.9,1625,False,DOWN
14,472,-7.3,-4.9,1073,False,DOWN
14,473,-7.4,-4.9,630,False,DOWN
14,474,-7.7,-5.2,173,False,DOWN
14,475,-7.8,-5.4,0,False,DOWN
14,476,-7.8,-5.5,0,False,DOWN
14,477,-7.9,-5.5,0,False,DOWN
14,478,-7.9,-5.5,0,False,DOWN
14,479,-8.0,-5.6,81,False,DOWN
14,480,-8.0,-5.8,274,False,DOWN
14,481,-8.0,-6.0,636,False,DOWN
14,482,-8.1,-6.1,1001,False,DOWN
14,483,-8.1,-6.3,1318,False,DOWN
14,484,-8.1,-6.5,1600,False,DOWN
14,485,-8.2,-6.7,1794,False,DOWN
14,486,-8.3,-6.7,1920,False,DOWN
14,487,-8.4,-6.9,2355,False,DOWN
14,488,-8.5,-7.1,2539,False,DOWN
14,489,-8.4,-7.2,2172,False,DOWN
14,490,-8.3,-7.2,1765,False,DOWN
14,491,-8.3,-7.3,1301,False,DOWN
14,492,-8.4,-7.3,817,False,DOWN
14,493,-8.2,-7.3,407,False,DOWN
14,494,-8.1,-7.2,20,False,DOWN
14,495,-8.2,-7.1,0,False,DOWN
14,496,-8.2,-7.0,0,False,DOWN
15,0,3.5,-8.1,409,False,DOWN
15,1,3.6,-8.1,1003,False,DOWN
15,2,3.7,-8.1,1630,False,DOWN
15,3,3.8,-8.2,2143,False,DOWN
15,4,3.8,-8.2,2673,False,DOWN
15,5,3.9,-8.3,3175,False,DOWN
15,6,4.0,-8.4,3419,False,DOWN
15,7,4.1,-8.4,4095,False,DOWN
15,8,4.1,-8.5,4095,False,DOWN
15,9,4.2,-8.5,3440,False,DOWN
15,10,4.3,-8.4,2754,False,DOWN
15,11,4.3,-8.4,2094,False,DOWN
15,12,4.3,-8.4,1066,False,DOWN
15,13,4.4,-8.3,599,False,DOWN
15,14,4.3,-8.2,0,False,DOWN
15,15,4.3,-8.2,0,False,DOWN
15,16,4.4,-8.3,0,False,DOWN
15,17,4.5,-8.4,0,False,DOWN
15,18,4.6,-8.4,0,False,DOWN
15,19,4.7,-8.4,113,False,DOWN
15,20,4.9,-8.5,394,False,DOWN
15,21,5.0,-8.6,941,False,DOWN
15,22,5.5,-8.5,1535,False,DOWN
15,23,5.9,-8.5,2041,False,DOWN
15,24,6.6,-8.5,2558,False,DOWN
15,25,6.9,-8.4,3068,False,DOWN
15,26,7.5,-8.3,3344,False,DOWN
15,27,7.8,-8.2,3959,False,DOWN
15,28,8.4,-7.9,4095,False,DOWN
15,29,9.1,-7.7,3392,False,DOWN
15,30,9.7,-7.5,2858,False,DOWN
15,31,10.2,-7.4,2138,False,DOWN
15,32,10.6,-7.2,1210,False,DOWN
15,33,11.0,-7.0,615,False,DOWN
15,34,11.6,-6.8,79,False,DOWN
15,35,12.2,-6.8,0,False,DOWN
15,36,12.7,-6.7,0,False,DOWN
15,37,13.3,-6.6,0,False,DOWN
15,38,14.0,-6.6,0,False,DOWN
15,39,14.7,-6.5,113,False,DOWN
15,40,15.2,-6.5,405,False,DOWN
15,41,15.9,-6.5,945,False,DOWN
15,42,16.4,-6.5,1573,False,DOWN
15,43,17.0,-6.5,2047,False,DOWN
15,44,17.6,-6.4,2578,False,DOWN
15,45,18.2,-6.4,3046,False,DOWN
15,46,18.7,-6.4,3298,False,DOWN
15,47,19.4,-6.3,4049,False,DOWN
15,48,19.9,-6.3,4095,False,DOWN
15,49,20.3,-6.3,3455,False,DOWN
15,50,20.8,-6.3,2801,False,DOWN
15,51,21.2,-6.2,2091,False,DOWN
15,52,21.7,-6.2,1389,False,DOWN
15,53,22.3,-6.2,651,False,DOWN
15,54,23.1,-6.2,98,False,DOWN
15,55,23.8,-6.2,0,False,DOWN
15,56,24.6,-6.1,0,False,DOWN
15,57,25.3,-6.0,0,False,DOWN
15,58,25.8,-6.0,0,False,DOWN
15,59,26.7,-5.9,122,False,DOWN
15,60,27.6,-5.8,373,False,DOWN
15,61,28.4,-5.8,902,False,DOWN
15,62,29.2,-5.7,1475,False,DOWN
15,63,30.0,-5.7,1968,False,DOWN
15,64,30.8,-5.5,2433,False,DOWN
15,65,31.8,-5.4,2927,False,CURLING
15,66,32.6,-5.4,3191,False,CURLING
15,67,33.5,-5.3,3920,False,CURLING
15,68,34.1,-5.2,4091,False,CURLING
15,69,34.9,-5.2,3379,False,CURLING
15,70,35.7,-5.2,2861,False,CURLING
15,71,36.7,-5.1,2145,False,CURLING
15,72,37.6,-5.1,1335,False,CURLING
15,73,38.5,-5.0,669,False,CURLING
15,74,39.4,-4.8,76,False,CURLING
15,75,40.2,-4.8,0,False,CURLING
15,76,41.1,-4.7,0,False,CURLING
15,77,42.0,-4.6,0,False,CURLING
15,78,43.0,-4.6,0,False,CURLING
15,79,43.8,-4.5,87,False,CURLING
15,80,44.7,-4.4,315,False,CURLING
15,81,45.6,-4.3,832,False,CURLING
15,82,46.5,-4.2,1365,False,CURLING
15,83,47.4,-4.1,1822,False,CURLING
15,84,48.4,-3.9,2290,False,CURLING
15,85,49.3,-3.9,2747,False,CURLING
15,86,50.2,-3.7,2991,False,CURLING
15,87,51.1,-3.5,3653,False,CURLING
15,88,52.0,-3.4,4010,False,CURLING
15,89,52.9,-3.3,3439,False,CURLING
15,90,54.0,-3.2,2897,False,CURLING
15,91,54.9,-3.1,2199,False,CURLING
15,92,55.9,-3.0,1429,False,CURLING
15,93,56.8,-2.9,855,False,CURLING
15,94,57.7,-2.8,110,False,CURLING
15,95,58.6,-2.6,0,False,CURLING
15,96,59.5,-2.5,0,False,CURLING
15,97,60.4,-2.4,0,False,CURLING
15,98,61.4,-2.3,0,False,CURLING
15,99,62.3,-2.3,64,False,CURLING
15,100,63.3,-2.2,240,False,CURLING
15,101,64.2,-2.2,722,False,CURLING
15,102,65.1,-2.1,1172,False,CURLING
15,103,66.0,-2.1,1605,False,CURLING
15,104,67.0,-2.0,2014,False,CURLING
15,105,67.9,-1.9,2445,False,CURLING
15,106,68.7,-1.7,2685,False,CURLING
15,107,69.7,-1.7,3235,False,CURLING
15,108,70.6,-1.5,3536,False,CURLING
15,109,71.5,-1.5,3134,False,CURLING
15,110,72.4,-1.4,2483,False,CURLING
15,111,73.3,-1.3,1862,False,CURLING
15,112,74.2,-1.2,1304,False,CURLING
15,113,75.1,-1.2,826,False,CURLING
15,114,75.9,-1.1,322,False,CURLING
15,115,76.8,-1.1,0,False,CURLING
15,116,77.7,-1.0,0,False,CURLING
15,117,78.6,-1.0,0,False,CURLING
15,118,79.4,-0.8,0,False,CURLING
15,119,80.2,-0.8,9,False,CURLING
15,120,81.1,-0.7,136,False,TOP
15,121,81.8,-0.6,526,True,TOP
15,122,82.6,-0.6,910,True,TOP
15,123,83.4,-0.6,1295,True,TOP
15,124,84.2,-0.6,1648,True,TOP
15,125,85.0,-0.6,1961,True,TOP
15,126,85.8,-0.5,2125,True,TOP
15,127,86.4,-0.6,2518,True,TOP
15,128,87.2,-0.5,2735,True,TOP
15,129,88.0,-0.5,2559,True,TOP
15,130,88.7,-0.6,2188,True,TOP
15,131,89.5,-0.6,1654,True,TOP
15,132,90.2,-0.6,1159,True,TOP
15,133,90.9,-0.6,725,True,TOP
15,134,91.6,-0.5,308,False,TOP
15,135,92.3,-0.5,0,False,TOP
15,136,93.0,-0.5,0,False,TOP
15,137,93.7,-0.4,0,False,TOP
15,138,94.4,-0.4,0,False,TOP
15,139,95.1,-0.3,0,False,TOP
15,140,95.6,-0.4,131,False,TOP
15,141,96.2,-0.4,439,False,TOP
15,142,96.8,-0.4,753,True,TOP
15,143,97.2,-0.5,1071,True,TOP
15,144,97.9,-0.4,1365,True,TOP
15,145,98.4,-0.4,1641,True,TOP
15,146,99.1,-0.4,1814,True,TOP
15,147,99.7,-0.5,2222,True,TOP
15,148,100.2,-0.5,2465,True,TOP
15,149,101.0,-0.6,2448,True,TOP
15,150,101.5,-0.6,2080,True,TOP
15,151,102.2,-0.5,1592,True,TOP
15,152,102.8,-0.5,1133,True,TOP
15,153,103.6,-0.5,688,True,TOP
15,154,104.3,-0.5,272,False,TOP
15,155,105.0,-0.4,0,False,TOP
15,156,105.8,-0.4,0,False,TOP
15,157,106.6,-0.4,0,False,TOP
15,158,107.2,-0.5,0,False,TOP
15,159,108.0,-0.4,0,False,TOP
15,160,108.8,-0.3,141,False,TOP
15,161,109.6,-0.2,403,False,TOP
15,162,110.3,-0.2,737,True,TOP
15,163,111.0,-0.2,1006,True,TOP
15,164,111.6,-0.0,1299,True,TOP
15,165,112.3,0.0,1585,True,TOP
15,166,112.9,-0.0,1776,True,TOP
15,167,113.5,-0.1,2131,True,TOP
15,168,114.1,0.0,2470,True,TOP
15,169,114.7,-0.0,2531,True,TOP
15,170,115.2,-0.0,2138,True,TOP
15,171,115.8,-0.0,1676,True,TOP
15,172,116.4,0.0,1188,True,TOP
15,173,116.8,0.0,729,True,TOP
15,174,117.4,0.2,307,False,TOP
15,175,117.8,0.3,0,False,TOP
15,176,118.4,0.4,0,False,TOP
15,177,118.9,0.4,0,False,TOP
15,178,119.4,0.6,0,False,TOP
15,179,119.9,0.7,0,False,TOP
15,180,120.3,0.9,145,False,TOP
15,181,120.7,1.0,373,False,TOP
15,182,121.1,1.1,693,True,TOP
15,183,121.5,1.3,976,True,TOP
15,184,121.8,1.5,1264,True,TOP
15,185,122.1,1.6,1533,True,TOP
15,186,122.4,1.6,1744,True,TOP
15,187,122.7,1.7,2041,True,TOP
15,188,123.1,1.8,2419,True,TOP
15,189,123.4,1.8,2544,True,TOP
15,190,123.7,1.9,2128,True,TOP
15,191,124.1,2.0,1719,True,TOP
15,192,124.5,2.1,1232,True,TOP
15,193,124.8,2.2,768,True,TOP
15,194,125.1,2.4,371,False,TOP
15,195,125.4,2.6,0,False,TOP
15,196,125.6,2.7,0,False,TOP
15,197,125.8,2.9,0,False,TOP
15,198,126.0,3.0,0,False,TOP
15,199,126.1,3.1,0,False,TOP
15,200,126.2,3.1,113,False,TOP
15,201,126.3,3.1,340,False,TOP
15,202,126.3,3.1,655,True,TOP
15,203,126.3,3.2,966,True,TOP
15,204,126.5,3.2,1235,True,TOP
15,205,126.7,3.3,1511,True,TOP
15,206,126.9,3.5,1745,True,TOP
15,207,127.2,3.6,1973,True,TOP
15,208,127.5,3.8,2419,True,TOP
15,209,127.7,4.0,2607,True,TOP
15,210,128.0,4.2,2162,True,TOP
15,211,128.2,4.4,1759,True,TOP
15,212,128.4,4.5,1268,True,TOP
15,213,128.4,4.6,805,True,TOP
15,214,128.6,4.7,384,False,TOP
15,215,128.8,4.8,12,False,TOP
15,216,129.0,4.9,0,False,TOP
15,217,129.3,5.0,0,False,TOP
15,218,129.5,5.1,0,False,TOP
15,219,129.7,5.2,0,False,TOP
15,220,129.9,5.4,122,False,TOP
15,221,130.0,5.4,293,False,TOP
15,222,130.1,5.5,608,True,TOP
15,223,130.2,5.5,944,True,TOP
15,224,130.3,5.6,1210,True,TOP
15,225,130.4,5.6,1464,True,TOP
15,226,130.5,5.6,1734,True,TOP
15,227,130.6,5.6,1906,True,TOP
15,228,130.7,5.6,2385,True,TOP
15,229,130.8,5.6,2605,True,TOP
15,230,130.8,5.6,2215,True,TOP
15,231,130.8,5.5,1815,True,TOP
15,232,130.8,5.5,1332,True,TOP
15,233,130.9,5.5,837,True,TOP
15,234,131.0,5.6,436,False,TOP
15,235,131.1,5.6,64,False,TOP
15,236,131.1,5.6,0,False,TOP
15,237,131.2,5.6,0,False,TOP
15,238,131.2,5.7,0,False,TOP
15,239,131.2,5.7,0,False,TOP
15,240,131.2,5.8,85,False,TOP
15,241,131.3,5.8,263,False,TOP
15,242,131.3,5.8,579,True,TOP
15,243,131.4,5.8,910,True,TOP
15,244,131.4,5.9,1168,True,TOP
15,245,131.5,5.9,1424,True,TOP
15,246,131.5,6.0,1709,True,TOP
15,247,131.5,6.0,1873,True,TOP
15,248,131.6,6.0,2351,True,TOP
15,249,131.6,6.0,2605,True,TOP
15,250,131.5,6.0,2237,True,TOP
15,251,131.5,6.0,1845,True,TOP
15,252,131.4,5.9,1367,True,TOP
15,253,131.3,5.8,877,True,TOP
15,254,131.1,5.6,502,True,TOP
15,255,130.8,5.5,112,False,TOP
15,256,130.4,5.3,0,False,TOP
15,257,129.9,5.1,0,False,TOP
15,258,129.3,4.8,0,False,TOP
15,259,128.7,4.6,0,False,TOP
15,260,128.0,4.3,78,False,TOP
15,261,127.3,4.1,243,False,TOP
15,262,126.7,3.7,540,True,TOP
15,263,126.2,3.4,874,True,TOP
15,264,125.5,3.1,1135,True,TOP
15,265,124.8,3.1,1378,True,TOP
15,266,124.1,3.1,1689,True,TOP
15,267,123.5,2.8,1840,True,TOP
15,268,122.7,2.6,2310,True,TOP
15,269,121.8,2.4,2559,True,TOP
15,270,120.8,2.2,2251,True,TOP
15,271,119.9,2.0,1894,True,TOP
15,272,118.9,1.7,1414,True,TOP
15,273,117.9,1.4,931,True,TOP
15,274,116.8,1.2,544,True,TOP
15,275,115.8,1.0,140,False,TOP
15,276,114.7,0.8,0,False,TOP
15,277,113.7,0.6,0,False,TOP
15,278,112.7,0.5,0,False,TOP
15,279,111.7,0.3,0,False,TOP
15,280,110.6,0.2,76,False,TOP
15,281,109.5,0.2,213,False,TOP
15,282,108.3,0.2,507,True,TOP
15,283,106.9,0.2,829,True,TOP
15,284,105.5,-0.0,1100,True,TOP
15,285,104.0,-0.2,1360,True,TOP
15,286,102.5,-0.3,1641,True,TOP
15,287,101.1,-0.4,1826,True,TOP
15,288,99.5,-0.5,2284,True,TOP
15,289,98.0,-0.6,2537,True,TOP
15,290,96.5,-0.7,2285,True,TOP
15,291,95.1,-0.8,1918,True,TOP
15,292,93.7,-0.9,1477,True,TOP
15,293,92.2,-1.0,976,True,TOP
15,294,90.7,-1.0,570,True,TOP
15,295,89.2,-0.9,171,False,TOP
15,296,87.8,-0.7,0,False,TOP
15,297,86.4,-0.4,0,False,TOP
15,298,85.0,-0.1,0,False,TOP
15,299,83.5,0.1,0,False,TOP
15,300,82.1,0.3,44,False,TOP
15,301,80.8,0.2,176,False,TOP
15,302,79.4,-0.0,489,False,TOP
15,303,77.7,-0.4,813,False,TOP
15,304,76.0,-0.5,1083,False,TOP
15,305,74.7,-0.7,1351,False,TOP
15,306,73.2,-0.9,1675,False,TOP
15,307,71.7,-0.9,1834,False,TOP
15,308,70.5,-1.0,2317,False,TOP
15,309,69.7,-1.2,2544,False,TOP
15,310,68.6,-1.4,2335,False,TOP
15,311,67.6,-1.5,1999,False,TOP
15,312,66.6,-1.7,1520,False,TOP
15,313,65.8,-1.6,1042,False,TOP
15,314,64.7,-1.4,606,False,TOP
15,315,63.4,-1.2,198,False,TOP
15,316,62.2,-1.2,0,False,TOP
15,317,60.7,-1.1,0,False,TOP
15,318,59.7,-1.0,0,False,TOP
15,319,58.5,-1.0,0,False,TOP
15,320,57.4,-1.0,16,False,TOP
15,321,55.8,-1.0,141,False,TOP
15,322,54.7,-0.9,457,False,TOP
15,323,53.7,-0.8,769,False,TOP
15,324,52.5,-0.8,1056,False,TOP
15,325,51.3,-0.9,1312,False,TOP
15,326,49.8,-0.9,1619,False,TOP
15,327,48.7,-0.9,1790,False,TOP
15,328,47.7,-1.0,2234,False,TOP
15,329,46.8,-1.0,2480,False,TOP
15,330,45.9,-1.0,2384,False,TOP
15,331,45.1,-1.1,2021,False,TOP
15,332,43.8,-1.1,1535,False,TOP
15,333,42.8,-1.2,1078,False,TOP
15,334,41.9,-1.1,642,False,TOP
15,335,40.9,-1.0,237,False,TOP
15,336,40.0,-0.9,0,False,TOP
15,337,39.0,-0.8,0,False,TOP
15,338,38.0,-0.7,0,False,TOP
15,339,37.2,-0.6,0,False,TOP
15,340,36.4,-0.7,0,False,TOP
15,341,35.4,-0.8,113,False,TOP
15,342,34.4,-0.9,439,False,TOP
15,343,33.6,-0.9,746,False,TOP
15,344,32.7,-0.9,1047,False,TOP
15,345,31.8,-0.9,1335,False,TOP
15,346,30.8,-1.0,1648,False,TOP
15,347,29.8,-0.9,1936,False,TOP
15,348,28.8,-0.9,2665,False,TOP
15,349,27.8,-0.9,3020,False,TOP
15,350,26.7,-1.0,3001,False,TOP
15,351,25.7,-1.2,2535,False,TOP
15,352,24.2,-1.3,1985,False,TOP
15,353,23.2,-1.3,1419,False,TOP
15,354,22.3,-1.2,870,False,TOP
15,355,21.5,-1.3,342,False,TOP
15,356,20.5,-1.4,0,False,TOP
15,357,19.7,-1.5,0,False,TOP
15,358,18.8,-1.7,2955,False,DOWN
15,359,18.4,-1.8,2983,False,DOWN
15,360,17.7,-1.8,2503,False,DOWN
15,361,17.0,-1.7,1998,False,DOWN
15,362,16.1,-1.7,1421,False,DOWN
15,363,15.3,-1.8,877,False,DOWN
15,364,14.4,-1.7,381,False,DOWN
15,365,13.6,-1.7,0,False,DOWN
15,366,12.6,-1.7,0,False,DOWN
15,367,11.7,-1.7,0,False,DOWN
15,368,10.4,-1.6,0,False,DOWN
15,369,9.4,-1.7,0,False,DOWN
15,370,8.5,-1.8,101,False,DOWN
15,371,8.0,-1.9,382,False,DOWN
15,372,7.3,-2.0,772,False,DOWN
15,373,6.3,-2.2,1191,False,DOWN
15,374,5.8,-2.3,1530,False,DOWN
15,375,5.0,-2.3,1863,False,DOWN
15,376,4.4,-2.3,2159,False,DOWN
15,377,4.1,-2.4,2448,False,DOWN
15,378,3.7,-2.4,2960,False,DOWN
15,379,3.3,-2.4,3147,False,DOWN
15,380,3.0,-2.4,2677,False,DOWN
15,381,2.6,-2.3,2161,False,DOWN
15,382,2.3,-2.2,1612,False,DOWN
15,383,2.1,-2.2,1016,False,DOWN
15,384,2.0,-2.0,554,False,DOWN
15,385,1.7,-1.8,64,False,DOWN
15,386,1.2,-1.4,0,False,DOWN
15,387,0.6,-1.2,0,False,DOWN
15,388,0.2,-1.1,0,False,DOWN
15,389,-0.4,-1.0,0,False,DOWN
15,390,-1.0,-0.9,110,False,DOWN
15,391,-1.6,-0.7,371,False,DOWN
15,392,-2.1,-0.7,775,False,DOWN
15,393,-2.7,-0.8,1206,False,DOWN
15,394,-3.1,-0.8,1569,False,DOWN
15,395,-3.5,-0.9,1921,False,DOWN
15,396,-3.9,-1.0,2256,False,DOWN
15,397,-4.2,-1.2,2509,False,DOWN
15,398,-4.6,-1.4,3103,False,DOWN
15,399,-4.7,-1.5,3328,False,DOWN
15,400,-4.9,-1.5,2866,False,DOWN
15,401,-5.2,-1.5,2315,False,DOWN
15,402,-5.3,-1.6,1715,False,DOWN
15,403,-5.3,-1.6,1148,False,DOWN
15,404,-5.3,-1.6,582,False,DOWN
15,405,-5.4,-1.6,147,False,DOWN
15,406,-5.5,-1.5,0,False,DOWN
15,407,-5.6,-1.4,0,False,DOWN
15,408,-5.6,-1.4,0,False,DOWN
16,0,10.5,-7.8,2175,False,DOWN
16,1,10.5,-7.8,1649,False,DOWN
16,2,10.4,-7.8,1149,False,DOWN
16,3,10.4,-7.8,695,False,DOWN
16,4,10.3,-7.8,240,False,DOWN
16,5,10.2,-7.8,0,False,DOWN
16,6,10.2,-7.8,0,False,DOWN
16,7,10.2,-7.8,0,False,DOWN
16,8,10.2,-7.8,0,False,DOWN
16,9,10.2,-7.8,78,False,DOWN
16,10,10.3,-7.8,268,False,DOWN
16,11,10.2,-7.8,622,False,DOWN
16,12,10.2,-7.8,968,False,DOWN
16,13,10.2,-7.8,1270,False,DOWN
16,14,10.1,-7.8,1559,False,DOWN
16,15,10.1,-7.8,1866,False,DOWN
16,16,10.1,-7.9,1999,False,DOWN
16,17,10.1,-7.8,2434,False,DOWN
16,18,10.1,-7.8,2656,False,DOWN
16,19,10.1,-7.8,2361,False,DOWN
16,20,10.2,-7.8,1966,False,DOWN
16,21,10.2,-7.8,1485,False,DOWN
16,22,10.3,-7.9,973,False,DOWN
16,23,10.4,-7.9,570,False,DOWN
16,24,10.4,-7.9,177,False,DOWN
16,25,10.5,-7.9,0,False,DOWN
16,26,10.6,-7.9,0,False,DOWN
16,27,10.7,-7.9,0,False,DOWN
16,28,10.9,-8.0,0,False,DOWN
16,29,10.9,-8.0,66,False,DOWN
16,30,11.0,-7.9,221,False,DOWN
16,31,11.1,-7.9,506,False,DOWN
16,32,11.3,-7.9,875,False,DOWN
16,33,11.4,-7.9,1136,False,DOWN
16,34,11.5,-7.9,1411,False,DOWN
16,35,11.6,-7.9,1689,False,DOWN
16,36,11.9,-7.9,1846,False,DOWN
16,37,12.1,-7.9,2277,False,DOWN
16,38,12.3,-7.9,2482,False,DOWN
16,39,12.5,-7.9,2278,False,DOWN
16,40,12.8,-7.9,1921,False,DOWN
16,41,13.2,-8.0,1446,False,DOWN
16,42,13.6,-8.0,960,False,DOWN
16,43,14.0,-8.0,560,False,DOWN
16,44,14.5,-7.9,179,False,DOWN
16,45,15.1,-7.9,0,False,DOWN
16,46,15.5,-7.8,0,False,DOWN
16,47,16.1,-7.8,0,False,DOWN
16,48,16.6,-7.8,0,False,DOWN
16,49,17.1,-7.8,45,False,DOWN
16,50,17.8,-7.7,191,False,DOWN
16,51,18.5,-7.7,510,False,DOWN
16,52,19.1,-7.7,807,False,DOWN
16,53,19.9,-7.6,1072,False,DOWN
16,54,20.7,-7.6,1328,False,DOWN
16,55,21.6,-7.6,1628,False,DOWN
16,56,22.5,-7.5,1751,False,DOWN
16,57,23.5,-7.6,2154,False,DOWN
16,58,24.6,-7.6,2350,False,DOWN
16,59,25.9,-7.6,2179,False,DOWN
16,60,27.2,-7.7,1861,False,DOWN
16,61,28.6,-7.8,1393,False,DOWN
16,62,29.9,-7.7,944,False,DOWN
16,63,31.4,-7.5,541,False,DOWN
16,64,32.9,-7.3,174,False,CURLING
16,65,34.4,-7.1,0,False,CURLING
16,66,35.7,-6.9,0,False,CURLING
16,67,37.1,-6.7,0,False,CURLING
16,68,38.6,-6.6,0,False,CURLING
16,69,40.0,-6.4,16,False,CURLING
16,70,41.3,-6.2,138,False,CURLING
16,71,42.6,-6.1,447,False,CURLING
16,72,43.9,-6.0,741,False,CURLING
16,73,45.3,-5.9,983,False,CURLING
16,74,46.5,-5.9,1265,False,CURLING
16,75,47.7,-5.9,1533,False,CURLING
16,76,48.9,-5.8,1682,False,CURLING
16,77,50.1,-5.7,2028,False,CURLING
16,78,51.4,-5.7,2268,False,CURLING
16,79,52.6,-5.8,2217,False,CURLING
16,80,53.7,-5.7,1873,False,CURLING
16,81,54.9,-5.6,1408,False,CURLING
16,82,56.2,-5.5,973,False,CURLING
16,83,57.7,-5.3,589,False,CURLING
16,84,58.8,-5.4,199,False,CURLING
16,85,60.2,-5.3,0,False,CURLING
16,86,61.6,-5.3,0,False,CURLING
16,87,63.1,-5.1,0,False,CURLING
16,88,64.6,-5.1,0,False,CURLING
16,89,66.0,-5.0,0,False,CURLING
16,90,67.4,-4.9,123,False,CURLING
16,91,68.8,-5.1,409,False,CURLING
16,92,70.2,-5.0,705,False,CURLING
16,93,71.5,-5.0,977,False,CURLING
16,94,72.7,-4.9,1248,False,CURLING
16,95,73.8,-4.9,1497,False,CURLING
16,96,74.9,-4.8,1664,False,CURLING
16,97,76.0,-4.7,1942,False,CURLING
16,98,77.0,-4.7,2256,False,CURLING
16,99,77.8,-4.7,2299,False,CURLING
16,100,78.4,-4.7,1903,False,CURLING
16,101,78.9,-4.6,1477,False,CURLING
16,102,79.3,-4.7,1031,False,CURLING
16,103,79.6,-4.7,647,False,CURLING
16,104,79.5,-4.8,253,False,CURLING
16,105,79.1,-4.8,0,False,CURLING
16,106,78.7,-4.9,0,False,CURLING
16,107,78.2,-5.0,0,False,CURLING
16,108,77.7,-5.0,0,False,CURLING
16,109,77.1,-5.2,0,False,CURLING
16,110,76.2,-5.2,130,False,CURLING
16,111,75.6,-5.2,373,False,CURLING
16,112,74.9,-5.4,685,False,CURLING
16,113,74.2,-5.5,960,False,CURLING
16,114,73.4,-5.6,1227,False,CURLING
16,115,72.4,-5.7,1476,False,CURLING
16,116,71.3,-5.8,1670,False,CURLING
16,117,69.9,-5.9,1887,False,CURLING
16,118,68.6,-6.0,2263,False,CURLING
16,119,67.1,-6.2,2387,False,CURLING
16,120,65.3,-6.3,1971,False,CURLING
16,121,63.6,-6.3,1578,False,CURLING
16,122,62.2,-6.4,1098,False,CURLING
16,123,60.5,-6.6,678,False,CURLING
16,124,58.5,-6.8,278,False,CURLING
16,125,56.7,-6.8,0,False,CURLING
16,126,55.1,-6.9,0,False,CURLING
16,127,53.5,-6.9,0,False,CURLING
16,128,51.6,-7.0,0,False,CURLING
16,129,49.5,-7.1,0,False,CURLING
16,130,47.7,-7.2,154,False,CURLING
16,131,46.0,-7.3,374,False,CURLING
16,132,44.4,-7.4,710,False,CURLING
16,133,42.7,-7.4,1069,False,CURLING
16,134,40.8,-7.4,1371,False,CURLING
16,135,39.1,-7.3,1679,False,CURLING
16,136,37.6,-7.2,1906,False,CURLING
16,137,36.2,-7.2,2112,False,CURLING
16,138,34.6,-7.2,2527,False,CURLING
16,139,33.0,-7.0,2707,False,CURLING
16,140,31.4,-6.8,2234,False,CURLING
16,141,29.9,-6.8,1771,False,CURLING
16,142,28.4,-6.8,1258,False,CURLING
16,143,26.8,-6.7,761,False,CURLING
16,144,25.0,-6.5,341,False,CURLING
16,145,23.3,-6.3,0,False,CURLING
16,146,21.7,-6.1,0,False,CURLING
16,147,20.1,-6.1,0,False,CURLING
16,148,18.7,-6.2,0,False,CURLING
16,149,17.4,-6.1,0,False,DOWN
16,150,16.1,-6.2,144,False,DOWN
16,151,15.4,-6.1,366,False,DOWN
16,152,14.6,-6.4,691,False,DOWN
16,153,13.9,-6.5,1023,False,DOWN
16,154,13.4,-6.6,1302,False,DOWN
16,155,13.2,-6.7,1559,False,DOWN
16,156,13.0,-6.7,1788,False,DOWN
16,157,12.9,-6.6,1947,False,DOWN
16,158,13.0,-6.4,2353,False,DOWN
16,159,13.0,-6.5,2549,False,DOWN
16,160,13.0,-6.4,2131,False,DOWN
16,161,12.9,-6.3,1710,False,DOWN
16,162,12.9,-6.0,1217,False,DOWN
16,163,12.6,-5.9,752,False,DOWN
16,164,12.5,-5.8,346,False,DOWN
16,165,12.3,-5.7,0,False,DOWN
16,166,12.1,-5.6,0,False,DOWN
16,167,11.9,-5.6,0,False,DOWN
16,168,11.9,-5.6,0,False,DOWN
16,169,11.7,-5.7,0,False,DOWN
16,170,11.6,-5.8,128,False,DOWN
16,171,11.6,-5.8,321,False,DOWN
16,172,11.4,-5.9,661,False,DOWN
16,173,11.2,-6.0,1001,False,DOWN
16,174,11.1,-6.0,1270,False,DOWN
16,175,11.0,-6.0,1495,False,DOWN
16,176,10.9,-6.0,1747,False,DOWN
16,177,10.7,-6.0,1918,False,DOWN
16,178,10.6,-6.0,2327,False,DOWN
16,179,10.4,-6.0,2544,False,DOWN
16,180,10.2,-6.1,2160,False,DOWN
16,181,10.0,-6.1,1735,False,DOWN
16,182,9.9,-6.0,1261,False,DOWN
16,183,9.8,-5.9,778,False,DOWN
16,184,9.8,-6.0,379,False,DOWN
16,185,9.7,-6.0,17,False,DOWN
16,186,9.5,-6.1,0,False,DOWN
16,187,9.3,-6.0,0,False,DOWN
16,188,9.3,-6.1,0,False,DOWN
16,189,9.2,-6.2,0,False,DOWN
16,190,9.0,-6.2,102,False,DOWN
16,191,9.0,-6.2,306,False,DOWN
16,192,8.9,-6.1,643,False,DOWN
16,193,8.6,-6.2,1002,False,DOWN
16,194,8.6,-6.3,1273,False,DOWN
16,195,8.5,-6.3,1535,False,DOWN
16,196,8.6,-6.3,1873,False,DOWN
16,197,8.5,-6.3,2112,False,DOWN
16,198,8.4,-6.3,2685,False,DOWN
16,199,8.4,-6.3,2971,False,DOWN
16,200,8.4,-6.4,2533,False,DOWN
16,201,8.3,-6.4,2096,False,DOWN
16,202,8.2,-6.4,1520,False,DOWN
16,203,8.2,-6.5,994,False,DOWN
16,204,8.2,-6.5,539,False,DOWN
16,205,8.2,-6.5,99,False,DOWN
16,206,8.1,-6.5,0,False,DOWN
16,207,8.0,-6.5,0,False,DOWN
16,208,8.0,-6.5,0,False,DOWN
16,209,8.0,-6.5,0,False,DOWN
16,210,7.9,-6.5,141,False,DOWN
16,211,7.9,-6.5,357,False,DOWN
16,212,7.9,-6.5,741,False,DOWN
16,213,7.8,-6.5,1115,False,DOWN
16,214,7.9,-6.5,1409,False,DOWN
16,215,7.9,-6.6,1736,False,DOWN
16,216,7.7,-6.6,1972,False,DOWN
16,217,7.8,-6.6,2177,False,DOWN
16,218,7.9,-6.5,2630,False,DOWN
16,219,8.0,-6.5,2829,False,DOWN
16,220,7.9,-6.5,2482,False,DOWN
16,221,7.9,-6.5,2032,False,DOWN
16,222,7.7,-6.6,1499,False,DOWN
16,223,7.6,-6.6,919,False,DOWN
16,224,7.6,-6.6,533,False,DOWN
16,225,7.5,-6.7,150,False,DOWN
16,226,7.5,-6.7,0,False,DOWN
16,227,7.5,-6.7,0,False,DOWN
16,228,7.5,-6.7,0,False,DOWN
16,229,7.4,-6.8,0,False,DOWN
16,230,7.4,-6.8,96,False,DOWN
16,231,7.5,-6.8,269,False,DOWN
17,0,2.0,-6.0,1827,False,DOWN
17,1,2.0,-6.0,1184,False,DOWN
17,2,2.0,-6.0,634,False,DOWN
17,3,2.0,-6.0,112,False,DOWN
17,4,2.0,-6.0,0,False,DOWN
17,5,1.9,-6.0,0,False,DOWN
17,6,1.9,-6.0,0,False,DOWN
17,7,1.9,-6.0,0,False,DOWN
17,8,1.9,-6.0,109,False,DOWN
17,9,1.9,-6.0,400,False,DOWN
17,10,1.9,-6.1,879,False,DOWN
17,11,1.9,-6.1,1360,False,DOWN
17,12,1.9,-6.0,1792,False,DOWN
17,13,1.9,-6.1,2192,False,DOWN
17,14,1.9,-6.1,2559,False,DOWN
17,15,2.0,-6.1,2825,False,DOWN
17,16,2.0,-6.1,3414,False,DOWN
17,17,2.0,-6.1,3671,False,DOWN
17,18,2.0,-6.1,3109,False,DOWN
17,19,2.0,-6.1,2538,False,DOWN
17,20,2.0,-6.1,1937,False,DOWN
17,21,2.0,-6.1,1280,False,DOWN
17,22,2.0,-6.1,697,False,DOWN
17,23,2.0,-6.1,213,False,DOWN
17,24,2.0,-6.1,0,False,DOWN
17,25,2.0,-6.1,0,False,DOWN
17,26,2.1,-6.1,0,False,DOWN
17,27,2.1,-6.1,0,False,DOWN
17,28,2.1,-6.1,90,False,DOWN
17,29,2.2,-6.1,336,False,DOWN
17,30,2.2,-6.1,783,False,DOWN
17,31,2.3,-6.1,1289,False,DOWN
17,32,2.4,-6.1,1697,False,DOWN
17,33,2.7,-6.1,2085,False,DOWN
17,34,2.9,-6.1,2481,False,DOWN
17,35,3.0,-6.1,2751,False,DOWN
17,36,3.2,-6.1,3332,False,DOWN
17,37,3.4,-6.1,3664,False,DOWN
17,38,3.6,-6.1,3165,False,DOWN
17,39,4.0,-6.1,2627,False,DOWN
17,40,4.4,-6.1,1999,False,DOWN
17,41,4.7,-6.1,1389,False,DOWN
17,42,5.2,-6.1,839,False,DOWN
17,43,5.7,-6.0,304,False,DOWN
17,44,6.3,-6.0,0,False,DOWN
17,45,7.0,-5.9,0,False,DOWN
17,46,7.8,-5.9,0,False,DOWN
17,47,8.7,-5.8,0,False,DOWN
17,48,9.8,-5.7,67,False,DOWN
17,49,11.0,-5.7,275,False,DOWN
17,50,12.2,-5.7,716,False,DOWN
17,51,13.3,-5.6,1221,False,DOWN
17,52,14.6,-5.6,1629,False,DOWN
17,53,16.0,-5.5,2071,False,DOWN
17,54,17.4,-5.3,2494,False,DOWN
17,55,19.0,-5.3,2740,False,DOWN
17,56,20.7,-5.3,3312,False,DOWN
17,57,22.5,-5.4,3537,False,DOWN
17,58,24.2,-5.5,3119,False,DOWN
17,59,25.9,-5.3,2619,False,DOWN
17,60,27.8,-4.8,2032,False,DOWN
17,61,29.6,-4.5,1427,False,DOWN
17,62,31.3,-4.3,880,False,DOWN
17,63,33.0,-4.0,302,False,CURLING
17,64,34.8,-3.6,0,False,CURLING
17,65,36.6,-3.4,0,False,CURLING
17,66,38.3,-3.3,0,False,CURLING
17,67,40.1,-3.0,0,False,CURLING
17,68,42.0,-2.9,32,False,CURLING
17,69,43.7,-2.8,193,False,CURLING
17,70,45.4,-2.5,631,False,CURLING
17,71,47.1,-2.4,1090,False,CURLING
17,72,48.5,-2.3,1515,False,CURLING
17,73,49.7,-2.2,1946,False,CURLING
17,74,50.9,-2.2,2369,False,CURLING
17,75,51.7,-2.1,2634,False,CURLING
17,76,52.6,-2.1,3187,False,CURLING
17,77,53.2,-2.2,3509,False,CURLING
17,78,53.8,-2.2,3302,False,CURLING
17,79,54.3,-2.2,2829,False,CURLING
17,80,54.8,-2.3,2203,False,CURLING
17,81,55.3,-2.4,1529,False,CURLING
17,82,55.7,-2.4,1003,False,CURLING
17,83,56.0,-2.4,464,False,CURLING
17,84,56.3,-2.4,0,False,CURLING
17,85,56.6,-2.5,0,False,CURLING
17,86,56.9,-2.5,0,False,CURLING
17,87,57.0,-2.5,0,False,CURLING
17,88,57.1,-2.5,0,False,CURLING
17,89,57.2,-2.5,144,False,CURLING
17,90,57.1,-2.6,570,False,CURLING
17,91,57.1,-2.7,1008,False,CURLING
17,92,57.1,-2.7,1457,False,CURLING
17,93,56.9,-2.8,1888,False,CURLING
17,94,56.6,-2.8,2331,False,CURLING
17,95,56.2,-2.9,2590,False,CURLING
17,96,55.7,-3.0,3093,False,CURLING
17,97,55.1,-3.1,3438,False,CURLING
17,98,54.3,-3.2,3294,False,CURLING
17,99,53.3,-3.3,2812,False,CURLING
17,100,52.3,-3.5,2247,False,CURLING
17,101,51.2,-3.7,1598,False,CURLING
17,102,50.0,-3.9,1015,False,CURLING
17,103,48.6,-4.0,499,False,CURLING
17,104,47.1,-4.6,0,False,CURLING
17,105,45.7,-4.7,0,False,CURLING
17,106,44.1,-4.4,0,False,CURLING
17,107,42.5,-4.1,0,False,CURLING
17,108,40.8,-4.1,0,False,CURLING
17,109,39.2,-4.3,141,False,CURLING
17,110,37.5,-4.4,531,False,CURLING
17,111,35.7,-4.4,983,False,CURLING
17,112,33.8,-4.3,1423,False,CURLING
17,113,32.0,-4.2,1857,False,CURLING
17,114,30.3,-4.2,2322,False,CURLING
17,115,28.8,-4.2,2642,False,CURLING
17,116,27.1,-4.2,3050,False,CURLING
17,117,25.6,-4.3,3490,False,CURLING
17,118,24.0,-4.3,3552,False,CURLING
17,119,22.5,-4.4,2922,False,CURLING
17,120,21.1,-4.4,2401,False,CURLING
17,121,19.8,-4.4,1758,False,CURLING
17,122,18.4,-4.4,1104,False,DOWN
17,123,17.2,-4.4,544,False,DOWN
17,124,16.0,-4.3,42,False,DOWN
17,125,14.8,-4.0,0,False,DOWN
17,126,13.5,-3.9,0,False,DOWN
17,127,12.2,-3.9,0,False,DOWN
17,128,10.8,-3.9,0,False,DOWN
17,129,9.6,-3.7,171,False,DOWN
17,130,8.5,-3.6,538,False,DOWN
17,131,7.5,-3.7,1072,False,DOWN
17,132,6.4,-3.6,1591,False,DOWN
17,133,5.6,-3.6,2047,False,DOWN
17,134,4.8,-3.6,2499,False,DOWN
17,135,4.1,-3.5,2844,False,DOWN
17,136,3.7,-3.4,3155,False,DOWN
17,137,3.1,-3.4,3770,False,DOWN
17,138,2.8,-3.3,3987,False,DOWN
17,139,2.4,-3.4,3186,False,DOWN
17,140,2.1,-3.3,2510,False,DOWN
17,141,1.8,-3.1,1886,False,DOWN
17,142,1.4,-3.0,1127,False,DOWN
17,143,1.0,-2.8,634,False,DOWN
17,144,0.8,-2.7,111,False,DOWN
17,145,0.4,-2.7,0,False,DOWN
17,146,0.0,-2.7,0,False,DOWN
17,147,-0.2,-2.7,0,False,DOWN
17,148,-0.5,-2.7,0,False,DOWN
17,149,-0.7,-2.8,141,False,DOWN
17,150,-0.9,-2.9,428,False,DOWN
17,151,-1.1,-3.0,944,False,DOWN
17,152,-1.1,-3.1,1488,False,DOWN
17,153,-1.1,-3.2,1920,False,DOWN
17,154,-1.2,-3.3,2333,False,DOWN
17,155,-1.2,-3.4,2753,False,DOWN
17,156,-1.2,-3.5,3007,False,DOWN
17,157,-1.1,-3.5,3602,False,DOWN
17,158,-1.1,-3.7,3839,False,DOWN
17,159,-1.1,-3.6,3147,False,DOWN
17,160,-1.1,-3.7,2640,False,DOWN
17,161,-1.0,-3.8,1975,False,DOWN
17,162,-1.0,-3.8,1238,False,DOWN
17,163,-1.1,-3.9,624,False,DOWN
17,164,-1.1,-3.9,79,False,DOWN
17,165,-1.1,-3.9,0,False,DOWN
17,166,-1.1,-3.9,0,False,DOWN
17,167,-1.2,-4.0,0,False,DOWN
17,168,-1.2,-4.0,0,False,DOWN
17,169,-1.2,-4.0,128,False,DOWN
17,170,-1.2,-4.0,377,False,DOWN
17,171,-1.2,-4.1,881,False,DOWN
17,172,-1.3,-4.1,1424,False,DOWN
17,173,-1.2,-4.2,1902,False,DOWN
17,174,-1.2,-4.3,2293,False,DOWN
17,175,-1.2,-4.4,2762,False,DOWN
17,176,-1.1,-4.4,3035,False,DOWN
17,177,-1.1,-4.4,3702,False,DOWN
17,178,-1.0,-4.4,4076,False,DOWN
17,179,-0.9,-4.5,3351,False,DOWN
17,180,-0.9,-4.5,2625,False,DOWN
17,181,-0.9,-4.5,2096,False,DOWN
17,182,-0.9,-4.5,1326,False,DOWN
17,183,-0.9,-4.5,646,False,DOWN
17,184,-1.0,-4.5,92,False,DOWN
17,185,-1.1,-4.5,0,False,DOWN
17,186,-1.1,-4.5,0,False,DOWN
17,187,-1.1,-4.5,0,False,DOWN
17,188,-1.2,-4.5,0,False,DOWN
17,189,-1.2,-4.5,119,False,DOWN
17,190,-1.3,-4.5,303,False,DOWN
17,191,-1.3,-4.5,807,False,DOWN
17,192,-1.4,-4.5,1330,False,DOWN
17,193,-1.4,-4.4,1771,False,DOWN
17,194,-1.4,-4.4,2224,False,DOWN
17,195,-1.5,-4.4,2693,False,DOWN
17,196,-1.5,-4.4,2950,False,DOWN
17,197,-1.5,-4.5,3568,False,DOWN
18,0,2.1,-5.3,3281,False,DOWN
18,1,2.2,-5.2,3955,False,DOWN
18,2,2.2,-5.1,4095,False,DOWN
18,3,2.2,-5.1,4095,False,DOWN
18,4,2.2,-5.0,4095,False,DOWN
18,5,2.0,-5.0,3607,False,DOWN
18,6,2.0,-5.0,2751,False,DOWN
18,7,2.2,-5.0,1932,False,DOWN
18,8,2.0,-5.0,945,False,DOWN
18,9,1.9,-5.0,230,False,DOWN
18,10,2.0,-5.1,0,False,DOWN
18,11,2.1,-5.1,0,False,DOWN
18,12,2.1,-5.2,0,False,DOWN
18,13,2.2,-5.2,0,False,DOWN
18,14,2.3,-5.3,0,False,DOWN
18,15,2.2,-5.3,292,False,DOWN
18,16,2.3,-5.4,625,False,DOWN
18,17,2.3,-5.5,1364,False,DOWN
18,18,2.3,-5.5,2149,False,DOWN
18,19,2.3,-5.5,2800,False,DOWN
18,20,2.3,-5.5,3421,False,DOWN
18,21,2.3,-5.5,4078,False,DOWN
18,22,2.2,-5.5,4095,False,DOWN
18,23,2.2,-5.5,4095,False,DOWN
18,24,2.1,-5.5,4095,False,DOWN
18,25,2.1,-5.5,3467,False,DOWN
18,26,2.1,-5.5,2758,False,DOWN
18,27,2.1,-5.5,1699,False,DOWN
18,28,2.1,-5.5,945,False,DOWN
18,29,2.1,-5.5,196,False,DOWN
18,30,2.1,-5.6,0,False,DOWN
18,31,2.1,-5.6,0,False,DOWN
18,32,2.1,-5.6,0,False,DOWN
18,33,2.1,-5.6,0,False,DOWN
18,34,2.1,-5.6,0,False,DOWN
18,35,2.1,-5.7,322,False,DOWN
18,36,2.1,-5.7,707,False,DOWN
18,37,2.1,-5.8,1438,False,DOWN
18,38,2.1,-5.8,2224,False,DOWN
18,39,2.1,-5.9,2879,False,DOWN
18,40,2.1,-5.9,3499,False,DOWN
18,41,2.2,-6.0,4095,False,DOWN
18,42,2.3,-6.0,4095,False,DOWN
18,43,2.5,-6.0,4095,False,DOWN
18,44,2.7,-6.0,4095,False,DOWN
18,45,2.8,-6.0,3291,False,DOWN
18,46,3.0,-6.1,2630,False,DOWN
18,47,3.2,-6.1,1747,False,DOWN
18,48,3.6,-6.1,833,False,DOWN
18,49,4.0,-6.1,61,False,DOWN
18,50,4.4,-6.2,0,False,DOWN
18,51,4.8,-6.2,0,False,DOWN
18,52,5.3,-6.2,0,False,DOWN
18,53,5.9,-6.2,0,False,DOWN
18,54,6.4,-6.3,0,False,DOWN
18,55,6.9,-6.4,343,False,DOWN
18,56,7.5,-6.5,789,False,DOWN
18,57,8.1,-6.6,1583,False,DOWN
18,58,8.7,-6.7,2277,False,DOWN
18,59,9.3,-6.7,2943,False,DOWN
18,60,10.0,-6.9,3661,False,DOWN
18,61,10.7,-7.0,4095,False,DOWN
18,62,11.4,-7.1,4095,False,DOWN
18,63,12.4,-7.2,4095,False,DOWN
18,64,13.1,-7.2,4095,False,DOWN
18,65,14.0,-7.2,3294,False,DOWN
18,66,15.1,-7.3,2540,False,DOWN
18,67,16.1,-7.3,1586,False,DOWN
18,68,17.3,-7.2,753,False,DOWN
18,69,18.4,-7.2,0,False,DOWN
18,70,19.7,-7.3,0,False,DOWN
18,71,21.0,-7.4,0,False,DOWN
18,72,22.2,-7.4,0,False,DOWN
18,73,23.6,-7.4,0,False,DOWN
18,74,25.2,-7.3,0,False,DOWN
18,75,26.6,-7.0,379,False,DOWN
18,76,28.0,-6.7,894,False,DOWN
18,77,29.4,-6.5,1649,False,DOWN
18,78,30.9,-6.4,2396,False,DOWN
18,79,32.3,-6.3,3100,False,CURLING
18,80,33.5,-6.2,3760,False,CURLING
18,81,34.8,-6.1,4048,False,CURLING
18,82,36.1,-6.1,4095,False,CURLING
18,83,37.5,-6.1,4095,False,CURLING
18,84,38.8,-6.1,4095,False,CURLING
18,85,40.1,-6.2,3345,False,CURLING
18,86,41.5,-6.2,2368,False,CURLING
18,87,42.9,-6.3,1495,False,CURLING
18,88,44.1,-6.3,650,False,CURLING
18,89,45.3,-6.3,0,False,CURLING
18,90,46.5,-6.4,0,False,CURLING
18,91,47.6,-6.4,0,False,CURLING
18,92,48.7,-6.4,0,False,CURLING
18,93,49.6,-6.5,0,False,CURLING
18,94,50.6,-6.3,62,False,CURLING
18,95,51.6,-6.3,352,False,CURLING
18,96,52.5,-6.3,953,False,CURLING
18,97,53.3,-6.3,1725,False,CURLING
18,98,54.1,-6.2,2459,False,CURLING
18,99,54.9,-6.2,3163,False,CURLING
18,100,55.6,-6.2,3900,False,CURLING
18,101,56.2,-6.1,4095,False,CURLING
18,102,56.7,-6.1,4095,False,CURLING
18,103,57.2,-6.1,4095,False,CURLING
18,104,57.7,-6.0,4095,False,CURLING
18,105,58.0,-6.0,3236,False,CURLING
18,106,58.3,-6.0,2266,False,CURLING
18,107,58.4,-6.1,1408,False,CURLING
18,108,58.4,-6.1,563,False,CURLING
18,109,58.4,-6.2,0,False,CURLING
18,110,58.4,-6.2,0,False,CURLING
18,111,58.5,-6.3,0,False,CURLING
18,112,58.6,-6.4,0,False,CURLING
18,113,58.6,-6.5,0,False,CURLING
18,114,58.8,-6.6,129,False,CURLING
18,115,58.9,-6.6,372,False,CURLING
18,116,59.0,-6.6,1072,False,CURLING
18,117,59.1,-6.7,1878,False,CURLING
18,118,59.1,-6.7,2607,False,CURLING
18,119,59.2,-6.7,3319,False,CURLING
18,120,59.1,-6.6,4095,False,CURLING
18,121,59.0,-6.6,4095,False,CURLING
18,122,58.8,-6.6,4095,False,CURLING
18,123,58.5,-6.6,4095,False,CURLING
18,124,58.2,-6.7,3886,False,CURLING
18,125,58.0,-6.7,3123,False,CURLING
18,126,57.8,-6.7,2202,False,CURLING
18,127,57.6,-6.7,1286,False,CURLING
18,128,57.4,-6.7,418,False,CURLING
18,129,57.2,-6.7,0,False,CURLING
18,130,56.9,-6.6,0,False,CURLING
18,131,56.5,-6.6,0,False,CURLING
18,132,55.9,-6.5,0,False,CURLING
18,133,55.1,-6.3,0,False,CURLING
18,134,54.1,-6.1,208,False,CURLING
18,135,53.0,-5.9,452,False,CURLING
18,136,51.6,-5.9,1227,False,CURLING
18,137,50.2,-5.9,2032,False,CURLING
18,138,48.7,-5.9,2767,False,CURLING
18,139,47.2,-6.0,3474,False,CURLING
18,140,45.6,-6.2,4095,False,CURLING
18,141,44.2,-6.7,4095,False,CURLING
18,142,42.8,-7.0,4095,False,CURLING
18,143,41.2,-6.4,4095,False,CURLING
18,144,39.7,-5.9,3775,False,CURLING
18,145,38.4,-5.5,2929,False,CURLING
18,146,37.2,-5.5,2138,False,CURLING
18,147,35.8,-5.7,1171,False,CURLING
18,148,34.2,-5.8,379,False,CURLING
18,149,32.8,-5.6,0,False,CURLING
18,150,31.6,-5.4,0,False,CURLING
18,151,30.3,-5.2,0,False,CURLING
18,152,28.9,-5.0,0,False,CURLING
18,153,27.4,-4.9,0,False,CURLING
18,154,25.9,-4.9,134,False,CURLING
18,155,24.6,-4.8,470,False,CURLING
18,156,23.1,-4.8,1086,False,CURLING
18,157,21.5,-4.6,1822,False,CURLING
18,158,19.6,-4.0,2401,False,CURLING
18,159,18.0,-3.6,2881,False,DOWN
18,160,16.6,-3.4,3409,False,DOWN
18,161,15.2,-3.4,3577,False,DOWN
18,162,13.9,-3.3,4095,False,DOWN
18,163,12.4,-3.0,4095,False,DOWN
18,164,11.1,-2.8,3609,False,DOWN
18,165,10.1,-2.6,2893,False,DOWN
18,166,9.1,-2.5,2075,False,DOWN
18,167,8.4,-2.4,1200,False,DOWN
18,168,7.5,-2.3,457,False,DOWN
18,169,6.9,-2.1,0,False,DOWN
18,170,6.1,-1.9,0,False,DOWN
18,171,5.8,-1.7,0,False,DOWN
18,172,5.4,-1.5,0,False,DOWN
18,173,5.1,-1.5,0,False,DOWN
18,174,4.7,-1.5,131,False,DOWN
18,175,4.6,-1.7,489,False,DOWN
18,176,4.6,-1.8,1123,False,DOWN
18,177,4.8,-1.9,1879,False,DOWN
18,178,4.9,-2.0,2448,False,DOWN
18,179,4.9,-2.1,3002,False,DOWN
18,180,4.8,-2.1,3609,False,DOWN
18,181,4.7,-2.1,3984,False,DOWN
18,182,4.6,-2.1,4095,False,DOWN
18,183,4.5,-2.1,4095,False,DOWN
18,184,4.3,-2.1,3641,False,DOWN
18,185,4.3,-2.2,2754,False,DOWN
18,186,4.3,-2.2,2107,False,DOWN
18,187,4.2,-2.3,1194,False,DOWN
18,188,4.1,-2.3,370,False,DOWN
18,189,4.1,-2.4,0,False,DOWN
18,190,4.1,-2.5,0,False,DOWN
18,191,4.2,-2.5,0,False,DOWN
18,192,4.2,-2.6,0,False,DOWN
18,193,4.2,-2.6,0,False,DOWN
18,194,4.1,-2.7,198,False,DOWN
18,195,4.0,-2.7,597,False,DOWN
18,196,3.8,-2.7,1318,False,DOWN
18,197,3.7,-2.6,2062,False,DOWN
18,198,3.7,-2.6,2641,False,DOWN
18,199,3.7,-2.5,3045,False,DOWN
18,200,3.6,-2.5,3534,False,DOWN
18,201,3.4,-2.4,3808,False,DOWN
18,202,3.3,-2.3,4095,False,DOWN
18,203,3.3,-2.1,4095,False,DOWN
18,204,3.1,-2.0,3522,False,DOWN
18,205,3.1,-2.0,2811,False,DOWN
18,206,3.0,-1.9,1853,False,DOWN
18,207,2.9,-1.7,911,False,DOWN
18,208,2.7,-1.6,405,False,DOWN
18,209,2.6,-1.5,0,False,DOWN
18,210,2.5,-1.4,0,False,DOWN
18,211,2.6,-1.5,0,False,DOWN
18,212,2.7,-1.5,0,False,DOWN
18,213,2.8,-1.5,0,False,DOWN
18,214,2.9,-1.5,223,False,DOWN
18,215,3.1,-1.4,669,False,DOWN
18,216,3.1,-1.4,1424,False,DOWN
18,217,3.0,-1.4,2174,False,DOWN
18,218,2.9,-1.2,2811,False,DOWN
18,219,2.8,-1.2,3421,False,DOWN
18,220,2.6,-1.1,3856,False,DOWN
18,221,2.5,-1.0,4095,False,DOWN
18,222,2.3,-1.0,4095,False,DOWN
18,223,2.3,-0.2,4095,False,DOWN
18,224,2.2,-0.1,3351,False,DOWN
18,225,2.2,0.2,2506,False,DOWN
18,226,2.0,0.2,1695,False,DOWN
18,227,1.8,0.2,656,False,DOWN
18,228,1.8,0.3,25,False,DOWN
18,229,1.9,0.4,0,False,DOWN
18,230,1.9,0.4,0,False,DOWN
18,231,2.1,0.4,0,False,DOWN
18,232,1.9,0.5,0,False,DOWN
18,233,2.2,0.5,0,False,DOWN
18,234,1.9,0.5,258,False,DOWN
18,235,2.1,0.6,811,False,DOWN
18,236,2.2,0.7,1595,False,DOWN
18,237,2.0,0.6,2366,False,DOWN
18,238,2.0,0.6,3071,False,DOWN
18,239,2.2,0.5,3863,False,DOWN
18,240,2.2,0.5,4095,False,DOWN
18,241,2.2,0.4,4095,False,DOWN
18,242,2.2,0.4,4095,False,DOWN
18,243,2.1,0.4,4095,False,DOWN
18,244,2.1,0.4,3281,False,DOWN
18,245,2.1,0.4,2447,False,DOWN
18,246,2.0,0.4,1526,False,DOWN
18,247,2.0,0.4,704,False,DOWN
19,0,-1.1,-6.3,2463,False,DOWN
19,1,-1.1,-6.3,1838,False,DOWN
19,2,-1.1,-6.3,1221,False,DOWN
19,3,-1.1,-6.3,690,False,DOWN
19,4,-1.2,-6.3,208,False,DOWN
19,5,-1.2,-6.3,0,False,DOWN
19,6,-1.2,-6.3,0,False,DOWN
19,7,-1.2,-6.3,0,False,DOWN
19,8,-1.3,-6.3,0,False,DOWN
19,9,-1.3,-6.3,112,False,DOWN
19,10,-1.3,-6.4,289,False,DOWN
19,11,-1.3,-6.4,723,False,DOWN
19,12,-1.3,-6.4,1164,False,DOWN
19,13,-1.3,-6.4,1525,False,DOWN
19,14,-1.3,-6.4,1892,False,DOWN
19,15,-1.3,-6.4,2256,False,DOWN
19,16,-1.3,-6.5,2479,False,DOWN
19,17,-1.4,-6.5,2983,False,DOWN
19,18,-1.4,-6.5,3210,False,DOWN
19,19,-1.4,-6.6,2757,False,DOWN
19,20,-1.4,-6.6,2256,False,DOWN
19,21,-1.4,-6.6,1663,False,DOWN
19,22,-1.4,-6.6,1062,False,DOWN
19,23,-1.4,-6.6,539,False,DOWN
19,24,-1.4,-6.6,96,False,DOWN
19,25,-1.3,-6.6,0,False,DOWN
19,26,-1.2,-6.6,0,False,DOWN
19,27,-1.2,-6.6,0,False,DOWN
19,28,-1.0,-6.6,0,False,DOWN
19,29,-0.9,-6.6,127,False,DOWN
19,30,-0.7,-6.6,320,False,DOWN
19,31,-0.6,-6.5,819,False,DOWN
19,32,-0.5,-6.5,1264,False,DOWN
19,33,-0.4,-6.5,1635,False,DOWN
19,34,-0.2,-6.4,2021,False,DOWN
19,35,-0.1,-6.4,2349,False,DOWN
19,36,0.0,-6.3,2559,False,DOWN
19,37,0.1,-6.2,3071,False,DOWN
19,38,0.3,-6.2,3216,False,DOWN
19,39,0.4,-6.2,2691,False,DOWN
19,40,0.4,-6.3,2159,False,DOWN
19,41,0.6,-6.2,1531,False,DOWN
19,42,0.7,-6.2,947,False,DOWN
19,43,0.9,-6.2,417,False,DOWN
19,44,1.1,-6.2,0,False,DOWN
19,45,1.4,-6.2,0,False,DOWN
19,46,1.7,-6.1,0,False,DOWN
19,47,2.2,-6.0,0,False,DOWN
19,48,2.6,-6.0,0,False,DOWN
19,49,3.2,-5.9,176,False,DOWN
19,50,3.8,-5.8,559,False,DOWN
19,51,4.4,-5.6,1008,False,DOWN
19,52,5.1,-5.5,1454,False,DOWN
19,53,5.6,-5.4,1889,False,DOWN
19,54,6.0,-5.3,2301,False,DOWN
19,55,6.6,-5.2,2583,False,DOWN
19,56,7.3,-5.1,3054,False,DOWN
19,57,7.8,-5.1,3397,False,DOWN
19,58,8.4,-5.0,3120,False,DOWN
19,59,9.1,-5.0,2687,False,DOWN
19,60,10.0,-5.1,2044,False,DOWN
19,61,10.7,-5.1,1359,False,DOWN
19,62,11.6,-5.1,765,False,DOWN
19,63,12.4,-5.0,259,False,DOWN
19,64,13.5,-5.0,0,False,DOWN
19,65,14.7,-5.0,0,False,DOWN
19,66,16.0,-5.0,0,False,DOWN
19,67,17.3,-5.1,0,False,DOWN
19,68,18.7,-5.1,34,False,DOWN
19,69,20.1,-5.0,203,False,DOWN
19,70,21.5,-4.8,673,False,DOWN
19,71,23.0,-4.4,1171,False,DOWN
19,72,24.3,-4.1,1594,False,DOWN
19,73,25.6,-3.7,2019,False,DOWN
19,74,26.8,-3.5,2465,False,DOWN
19,75,28.0,-3.3,2670,False,DOWN
19,76,29.2,-3.2,3245,False,DOWN
19,77,30.3,-3.0,3557,False,DOWN
19,78,31.2,-2.9,3158,False,CURLING
19,79,32.3,-2.8,2551,False,CURLING
19,80,33.3,-2.8,1983,False,CURLING
19,81,34.2,-2.8,1290,False,CURLING
19,82,35.2,-2.8,720,False,CURLING
19,83,36.1,-2.8,176,False,CURLING
19,84,37.0,-2.9,0,False,CURLING
19,85,37.9,-2.9,0,False,CURLING
19,86,38.9,-3.0,0,False,CURLING
19,87,39.8,-3.0,0,False,CURLING
19,88,40.7,-3.0,75,False,CURLING
19,89,41.5,-3.1,323,False,CURLING
19,90,42.8,-3.1,802,False,CURLING
19,91,44.1,-3.2,1294,False,CURLING
19,92,45.3,-3.3,1689,False,CURLING
19,93,46.6,-3.2,2118,False,CURLING
19,94,47.9,-3.1,2523,False,CURLING
19,95,49.1,-2.9,2732,False,CURLING
19,96,50.3,-2.8,3292,False,CURLING
19,97,51.5,-2.5,3597,False,CURLING
19,98,52.5,-2.4,3038,False,CURLING
19,99,53.6,-2.2,2471,False,CURLING
19,100,54.5,-2.1,1806,False,CURLING
19,101,55.4,-2.1,1118,False,CURLING
19,102,56.2,-1.9,592,False,CURLING
19,103,56.9,-2.0,79,False,CURLING
19,104,57.6,-1.9,0,False,CURLING
19,105,58.3,-1.9,0,False,CURLING
19,106,58.9,-1.9,0,False,CURLING
19,107,59.6,-1.9,0,False,CURLING
19,108,60.1,-2.0,143,False,CURLING
19,109,60.5,-2.1,406,False,CURLING
19,110,61.0,-2.1,893,False,CURLING
19,111,61.3,-2.1,1407,False,CURLING
19,112,61.5,-2.1,1819,False,CURLING
19,113,61.7,-2.2,2206,False,CURLING
19,114,61.8,-2.3,2553,False,CURLING
19,115,61.9,-2.3,2827,False,CURLING
19,116,61.8,-2.4,3379,False,CURLING
19,117,61.8,-2.5,3461,False,CURLING
19,118,61.8,-2.5,2929,False,CURLING
19,119,61.8,-2.6,2341,False,CURLING
19,120,61.9,-2.7,1662,False,CURLING
19,121,62.0,-2.8,1009,False,CURLING
19,122,62.1,-2.8,462,False,CURLING
19,123,62.0,-2.8,0,False,CURLING
19,124,62.1,-2.8,0,False,CURLING
19,125,62.2,-2.8,0,False,CURLING
19,126,62.2,-2.8,0,False,CURLING
19,127,62.3,-2.8,0,False,CURLING
19,128,62.3,-2.8,173,False,CURLING
19,129,62.4,-2.8,544,False,CURLING
19,130,62.4,-2.8,1002,False,CURLING
19,131,62.3,-2.8,1469,False,CURLING
19,132,62.2,-2.8,1920,False,CURLING
19,133,62.0,-2.8,2345,False,CURLING
19,134,61.8,-2.9,2630,False,CURLING
19,135,61.5,-2.9,3079,False,CURLING
19,136,61.1,-2.9,3470,False,CURLING
19,137,60.6,-2.9,3423,False,CURLING
19,138,60.1,-2.9,2829,False,CURLING
19,139,59.4,-2.9,2177,False,CURLING
19,140,58.8,-2.9,1511,False,CURLING
19,141,58.0,-2.9,901,False,CURLING
19,142,57.2,-2.9,323,False,CURLING
19,143,56.3,-3.0,0,False,CURLING
19,144,55.2,-3.0,0,False,CURLING
19,145,54.2,-3.0,0,False,CURLING
19,146,53.1,-3.0,0,False,CURLING
19,147,52.1,-2.8,0,False,CURLING
19,148,51.0,-2.7,182,False,CURLING
19,149,49.9,-2.5,653,False,CURLING
19,150,48.8,-2.4,1137,False,CURLING
19,151,47.6,-2.3,1596,False,CURLING
19,152,46.6,-2.3,2038,False,CURLING
19,153,45.5,-2.2,2495,False,CURLING
19,154,44.5,-2.2,2742,False,CURLING
19,155,43.4,-2.1,3250,False,CURLING
19,156,42.3,-2.0,3485,False,CURLING
19,157,41.2,-2.0,3222,False,CURLING
19,158,40.2,-1.9,2736,False,CURLING
19,159,39.1,-1.8,2064,False,CURLING
19,160,38.0,-1.8,1309,False,CURLING
19,161,36.8,-1.7,775,False,CURLING
19,162,35.7,-1.5,189,False,CURLING
19,163,34.4,-1.3,0,False,CURLING
19,164,33.2,-1.1,0,False,CURLING
19,165,32.0,-0.9,0,False,CURLING
19,166,30.6,-0.7,0,False,CURLING
19,167,29.2,-0.6,75,False,CURLING
19,168,27.8,-0.6,320,False,CURLING
19,169,26.5,-0.6,784,False,CURLING
19,170,25.5,-0.6,1281,False,CURLING
19,171,24.3,-0.7,1702,False,CURLING
19,172,23.2,-0.7,2158,False,CURLING
19,173,22.2,-0.8,2554,False,CURLING
19,174,21.4,-0.8,2795,False,CURLING
19,175,20.4,-0.9,3325,False,CURLING
19,176,19.4,-1.0,3639,False,CURLING
19,177,18.3,-1.0,3136,False,DOWN
19,178,17.3,-1.0,2608,False,DOWN
19,179,16.1,-0.9,1935,False,DOWN
19,180,15.0,-0.5,1261,False,DOWN
19,181,13.9,-0.3,676,False,DOWN
19,182,12.8,-0.4,122,False,DOWN
19,183,11.8,-0.5,0,False,DOWN
19,184,10.8,-0.5,0,False,DOWN
19,185,9.9,-0.5,0,False,DOWN
19,186,9.2,-0.3,0,False,DOWN
19,187,8.5,-0.3,123,False,DOWN
19,188,7.8,-0.4,419,False,DOWN
19,189,7.3,-0.4,936,False,DOWN
19,190,6.7,-0.5,1489,False,DOWN
19,191,6.2,-0.5,1970,False,DOWN
19,192,5.8,-0.6,2399,False,DOWN
19,193,5.4,-0.6,2833,False,DOWN
19,194,5.0,-0.7,3093,False,DOWN
19,195,4.7,-1.0,3633,False,DOWN
19,196,4.4,-1.1,3696,False,DOWN
19,197,4.0,-1.2,3157,False,DOWN
19,198,3.8,-1.2,2559,False,DOWN
19,199,3.6,-1.4,1808,False,DOWN
19,200,3.5,-1.6,997,False,DOWN
19,201,3.4,-1.7,492,False,DOWN
19,202,3.3,-1.8,41,False,DOWN
19,203,3.3,-1.8,0,False,DOWN
19,204,3.0,-1.9,0,False,DOWN
19,205,2.9,-2.0,0,False,DOWN
19,206,2.8,-2.2,0,False,DOWN
19,207,2.7,-2.3,170,False,DOWN
19,208,2.7,-2.4,435,False,DOWN
19,209,2.6,-2.6,833,False,DOWN
19,210,2.5,-2.8,1234,False,DOWN
19,211,2.5,-2.9,1573,False,DOWN
19,212,2.6,-3.2,1876,False,DOWN
19,213,2.6,-3.4,2175,False,DOWN
19,214,2.6,-3.6,2357,False,DOWN
19,215,2.6,-3.7,2815,False,DOWN
19,216,2.6,-3.8,2961,False,DOWN
19,217,2.7,-4.1,2526,False,DOWN
19,218,2.9,-4.2,2175,False,DOWN
19,219,2.7,-4.2,1530,False,DOWN
19,220,2.4,-4.2,988,False,DOWN
19,221,2.3,-4.3,464,False,DOWN
19,222,2.3,-4.5,0,False,DOWN
19,223,2.1,-4.7,0,False,DOWN
19,224,1.8,-4.9,0,False,DOWN
19,225,1.7,-5.1,0,False,DOWN
19,226,1.7,-5.3,0,False,DOWN
19,227,1.6,-5.6,142,False,DOWN
19,228,1.4,-5.8,447,False,DOWN
19,229,1.1,-5.8,861,False,DOWN
19,230,0.9,-5.7,1248,False,DOWN
19,231,0.6,-5.5,1626,False,DOWN
19,232,0.5,-5.3,1931,False,DOWN
19,233,-0.4,-5.3,2159,False,DOWN
19,234,-0.4,-5.2,2512,False,DOWN
19,235,-0.4,-5.3,2850,False,DOWN
19,236,-0.5,-5.2,2832,False,DOWN
19,237,-0.6,-5.2,2358,False,DOWN
19,238,-0.7,-5.2,1794,False,DOWN
19,239,-0.9,-5.1,1229,False,DOWN
19,240,-1.1,-4.8,701,False,DOWN
19,241,-1.3,-4.6,226,False,DOWN
19,242,-1.5,-4.2,0,False,DOWN
19,243,-1.4,-3.9,0,False,DOWN
19,244,-1.5,-3.6,0,False,DOWN
19,245,-1.6,-3.4,0,False,DOWN
19,246,-1.4,-3.2,0,False,DOWN
19,247,-1.6,-3.0,145,False,DOWN
19,248,-1.9,-2.8,528,False,DOWN
19,249,-2.2,-2.6,885,False,DOWN
19,250,-2.5,-2.4,1181,False,DOWN
19,251,-2.8,-2.3,1526,False,DOWN
19,252,-3.1,-2.1,1849,False,DOWN
19,253,-3.4,-1.9,2033,False,DOWN
19,254,-3.7,-1.7,2445,False,DOWN
19,255,-3.8,-1.4,2754,False,DOWN
19,256,-4.4,-1.1,2618,False,DOWN
19,257,-4.6,-0.9,2225,False,DOWN
19,258,-4.5,-0.7,1648,False,DOWN
19,259,-4.8,-0.5,1121,False,DOWN
19,260,-5.2,-0.2,635,False,DOWN
19,261,-5.4,-0.0,214,False,DOWN
19,262,-5.2,0.0,0,False,DOWN
19,263,-5.7,0.2,0,False,DOWN
19,264,-6.3,0.4,0,False,DOWN
19,265,-6.8,0.7,0,False,DOWN
20,0,0.4,-6.0,940,False,DOWN
20,1,0.4,-6.0,1238,False,DOWN
20,2,0.4,-6.0,1499,False,DOWN
20,3,0.3,-6.0,1776,False,DOWN
20,4,0.3,-6.0,1950,False,DOWN
20,5,0.3,-6.0,2420,False,DOWN
20,6,0.3,-6.0,2667,False,DOWN
20,7,0.3,-6.0,2277,False,DOWN
20,8,0.3,-6.0,1871,False,DOWN
20,9,0.3,-6.0,1398,False,DOWN
20,10,0.3,-6.0,917,False,DOWN
20,11,0.2,-6.0,493,False,DOWN
20,12,0.3,-6.0,132,False,DOWN
20,13,0.3,-6.0,0,False,DOWN
20,14,0.3,-6.0,0,False,DOWN
20,15,0.3,-6.0,0,False,DOWN
20,16,0.3,-6.1,0,False,DOWN
20,17,0.2,-6.1,91,False,DOWN
20,18,0.3,-6.0,267,False,DOWN
20,19,0.3,-6.0,624,False,DOWN
20,20,0.3,-6.0,945,False,DOWN
20,21,0.3,-6.0,1238,False,DOWN
20,22,0.3,-6.0,1480,False,DOWN
20,23,0.3,-6.0,1774,False,DOWN
20,24,0.3,-6.0,1947,False,DOWN
20,25,0.3,-6.0,2410,False,DOWN
20,26,0.3,-6.0,2672,False,DOWN
20,27,0.4,-6.0,2275,False,DOWN
20,28,0.4,-6.0,1875,False,DOWN
20,29,0.4,-6.0,1383,False,DOWN
20,30,0.4,-6.0,910,False,DOWN
20,31,0.3,-6.0,511,False,DOWN
20,32,0.3,-6.0,145,False,DOWN
20,33,0.4,-6.0,0,False,DOWN
20,34,0.4,-6.0,0,False,DOWN
20,35,0.4,-6.0,0,False,DOWN
20,36,0.4,-6.1,0,False,DOWN
20,37,0.4,-6.1,93,False,DOWN
20,38,0.4,-6.1,276,False,DOWN
20,39,0.4,-6.1,603,False,DOWN
20,40,0.5,-6.1,946,False,DOWN
20,41,0.5,-6.1,1232,False,DOWN
20,42,0.5,-6.1,1475,False,DOWN
20,43,0.6,-6.1,1769,False,DOWN
20,44,0.7,-6.2,1936,False,DOWN
20,45,0.7,-6.2,2384,False,DOWN
20,46,0.8,-6.2,2646,False,DOWN
20,47,0.9,-6.2,2272,False,DOWN
20,48,1.1,-6.2,1862,False,DOWN
20,49,1.3,-6.3,1395,False,DOWN
20,50,1.7,-6.3,913,False,DOWN
20,51,2.0,-6.3,500,False,DOWN
20,52,2.8,-6.2,125,False,DOWN
20,53,3.3,-6.2,0,False,DOWN
20,54,3.6,-6.1,0,False,DOWN
20,55,3.8,-6.0,0,False,DOWN
20,56,4.5,-6.0,0,False,DOWN
20,57,4.7,-5.9,106,False,DOWN
20,58,5.2,-5.8,295,False,DOWN
20,59,5.7,-5.8,640,False,DOWN
20,60,6.3,-5.7,976,False,DOWN
20,61,6.8,-5.7,1251,False,DOWN
20,62,7.3,-5.7,1497,False,DOWN
20,63,7.9,-5.7,1761,False,DOWN
20,64,8.4,-5.6,1923,False,DOWN
20,65,8.9,-5.6,2368,False,DOWN
20,66,9.7,-5.6,2608,False,DOWN
20,67,10.5,-5.6,2233,False,DOWN
20,68,11.3,-5.6,1806,False,DOWN
20,69,12.1,-5.7,1334,False,DOWN
20,70,12.9,-5.6,854,False,DOWN
20,71,13.8,-5.5,433,False,DOWN
20,72,14.7,-5.5,73,False,DOWN
20,73,15.8,-5.4,0,False,DOWN
20,74,16.9,-5.3,0,False,DOWN
20,75,18.0,-5.1,0,False,DOWN
20,76,19.3,-4.9,0,False,DOWN
20,77,20.5,-4.7,128,False,DOWN
20,78,21.8,-4.6,336,False,DOWN
20,79,23.2,-4.4,688,False,DOWN
20,80,24.5,-4.3,1057,False,DOWN
20,81,25.7,-4.1,1357,False,DOWN
20,82,27.0,-3.9,1654,False,DOWN
20,83,28.2,-3.7,1927,False,DOWN
20,84,29.4,-3.5,2112,False,DOWN
20,85,30.6,-3.5,2614,False,DOWN
20,86,31.6,-3.4,2871,False,CURLING
20,87,32.7,-3.3,2416,False,CURLING
20,88,33.7,-3.2,1994,False,CURLING
20,89,34.6,-3.1,1486,False,CURLING
20,90,35.5,-3.1,927,False,CURLING
20,91,36.2,-3.1,487,False,CURLING
20,92,36.9,-3.0,106,False,CURLING
20,93,37.7,-3.0,0,False,CURLING
20,94,38.3,-3.0,0,False,CURLING
20,95,39.0,-3.1,0,False,CURLING
20,96,39.6,-3.1,0,False,CURLING
20,97,40.2,-3.1,128,False,CURLING
20,98,40.8,-3.2,358,False,CURLING
20,99,41.4,-3.2,730,False,CURLING
20,100,42.0,-3.3,1107,False,CURLING
20,101,42.5,-3.2,1421,False,CURLING
20,102,43.0,-3.3,1710,False,CURLING
20,103,43.6,-3.2,1999,False,CURLING
20,104,44.1,-3.2,2192,False,CURLING
20,105,44.6,-3.1,2693,False,CURLING
20,106,45.1,-3.1,2957,False,CURLING
20,107,45.6,-3.1,2510,False,CURLING
20,108,46.1,-3.0,2047,False,CURLING
20,109,46.6,-3.0,1518,False,CURLING
20,110,47.0,-3.0,987,False,CURLING
20,111,47.4,-3.1,526,False,CURLING
20,112,47.8,-3.0,126,False,CURLING
20,113,48.3,-3.0,0,False,CURLING
20,114,48.7,-3.0,0,False,CURLING
20,115,49.1,-2.9,0,False,CURLING
20,116,49.5,-2.9,0,False,CURLING
20,117,50.0,-2.9,160,False,CURLING
20,118,50.2,-2.7,374,False,CURLING
20,119,50.5,-2.7,782,False,CURLING
20,120,50.6,-2.7,1142,False,CURLING
20,121,50.7,-2.8,1497,False,CURLING
20,122,50.9,-2.8,1774,False,CURLING
20,123,50.9,-2.9,2063,False,CURLING
20,124,51.0,-3.0,2267,False,CURLING
20,125,51.1,-3.0,2779,False,CURLING
20,126,51.2,-3.1,3018,False,CURLING
20,127,51.2,-3.1,2559,False,CURLING
20,128,51.3,-3.2,2058,False,CURLING
20,129,51.3,-3.2,1505,False,CURLING
20,130,51.4,-3.2,975,False,CURLING
20,131,51.4,-3.2,530,False,CURLING
20,132,51.5,-3.3,123,False,CURLING
20,133,51.6,-3.3,0,False,CURLING
20,134,51.7,-3.3,0,False,CURLING
20,135,51.8,-3.3,0,False,CURLING
20,136,51.8,-3.3,0,False,CURLING
20,137,51.9,-3.3,138,False,CURLING
20,138,52.0,-3.3,397,False,CURLING
20,139,52.2,-3.3,784,False,CURLING
20,140,52.3,-3.3,1203,False,CURLING
20,141,52.4,-3.3,1527,False,CURLING
20,142,52.5,-3.3,1840,False,CURLING
20,143,52.7,-3.3,2128,False,CURLING
20,144,52.8,-3.3,2371,False,CURLING
20,145,52.9,-3.3,2893,False,CURLING
20,146,53.0,-3.2,3146,False,CURLING
20,147,53.1,-3.3,2658,False,CURLING
20,148,53.2,-3.3,2169,False,CURLING
20,149,53.4,-3.4,1602,False,CURLING
20,150,53.4,-3.4,1058,False,CURLING
20,151,53.5,-3.4,582,False,CURLING
20,152,53.6,-3.4,133,False,CURLING
20,153,53.6,-3.4,0,False,CURLING
20,154,53.6,-3.4,0,False,CURLING
20,155,53.6,-3.5,0,False,CURLING
20,156,53.6,-3.5,0,False,CURLING
20,157,53.5,-3.5,154,False,CURLING
20,158,53.5,-3.5,421,False,CURLING
20,159,53.4,-3.5,835,False,CURLING
20,160,53.3,-3.5,1248,False,CURLING
20,161,53.1,-3.6,1613,False,CURLING
20,162,52.9,-3.6,1941,False,CURLING
20,163,52.7,-3.6,2257,False,CURLING
20,164,52.3,-3.7,2515,False,CURLING
20,165,51.9,-3.6,3088,False,CURLING
20,166,51.3,-3.6,3339,False,CURLING
20,167,50.5,-3.6,2727,False,CURLING
20,168,49.4,-3.4,2229,False,CURLING
20,169,48.2,-3.3,1654,False,CURLING
20,170,47.0,-3.1,1087,False,CURLING
20,171,45.7,-3.0,609,False,CURLING
20,172,44.4,-3.0,103,False,CURLING
20,173,43.1,-3.2,0,False,CURLING
20,174,41.7,-3.4,0,False,CURLING
20,175,40.3,-3.7,0,False,CURLING
20,176,38.9,-3.9,0,False,CURLING
20,177,37.6,-3.9,162,False,CURLING
20,178,36.2,-4.0,470,False,CURLING
20,179,34.6,-4.0,943,False,CURLING
20,180,33.2,-4.2,1349,False,CURLING
20,181,31.9,-4.4,1761,False,CURLING
20,182,30.6,-4.6,2144,False,CURLING
20,183,29.2,-4.8,2454,False,CURLING
20,184,27.8,-5.0,2718,False,CURLING
20,185,26.2,-5.0,3310,False,CURLING
20,186,24.8,-4.9,3483,False,CURLING
20,187,23.4,-4.9,2932,False,CURLING
20,188,22.1,-4.8,2391,False,CURLING
20,189,20.5,-4.8,1745,False,CURLING
20,190,19.1,-4.7,1153,False,CURLING
20,191,17.7,-4.8,656,False,DOWN
20,192,16.4,-4.8,176,False,DOWN
20,193,15.1,-4.8,0,False,DOWN
20,194,14.0,-4.9,0,False,DOWN
20,195,12.8,-5.0,0,False,DOWN
20,196,12.0,-4.9,0,False,DOWN
20,197,11.0,-4.9,157,False,DOWN
20,198,10.0,-5.0,450,False,DOWN
20,199,9.1,-5.0,886,False,DOWN
20,200,8.2,-5.0,1329,False,DOWN
20,201,7.3,-5.0,1712,False,DOWN
20,202,6.5,-5.0,2075,False,DOWN
20,203,6.0,-4.9,2371,False,DOWN
20,204,5.6,-4.9,2598,False,DOWN
20,205,5.3,-4.9,3194,False,DOWN
20,206,5.1,-4.9,3326,False,DOWN
20,207,4.9,-4.9,2683,False,DOWN
20,208,4.5,-4.6,2176,False,DOWN
20,209,4.0,-4.5,1597,False,DOWN
20,210,3.6,-4.4,1072,False,DOWN
20,211,3.2,-4.3,560,False,DOWN
20,212,2.9,-4.1,123,False,DOWN
20,213,2.5,-4.1,0,False,DOWN
20,214,2.3,-4.1,0,False,DOWN
20,215,1.9,-4.1,0,False,DOWN
20,216,1.7,-4.1,0,False,DOWN
20,217,1.6,-4.1,128,False,DOWN
20,218,1.4,-4.3,409,False,DOWN
20,219,1.4,-4.4,816,False,DOWN
20,220,1.3,-4.5,1214,False,DOWN
20,221,1.2,-4.5,1603,False,DOWN
20,222,1.3,-4.7,2099,False,DOWN
20,223,1.2,-4.8,2687,False,DOWN
20,224,1.1,-5.0,3109,False,DOWN
20,225,0.9,-5.1,3770,False,DOWN
20,226,0.8,-5.1,3857,False,DOWN
20,227,0.7,-5.2,3184,False,DOWN
20,228,0.6,-5.3,2501,False,DOWN
20,229,0.6,-5.3,1840,False,DOWN
20,230,0.6,-5.4,1217,False,DOWN
20,231,0.7,-5.5,585,False,DOWN
20,232,0.7,-5.7,34,False,DOWN
20,233,0.7,-5.8,0,False,DOWN
20,234,0.9,-5.9,0,False,DOWN
20,235,1.0,-6.1,0,False,DOWN
20,236,1.1,-6.2,0,False,DOWN
20,237,1.2,-6.4,158,False,DOWN
20,238,1.3,-6.6,464,False,DOWN
20,239,1.4,-6.7,986,False,DOWN
20,240,1.5,-6.8,1471,False,DOWN
20,241,1.5,-6.8,1930,False,DOWN
20,242,1.6,-6.9,2379,False,DOWN
20,243,1.6,-6.9,2704,False,DOWN
20,244,1.6,-7.0,3088,False,DOWN
20,245,1.6,-7.0,3619,False,DOWN
20,246,1.7,-7.0,3729,False,DOWN
20,247,1.7,-7.0,3071,False,DOWN
20,248,1.6,-7.0,2434,False,DOWN
20,249,1.5,-7.0,1786,False,DOWN
20,250,1.5,-7.0,1091,False,DOWN
20,251,1.4,-7.0,573,False,DOWN
20,252,1.3,-6.9,48,False,DOWN
20,253,1.2,-6.9,0,False,DOWN
20,254,1.1,-6.9,0,False,DOWN
20,255,1.0,-6.9,0,False,DOWN
20,256,0.9,-6.9,0,False,DOWN
20,257,0.9,-6.9,143,False,DOWN
20,258,0.8,-6.9,511,False,DOWN
20,259,0.7,-6.9,1007,False,DOWN
20,260,0.6,-7.0,1525,False,DOWN
20,261,0.6,-7.0,2002,False,DOWN
20,262,0.5,-7.0,2480,False,DOWN
20,263,0.4,-7.0,2814,False,DOWN
20,264,0.4,-7.0,3245,False,DOWN
20,265,0.4,-7.0,3751,False,DOWN
20,266,0.3,-7.0,3779,False,DOWN
20,267,0.3,-7.0,3138,False,DOWN
20,268,0.3,-7.1,2493,False,DOWN
20,269,0.2,-7.1,1802,False,DOWN
21,0,-0.7,-4.8,0,False,DOWN
21,1,-0.7,-4.8,0,False,DOWN
21,2,-0.7,-4.8,0,False,DOWN
21,3,-0.7,-4.8,111,False,DOWN
21,4,-0.8,-4.8,326,False,DOWN
21,5,-0.8,-4.8,754,False,DOWN
21,6,-0.8,-4.8,1232,False,DOWN
21,7,-0.8,-4.8,1623,False,DOWN
21,8,-0.8,-4.8,1904,False,DOWN
21,9,-0.8,-4.8,2115,False,DOWN
21,10,-0.8,-4.8,2237,False,DOWN
21,11,-0.8,-4.8,2806,False,DOWN
21,12,-0.8,-4.7,3147,False,DOWN
21,13,-0.8,-4.7,2683,False,DOWN
21,14,-0.8,-4.7,2254,False,DOWN
21,15,-0.8,-4.7,1701,False,DOWN
21,16,-0.8,-4.8,1198,False,DOWN
21,17,-0.8,-4.8,715,False,DOWN
21,18,-0.8,-4.8,272,False,DOWN
21,19,-0.8,-4.8,0,False,DOWN
21,20,-0.8,-4.8,0,False,DOWN
21,21,-0.8,-4.8,0,False,DOWN
21,22,-0.8,-4.8,0,False,DOWN
21,23,-0.8,-4.8,90,False,DOWN
21,24,-0.8,-4.8,285,False,DOWN
21,25,-0.8,-4.8,714,False,DOWN
21,26,-0.8,-4.7,1187,False,DOWN
21,27,-0.8,-4.7,1471,False,DOWN
21,28,-0.8,-4.7,1694,False,DOWN
21,29,-0.8,-4.7,2005,False,DOWN
21,30,-0.7,-4.6,2252,False,DOWN
21,31,-0.2,-4.6,2766,False,DOWN
21,32,-0.1,-4.6,3059,False,DOWN
21,33,-0.0,-4.6,2657,False,DOWN
21,34,0.1,-4.7,2249,False,DOWN
21,35,0.2,-4.7,1719,False,DOWN
21,36,0.3,-4.6,1185,False,DOWN
21,37,0.4,-4.6,736,False,DOWN
21,38,0.6,-4.7,274,False,DOWN
21,39,0.8,-4.6,0,False,DOWN
21,40,0.7,-4.6,0,False,DOWN
21,41,0.1,-4.6,0,False,DOWN
21,42,0.7,-4.6,0,False,DOWN
21,43,1.2,-4.6,75,False,DOWN
21,44,2.1,-4.5,256,False,DOWN
21,45,2.1,-4.5,647,False,DOWN
21,46,2.5,-4.4,1040,False,DOWN
21,47,3.0,-4.4,1340,False,DOWN
21,48,3.6,-4.4,1669,False,DOWN
21,49,4.1,-4.4,2021,False,DOWN
21,50,4.7,-4.3,2235,False,DOWN
21,51,5.3,-4.3,2735,False,DOWN
21,52,6.0,-4.2,3062,False,DOWN
21,53,6.9,-4.2,2688,False,DOWN
21,54,7.6,-4.3,2283,False,DOWN
21,55,8.3,-4.4,1757,False,DOWN
21,56,9.2,-4.4,1169,False,DOWN
21,57,10.5,-4.3,720,False,DOWN
21,58,11.7,-4.2,263,False,DOWN
21,59,13.0,-4.1,0,False,DOWN
21,60,14.4,-4.1,0,False,DOWN
21,61,15.9,-4.1,0,False,DOWN
21,62,17.4,-4.0,0,False,DOWN
21,63,18.9,-3.8,74,False,DOWN
21,64,20.3,-3.3,266,False,DOWN
21,65,21.7,-3.1,650,False,DOWN
21,66,23.1,-2.9,1040,False,DOWN
21,67,24.4,-2.6,1373,False,DOWN
21,68,25.7,-2.3,1746,False,DOWN
21,69,27.0,-2.2,2107,False,DOWN
21,70,28.2,-2.1,2305,False,DOWN
21,71,29.4,-2.0,2833,False,DOWN
21,72,30.5,-1.9,3151,False,DOWN
21,73,31.5,-1.8,2819,False,CURLING
21,74,32.4,-1.8,2352,False,CURLING
21,75,33.4,-1.7,1814,False,CURLING
21,76,34.4,-1.7,1262,False,CURLING
21,77,35.3,-1.8,762,False,CURLING
21,78,36.3,-1.8,343,False,CURLING
21,79,37.2,-1.9,0,False,CURLING
21,80,38.2,-1.9,0,False,CURLING
21,81,39.2,-2.0,0,False,CURLING
21,82,40.3,-2.0,0,False,CURLING
21,83,41.3,-2.1,57,False,CURLING
21,84,42.4,-2.1,206,False,CURLING
21,85,43.4,-2.2,576,False,CURLING
21,86,44.6,-2.2,961,False,CURLING
21,87,45.8,-2.1,1255,False,CURLING
21,88,46.9,-2.0,1619,False,CURLING
21,89,48.0,-1.9,1994,False,CURLING
21,90,49.1,-1.8,2201,False,CURLING
21,91,50.1,-1.7,2736,False,CURLING
21,92,51.1,-1.7,3055,False,CURLING
21,93,52.2,-1.7,2820,False,CURLING
21,94,53.1,-1.6,2422,False,CURLING
21,95,54.0,-1.4,1879,False,CURLING
21,96,55.0,-1.3,1334,False,CURLING
21,97,55.8,-1.2,851,False,CURLING
21,98,56.5,-1.0,374,False,CURLING
21,99,57.3,-0.9,0,False,CURLING
21,100,57.9,-0.7,0,False,CURLING
21,101,58.4,-0.6,0,False,CURLING
21,102,58.8,-0.6,0,False,CURLING
21,103,59.2,-0.7,48,False,CURLING
21,104,59.5,-0.7,178,False,CURLING
21,105,59.7,-0.8,685,False,CURLING
21,106,59.9,-0.8,1218,False,CURLING
21,107,60.0,-0.9,1664,False,CURLING
21,108,60.2,-0.9,2128,False,CURLING
21,109,60.3,-1.0,2559,False,CURLING
21,110,60.3,-1.1,2845,False,CURLING
21,111,60.4,-1.1,3483,False,CURLING
21,112,60.6,-1.2,3898,False,CURLING
21,113,60.7,-1.3,3365,False,CURLING
21,114,60.9,-1.3,3005,False,CURLING
21,115,61.0,-1.3,2269,False,CURLING
21,116,61.1,-1.3,1556,False,CURLING
21,117,61.3,-1.3,1022,False,CURLING
21,118,61.4,-1.3,369,False,CURLING
21,119,61.4,-1.4,0,False,CURLING
21,120,61.5,-1.4,0,False,CURLING
21,121,61.5,-1.4,0,False,CURLING
21,122,61.5,-1.4,0,False,CURLING
21,123,61.5,-1.4,0,False,CURLING
21,124,61.4,-1.4,145,False,CURLING
21,125,61.3,-1.5,578,False,CURLING
21,126,61.2,-1.5,1067,False,CURLING
21,127,61.0,-1.5,1509,False,CURLING
21,128,60.8,-1.5,1953,False,CURLING
21,129,60.5,-1.6,2430,False,CURLING
21,130,60.1,-1.7,2702,False,CURLING
21,131,59.5,-1.7,3223,False,CURLING
21,132,58.8,-1.7,3686,False,CURLING
21,133,58.0,-1.6,3563,False,CURLING
21,134,56.9,-1.5,2877,False,CURLING
21,135,55.8,-1.4,2371,False,CURLING
21,136,54.5,-1.5,1727,False,CURLING
21,137,53.2,-1.6,1107,False,CURLING
21,138,52.0,-1.7,529,False,CURLING
21,139,50.7,-1.8,0,False,CURLING
21,140,49.2,-2.0,0,False,CURLING
21,141,47.6,-2.1,0,False,CURLING
21,142,45.8,-2.0,0,False,CURLING
21,143,44.2,-2.0,0,False,CURLING
21,144,42.7,-2.0,131,False,CURLING
21,145,41.0,-2.0,486,False,CURLING
21,146,39.1,-2.0,993,False,CURLING
21,147,37.5,-2.1,1463,False,CURLING
21,148,36.0,-2.2,1895,False,CURLING
21,149,34.7,-2.5,2341,False,CURLING
21,150,33.2,-2.7,2627,False,CURLING
21,151,31.9,-3.0,3069,False,CURLING
21,152,30.6,-3.2,3538,False,CURLING
21,153,29.5,-3.4,3583,False,CURLING
21,154,28.4,-3.4,3015,False,CURLING
21,155,27.1,-3.4,2399,False,CURLING
21,156,25.9,-3.6,1781,False,CURLING
21,157,24.9,-3.7,1162,False,CURLING
21,158,23.8,-3.9,583,False,CURLING
21,159,22.7,-4.1,42,False,CURLING
21,160,21.5,-4.0,0,False,CURLING
21,161,20.5,-4.0,0,False,CURLING
21,162,19.4,-3.9,0,False,CURLING
21,163,18.0,-3.9,0,False,DOWN
21,164,17.0,-3.8,123,False,DOWN
21,165,15.8,-3.9,416,False,DOWN
21,166,14.8,-3.9,881,False,DOWN
21,167,13.7,-4.0,1342,False,DOWN
21,168,12.7,-4.0,1776,False,DOWN
21,169,11.6,-4.0,2162,False,DOWN
21,170,10.6,-4.1,2486,False,DOWN
21,171,9.7,-4.2,2785,False,DOWN
21,172,8.8,-4.4,3351,False,DOWN
21,173,7.8,-4.6,3568,False,DOWN
21,174,7.3,-4.8,2959,False,DOWN
21,175,6.4,-5.0,2430,False,DOWN
21,176,6.2,-5.1,1772,False,DOWN
21,177,6.0,-5.3,1197,False,DOWN
21,178,5.8,-5.5,662,False,DOWN
21,179,5.0,-5.5,154,False,DOWN
21,180,5.0,-5.6,0,False,DOWN
21,181,4.9,-5.4,0,False,DOWN
21,182,4.7,-5.4,0,False,DOWN
21,183,4.6,-5.4,0,False,DOWN
21,184,4.5,-5.3,115,False,DOWN
21,185,4.5,-5.3,349,False,DOWN
21,186,4.4,-5.3,784,False,DOWN
21,187,4.3,-5.3,1251,False,DOWN
21,188,4.3,-5.3,1642,False,DOWN
21,189,4.2,-5.3,2030,False,DOWN
21,190,4.1,-5.3,2362,False,DOWN
21,191,4.1,-5.4,2628,False,DOWN
21,192,4.0,-5.5,3187,False,DOWN
21,193,3.9,-5.6,3477,False,DOWN
21,194,3.8,-5.6,2967,False,DOWN
21,195,3.8,-5.7,2454,False,DOWN
21,196,3.6,-5.8,1857,False,DOWN
21,197,3.6,-5.9,1252,False,DOWN
21,198,3.5,-6.0,699,False,DOWN
21,199,3.4,-6.1,218,False,DOWN
21,200,3.3,-6.1,0,False,DOWN
21,201,3.2,-6.1,0,False,DOWN
21,202,3.1,-6.1,0,False,DOWN
21,203,3.0,-6.1,0,False,DOWN
21,204,2.9,-6.1,77,False,DOWN
21,205,2.8,-6.1,300,False,DOWN
21,206,2.7,-6.1,729,False,DOWN
21,207,2.6,-6.0,1168,False,DOWN
21,208,2.5,-6.0,1584,False,DOWN
21,209,2.5,-6.1,1939,False,DOWN
21,210,2.3,-6.2,2323,False,DOWN
21,211,2.3,-6.1,2582,False,DOWN
21,212,2.2,-6.1,3136,False,DOWN
21,213,2.1,-6.0,3503,False,DOWN
21,214,2.0,-6.1,2991,False,DOWN
21,215,2.0,-6.1,2513,False,DOWN
21,216,1.9,-6.1,1914,False,DOWN
21,217,1.8,-6.1,1312,False,DOWN
21,218,1.7,-6.1,801,False,DOWN
21,219,1.6,-6.1,304,False,DOWN
21,220,1.5,-6.1,0,False,DOWN
21,221,1.4,-6.1,0,False,DOWN
21,222,1.3,-6.1,0,False,DOWN
21,223,1.2,-6.1,0,False,DOWN
21,224,1.2,-6.1,51,False,DOWN
21,225,1.1,-6.1,239,False,DOWN
21,226,1.0,-6.1,645,False,DOWN
21,227,0.9,-6.1,1087,False,DOWN
21,228,0.9,-6.0,1442,False,DOWN
21,229,0.8,-6.0,1809,False,DOWN
21,230,0.7,-6.0,2236,False,DOWN
21,231,0.6,-6.0,2475,False,DOWN
21,232,0.5,-6.0,3033,False,DOWN
21,233,0.5,-5.9,3437,False,DOWN
21,234,0.4,-5.9,3008,False,DOWN
21,235,0.3,-5.9,2597,False,DOWN
21,236,0.3,-5.9,2007,False,DOWN
21,237,0.2,-6.0,1395,False,DOWN
21,238,0.2,-5.9,881,False,DOWN
21,239,0.2,-5.9,342,False,DOWN
21,240,0.1,-5.9,0,False,DOWN
21,241,0.1,-5.9,0,False,DOWN
21,242,0.1,-5.9,0,False,DOWN
21,243,0.0,-5.9,0,False,DOWN
21,244,0.0,-5.9,31,False,DOWN
21,245,-0.0,-5.9,211,False,DOWN
21,246,-0.0,-5.9,605,False,DOWN
21,247,-0.0,-5.8,1048,False,DOWN
21,248,-0.1,-5.9,1430,False,DOWN
21,249,-0.1,-5.9,1808,False,DOWN
21,250,-0.1,-5.8,2239,False,DOWN
21,251,-0.1,-5.9,2475,False,DOWN
21,252,-0.1,-5.8,3033,False,DOWN
21,253,-0.1,-5.8,3399,False,DOWN
21,254,-0.1,-5.8,3063,False,DOWN
21,255,-0.1,-5.8,2610,False,DOWN
21,256,-0.1,-5.8,2057,False,DOWN
21,257,-0.1,-5.8,1461,False,DOWN
21,258,-0.1,-5.8,885,False,DOWN
21,259,-0.1,-5.9,355,False,DOWN
21,260,-0.1,-5.9,0,False,DOWN
21,261,-0.1,-5.9,0,False,DOWN
21,262,-0.0,-5.8,0,False,DOWN
21,263,-0.1,-5.8,0,False,DOWN
21,264,-0.1,-5.9,16,False,DOWN
21,265,-0.1,-5.9,175,False,DOWN
21,266,-0.1,-5.9,558,False,DOWN
21,267,-0.0,-5.9,981,False,DOWN
21,268,-0.0,-5.9,1375,False,DOWN
21,269,-0.0,-5.9,1782,False,DOWN
21,270,-0.0,-5.9,2181,False,DOWN
21,271,-0.0,-5.9,2436,False,DOWN
21,272,-0.0,-5.9,2982,False,DOWN
21,273,-0.0,-5.9,3317,False,DOWN
21,274,-0.0,-5.9,3063,False,DOWN
21,275,-0.0,-5.9,2651,False,DOWN
21,276,0.0,-5.9,2085,False,DOWN
22,0,1.6,-5.0,3326,False,DOWN
22,1,1.6,-5.0,3632,False,DOWN
22,2,1.6,-5.1,3008,False,DOWN
22,3,1.6,-5.0,2441,False,DOWN
22,4,1.7,-5.0,1836,False,DOWN
22,5,1.7,-5.0,1190,False,DOWN
22,6,1.7,-5.0,593,False,DOWN
22,7,1.7,-5.1,114,False,DOWN
22,8,1.7,-5.1,0,False,DOWN
22,9,1.7,-5.1,0,False,DOWN
22,10,1.7,-5.1,0,False,DOWN
22,11,1.7,-5.1,0,False,DOWN
22,12,1.7,-5.1,109,False,DOWN
22,13,1.7,-5.1,385,False,DOWN
22,14,1.7,-5.1,848,False,DOWN
22,15,1.7,-5.1,1327,False,DOWN
22,16,1.8,-5.1,1744,False,DOWN
22,17,1.8,-5.1,2160,False,DOWN
22,18,1.8,-5.1,2522,False,DOWN
22,19,1.8,-5.1,2807,False,DOWN
22,20,1.7,-5.1,3367,False,DOWN
22,21,1.8,-5.1,3551,False,DOWN
22,22,1.8,-5.1,2992,False,DOWN
22,23,1.8,-5.1,2426,False,DOWN
22,24,1.8,-5.1,1813,False,DOWN
22,25,1.8,-5.1,1181,False,DOWN
22,26,1.8,-5.2,637,False,DOWN
22,27,1.8,-5.2,105,False,DOWN
22,28,1.9,-5.2,0,False,DOWN
22,29,1.9,-5.2,0,False,DOWN
22,30,1.9,-5.2,0,False,DOWN
22,31,1.9,-5.2,0,False,DOWN
22,32,1.9,-5.2,143,False,DOWN
22,33,1.9,-5.2,387,False,DOWN
22,34,1.9,-5.2,854,False,DOWN
22,35,1.9,-5.3,1337,False,DOWN
22,36,1.9,-5.3,1766,False,DOWN
22,37,1.9,-5.3,2177,False,DOWN
22,38,2.0,-5.3,2526,False,DOWN
22,39,2.0,-5.3,2825,False,DOWN
22,40,2.1,-5.4,3357,False,DOWN
22,41,2.1,-5.4,3565,False,DOWN
22,42,2.1,-5.4,3017,False,DOWN
22,43,2.2,-5.4,2354,False,DOWN
22,44,2.3,-5.4,1709,False,DOWN
22,45,2.4,-5.4,1196,False,DOWN
22,46,2.5,-5.4,608,False,DOWN
22,47,2.7,-5.4,96,False,DOWN
22,48,3.0,-5.4,0,False,DOWN
22,49,3.4,-5.4,0,False,DOWN
22,50,3.8,-5.4,0,False,DOWN
22,51,4.2,-5.5,0,False,DOWN
22,52,4.7,-5.6,139,False,DOWN
22,53,5.2,-5.6,457,False,DOWN
22,54,5.9,-5.6,959,False,DOWN
22,55,6.4,-5.6,1492,False,DOWN
22,56,7.2,-5.7,1952,False,DOWN
22,57,7.8,-5.7,2418,False,DOWN
22,58,8.5,-5.7,2800,False,DOWN
22,59,9.3,-5.6,3130,False,DOWN
22,60,9.2,-5.5,3792,False,DOWN
22,61,9.1,-5.4,3926,False,DOWN
22,62,9.6,-5.4,3206,False,DOWN
22,63,10.7,-5.5,2559,False,DOWN
22,64,12.2,-5.5,1840,False,DOWN
22,65,13.1,-5.6,1093,False,DOWN
22,66,14.0,-5.7,519,False,DOWN
22,67,15.2,-5.8,0,False,DOWN
22,68,16.0,-5.9,0,False,DOWN
22,69,16.9,-5.9,0,False,DOWN
22,70,17.9,-5.9,0,False,DOWN
22,71,19.0,-5.9,0,False,DOWN
22,72,20.1,-5.9,176,False,DOWN
22,73,21.4,-6.0,528,False,DOWN
22,74,22.6,-6.0,1061,False,DOWN
22,75,24.0,-5.9,1535,False,DOWN
22,76,25.4,-5.8,1990,False,DOWN
22,77,26.7,-5.7,2448,False,DOWN
22,78,28.1,-5.3,2793,False,DOWN
22,79,29.4,-5.0,3134,False,DOWN
22,80,30.7,-4.7,3683,False,DOWN
22,81,32.0,-4.5,3618,False,CURLING
22,82,33.3,-4.3,2967,False,CURLING
22,83,34.6,-4.2,2413,False,CURLING
22,84,35.8,-4.0,1739,False,CURLING
22,85,37.1,-3.9,1100,False,CURLING
22,86,38.4,-3.8,445,False,CURLING
22,87,39.7,-3.8,0,False,CURLING
22,88,41.0,-3.7,0,False,CURLING
22,89,42.3,-3.5,0,False,CURLING
22,90,43.6,-3.4,0,False,CURLING
22,91,44.9,-3.2,0,False,CURLING
22,92,46.1,-3.1,215,False,CURLING
22,93,47.2,-3.0,585,False,CURLING
22,94,48.4,-3.0,1095,False,CURLING
22,95,49.5,-2.9,1604,False,CURLING
22,96,50.4,-2.8,2107,False,CURLING
22,97,51.4,-2.7,2557,False,CURLING
22,98,52.3,-2.6,2890,False,CURLING
22,99,53.3,-2.6,3312,False,CURLING
22,100,54.0,-2.5,3899,False,CURLING
22,101,54.6,-2.5,3904,False,CURLING
22,102,55.3,-2.4,3051,False,CURLING
22,103,55.9,-2.4,2318,False,CURLING
22,104,56.4,-2.4,1719,False,CURLING
22,105,57.2,-2.4,1097,False,CURLING
22,106,57.7,-2.3,417,False,CURLING
22,107,58.1,-2.2,0,False,CURLING
22,108,58.4,-2.3,0,False,CURLING
22,109,58.7,-2.3,0,False,CURLING
22,110,58.9,-2.2,0,False,CURLING
22,111,59.0,-2.3,0,False,CURLING
22,112,59.1,-2.3,183,False,CURLING
22,113,59.2,-2.3,608,False,CURLING
22,114,59.2,-2.4,1143,False,CURLING
22,115,59.3,-2.4,1650,False,CURLING
22,116,59.4,-2.5,2158,False,CURLING
22,117,59.5,-2.5,2624,False,CURLING
22,118,59.6,-2.6,2927,False,CURLING
22,119,59.7,-2.6,3423,False,CURLING
22,120,59.9,-2.7,3890,False,CURLING
22,121,59.9,-2.7,3787,False,CURLING
22,122,60.0,-2.7,3087,False,CURLING
22,123,60.1,-2.7,2286,False,CURLING
22,124,60.1,-2.7,1682,False,CURLING
22,125,60.2,-2.7,999,False,CURLING
22,126,60.3,-2.7,441,False,CURLING
22,127,60.4,-2.7,0,False,CURLING
22,128,60.5,-2.7,0,False,CURLING
22,129,60.6,-2.7,0,False,CURLING
22,130,60.6,-2.7,0,False,CURLING
22,131,60.6,-2.6,0,False,CURLING
22,132,60.5,-2.6,176,False,CURLING
22,133,60.4,-2.6,643,False,CURLING
22,134,60.1,-2.5,1185,False,CURLING
22,135,59.5,-2.4,1707,False,CURLING
22,136,58.8,-2.3,2162,False,CURLING
22,137,57.9,-2.0,2671,False,CURLING
22,138,56.6,-1.7,2978,False,CURLING
22,139,55.4,-1.3,3546,False,CURLING
22,140,54.2,-1.0,3926,False,CURLING
22,141,52.9,-0.9,3793,False,CURLING
22,142,51.4,-0.9,2939,False,CURLING
22,143,49.8,-1.1,2385,False,CURLING
22,144,48.1,-1.1,1695,False,CURLING
22,145,46.6,-0.9,1011,False,CURLING
22,146,44.9,-0.8,248,False,CURLING
22,147,43.0,-1.0,0,False,CURLING
22,148,41.0,-1.0,0,False,CURLING
22,149,39.1,-1.1,0,False,CURLING
22,150,37.3,-1.1,0,False,CURLING
22,151,35.7,-1.2,0,False,CURLING
22,152,33.9,-1.1,190,False,CURLING
22,153,32.2,-1.2,686,False,CURLING
22,154,30.6,-1.4,1233,False,CURLING
22,155,29.1,-1.6,1737,False,CURLING
22,156,27.6,-1.9,2258,False,CURLING
22,157,26.4,-2.1,2738,False,CURLING
22,158,24.8,-2.3,3014,False,CURLING
22,159,23.3,-2.4,3616,False,CURLING
22,160,21.6,-2.5,4095,False,CURLING
22,161,20.2,-2.4,3780,False,CURLING
22,162,18.6,-2.4,3090,False,CURLING
22,163,16.7,-2.4,2193,False,DOWN
22,164,15.5,-2.6,1683,False,DOWN
22,165,14.8,-2.9,1051,False,DOWN
22,166,13.4,-3.3,342,False,DOWN
22,167,12.1,-3.5,0,False,DOWN
22,168,10.7,-3.6,0,False,DOWN
22,169,9.5,-3.5,0,False,DOWN
22,170,8.3,-3.4,0,False,DOWN
22,171,7.7,-3.4,13,False,DOWN
22,172,7.0,-3.7,163,False,DOWN
22,173,6.5,-4.1,639,False,DOWN
22,174,6.2,-4.4,1104,False,DOWN
22,175,6.0,-4.6,1532,False,DOWN
22,176,5.7,-4.9,1927,False,DOWN
22,177,5.4,-4.9,2365,False,DOWN
22,178,5.0,-4.8,2530,False,DOWN
22,179,4.7,-4.7,3011,False,DOWN
22,180,4.3,-4.5,3270,False,DOWN
22,181,4.0,-4.4,3085,False,DOWN
22,182,3.6,-4.3,2653,False,DOWN
22,183,3.4,-4.3,1993,False,DOWN
22,184,3.1,-4.3,1323,False,DOWN
22,185,2.6,-4.3,814,False,DOWN
22,186,2.2,-4.3,301,False,DOWN
22,187,2.1,-4.4,0,False,DOWN
22,188,1.9,-4.6,0,False,DOWN
22,189,1.7,-4.7,0,False,DOWN
22,190,1.5,-4.8,0,False,DOWN
22,191,1.2,-5.0,0,False,DOWN
22,192,1.0,-5.1,160,False,DOWN
22,193,0.7,-5.1,554,False,DOWN
22,194,0.5,-5.1,964,False,DOWN
22,195,0.3,-5.2,1325,False,DOWN
22,196,0.2,-5.2,1661,False,DOWN
22,197,0.1,-5.2,2037,False,DOWN
22,198,-0.1,-5.1,2253,False,DOWN
22,199,-0.2,-5.2,2737,False,DOWN
22,200,-0.3,-5.1,3033,False,DOWN
22,201,-0.4,-5.1,2815,False,DOWN
22,202,-0.5,-5.1,2384,False,DOWN
22,203,-0.5,-5.2,1863,False,DOWN
22,204,-0.6,-5.2,1237,False,DOWN
22,205,-0.7,-5.2,752,False,DOWN
22,206,-0.8,-5.3,299,False,DOWN
22,207,-0.8,-5.3,0,False,DOWN
22,208,-0.8,-5.4,0,False,DOWN
22,209,-0.8,-5.4,0,False,DOWN
22,210,-0.8,-5.4,0,False,DOWN
22,211,-0.8,-5.4,0,False,DOWN
22,212,-0.8,-5.4,170,False,DOWN
22,213,-0.9,-5.3,525,False,DOWN
22,214,-1.0,-5.3,893,False,DOWN
22,215,-1.0,-5.5,1195,False,DOWN
22,216,-1.0,-5.5,1506,False,DOWN
22,217,-1.0,-5.5,1856,False,DOWN
22,218,-1.0,-5.4,2065,False,DOWN
22,219,-1.0,-5.5,2544,False,DOWN
22,220,-1.0,-5.5,2859,False,DOWN
22,221,-1.2,-5.6,2621,False,DOWN
22,222,-1.3,-5.6,2227,False,DOWN
22,223,-1.2,-5.7,1712,False,DOWN
22,224,-1.2,-5.7,1162,False,DOWN
22,225,-1.1,-5.8,717,False,DOWN
22,226,-1.1,-5.9,278,False,DOWN
22,227,-1.1,-6.0,0,False,DOWN
22,228,-1.0,-6.1,0,False,DOWN
22,229,-1.0,-6.1,0,False,DOWN
22,230,-1.0,-6.1,0,False,DOWN
22,231,-1.0,-6.1,26,False,DOWN
22,232,-1.0,-6.1,207,False,DOWN
22,233,-1.0,-6.1,545,False,DOWN
22,234,-1.0,-6.1,903,False,DOWN
22,235,-1.1,-6.1,1227,False,DOWN
22,236,-1.1,-6.1,1556,False,DOWN
22,237,-1.1,-6.1,1889,False,DOWN
22,238,-1.1,-6.1,2112,False,DOWN
22,239,-1.1,-6.2,2595,False,DOWN
22,240,-1.1,-6.2,2928,False,DOWN
22,241,-1.1,-6.2,2661,False,DOWN
22,242,-1.0,-6.2,2231,False,DOWN
22,243,-1.0,-6.3,1667,False,DOWN
22,244,-0.8,-6.3,1124,False,DOWN
22,245,-0.8,-6.3,650,False,DOWN
22,246,-0.7,-6.3,237,False,DOWN
22,247,-0.7,-6.2,0,False,DOWN
22,248,-0.7,-6.2,0,False,DOWN
22,249,-0.7,-6.2,0,False,DOWN
22,250,-0.7,-6.2,0,False,DOWN
22,251,-0.7,-6.2,27,False,DOWN
22,252,-0.7,-6.2,190,False,DOWN
23,0,3.1,-8.5,656,False,DOWN
23,1,3.2,-8.4,1167,False,DOWN
23,2,3.2,-8.4,1605,False,DOWN
23,3,3.2,-8.4,2003,False,DOWN
23,4,3.2,-8.4,2467,False,DOWN
23,5,3.2,-8.4,2735,False,DOWN
23,6,3.2,-8.4,3326,False,DOWN
23,7,3.2,-8.4,3665,False,DOWN
23,8,3.2,-8.4,3182,False,DOWN
23,9,3.2,-8.4,2631,False,DOWN
23,10,3.2,-8.4,2025,False,DOWN
23,11,3.2,-8.4,1323,False,DOWN
23,12,3.2,-8.4,790,False,DOWN
23,13,3.2,-8.5,211,False,DOWN
23,14,3.3,-8.5,0,False,DOWN
23,15,3.3,-8.5,0,False,DOWN
23,16,3.3,-8.5,0,False,DOWN
23,17,3.4,-8.5,0,False,DOWN
23,18,3.5,-8.6,59,False,DOWN
23,19,3.5,-8.7,256,False,DOWN
23,20,3.7,-8.7,715,False,DOWN
23,21,3.8,-8.8,1236,False,DOWN
23,22,4.0,-8.8,1663,False,DOWN
23,23,4.2,-8.8,2113,False,DOWN
23,24,4.4,-8.7,2559,False,DOWN
23,25,4.9,-8.8,2854,False,DOWN
23,26,5.3,-8.8,3484,False,DOWN
23,27,5.7,-8.8,3733,False,DOWN
23,28,6.2,-8.8,3257,False,DOWN
23,29,6.7,-8.9,2753,False,DOWN
23,30,7.4,-9.1,2095,False,DOWN
23,31,8.0,-9.3,1343,False,DOWN
23,32,8.8,-9.4,752,False,DOWN
23,33,9.5,-9.3,66,False,DOWN
23,34,10.4,-9.3,0,False,DOWN
23,35,11.3,-9.5,0,False,DOWN
23,36,12.6,-9.6,0,False,DOWN
23,37,13.7,-9.6,0,False,DOWN
23,38,14.8,-9.6,128,False,DOWN
23,39,16.1,-9.3,386,False,DOWN
23,40,17.2,-9.0,912,False,DOWN
23,41,18.4,-8.8,1531,False,DOWN
23,42,19.3,-8.7,2026,False,DOWN
23,43,20.5,-8.5,2479,False,DOWN
23,44,21.7,-8.3,2970,False,DOWN
23,45,22.9,-8.1,3272,False,DOWN
23,46,24.0,-7.9,4018,False,DOWN
23,47,25.2,-7.8,4095,False,DOWN
23,48,26.3,-7.7,3475,False,DOWN
23,49,27.6,-7.5,2704,False,DOWN
23,50,28.7,-7.4,2043,False,DOWN
23,51,30.0,-7.3,1156,False,DOWN
23,52,31.3,-7.2,485,False,DOWN
23,53,32.5,-7.1,0,False,CURLING
23,54,33.6,-7.1,0,False,CURLING
23,55,34.9,-7.0,0,False,CURLING
23,56,36.2,-7.0,0,False,CURLING
23,57,37.5,-7.0,0,False,CURLING
23,58,38.7,-6.9,138,False,CURLING
23,59,40.0,-6.9,464,False,CURLING
23,60,41.4,-6.8,1037,False,CURLING
23,61,42.7,-6.8,1643,False,CURLING
23,62,44.0,-6.8,2143,False,CURLING
23,63,45.6,-6.7,2654,False,CURLING
23,64,47.0,-6.6,3071,False,CURLING
23,65,48.2,-6.4,3391,False,CURLING
23,66,49.4,-6.3,3986,False,CURLING
23,67,50.7,-6.2,4095,False,CURLING
23,68,52.0,-6.2,3153,False,CURLING
23,69,53.2,-6.0,2657,False,CURLING
23,70,54.3,-6.0,1933,False,CURLING
23,71,55.3,-5.9,1095,False,CURLING
23,72,56.3,-5.8,467,False,CURLING
23,73,57.2,-5.7,0,False,CURLING
23,74,58.2,-5.6,0,False,CURLING
23,75,58.9,-5.5,0,False,CURLING
23,76,59.5,-5.6,0,False,CURLING
23,77,60.2,-5.6,0,False,CURLING
23,78,60.8,-5.7,163,False,CURLING
23,79,61.4,-5.6,511,False,CURLING
23,80,61.9,-5.6,1095,False,CURLING
23,81,62.5,-5.6,1683,False,CURLING
23,82,62.9,-5.5,2179,False,CURLING
23,83,63.1,-5.4,2698,False,CURLING
23,84,63.3,-5.5,3061,False,CURLING
23,85,63.4,-5.5,3411,False,CURLING
23,86,63.4,-5.6,3927,False,CURLING
23,87,63.4,-5.6,3489,False,CURLING
23,88,63.5,-5.7,2878,False,CURLING
23,89,63.6,-5.8,2303,False,CURLING
23,90,63.6,-5.8,1641,False,CURLING
23,91,63.7,-5.8,1138,False,CURLING
23,92,63.8,-5.8,597,False,CURLING
23,93,63.9,-5.8,58,False,CURLING
23,94,64.0,-5.9,0,False,CURLING
23,95,64.1,-5.8,0,False,CURLING
23,96,64.1,-5.9,0,False,CURLING
23,97,64.1,-5.9,0,False,CURLING
23,98,64.1,-5.9,141,False,CURLING
23,99,64.1,-5.9,468,False,CURLING
23,100,63.9,-5.9,944,False,CURLING
23,101,63.8,-5.9,1350,False,CURLING
23,102,63.7,-5.9,1776,False,CURLING
23,103,63.5,-6.0,2167,False,CURLING
23,104,63.4,-6.0,2463,False,CURLING
23,105,63.2,-6.0,2928,False,CURLING
23,106,62.8,-6.0,3353,False,CURLING
23,107,62.3,-6.1,3375,False,CURLING
23,108,61.8,-6.1,2821,False,CURLING
23,109,61.1,-6.1,2218,False,CURLING
23,110,60.4,-6.1,1622,False,CURLING
23,111,59.5,-6.1,1050,False,CURLING
23,112,58.6,-6.1,509,False,CURLING
23,113,57.5,-6.0,0,False,CURLING
23,114,56.4,-6.0,0,False,CURLING
23,115,55.1,-5.9,0,False,CURLING
23,116,53.8,-5.7,0,False,CURLING
23,117,52.4,-5.6,0,False,CURLING
23,118,51.1,-5.6,145,False,CURLING
23,119,49.6,-5.5,577,False,CURLING
23,120,48.0,-5.6,999,False,CURLING
23,121,46.5,-5.7,1428,False,CURLING
23,122,45.0,-5.7,1855,False,CURLING
23,123,43.5,-5.7,2304,False,CURLING
23,124,42.0,-5.7,2516,False,CURLING
23,125,40.4,-5.7,3046,False,CURLING
23,126,38.8,-5.7,3381,False,CURLING
23,127,37.5,-5.8,3206,False,CURLING
23,128,35.8,-5.8,2802,False,CURLING
23,129,33.8,-5.8,2186,False,CURLING
23,130,31.9,-5.6,1535,False,CURLING
23,131,30.6,-5.6,983,False,CURLING
23,132,27.6,-5.4,455,False,CURLING
23,133,26.2,-5.3,0,False,CURLING
23,134,25.2,-5.3,0,False,CURLING
23,135,23.8,-5.3,0,False,CURLING
23,136,22.2,-5.3,0,False,CURLING
23,137,20.3,-5.5,0,False,CURLING
23,138,18.8,-5.9,169,False,CURLING
23,139,17.8,-5.8,602,False,DOWN
23,140,16.7,-5.8,1040,False,DOWN
23,141,15.3,-5.9,1414,False,DOWN
23,142,14.1,-5.8,1787,False,DOWN
23,143,13.2,-5.7,2204,False,DOWN
23,144,12.7,-5.6,2404,False,DOWN
23,145,12.1,-5.6,2941,False,DOWN
23,146,12.6,-5.5,3257,False,DOWN
23,147,11.5,-5.6,3024,False,DOWN
23,148,9.8,-5.6,2544,False,DOWN
23,149,9.4,-5.8,1963,False,DOWN
23,150,9.2,-6.0,1371,False,DOWN
23,151,8.9,-6.1,838,False,DOWN
23,152,8.8,-6.2,336,False,DOWN
23,153,8.8,-6.3,0,False,DOWN
23,154,8.8,-6.3,0,False,DOWN
23,155,8.8,-6.4,0,False,DOWN
23,156,8.8,-6.5,0,False,DOWN
23,157,8.9,-6.5,44,False,DOWN
23,158,9.0,-6.6,229,False,DOWN
23,159,9.1,-6.6,630,False,DOWN
23,160,9.1,-6.6,1069,False,DOWN
23,161,9.1,-6.6,1424,False,DOWN
23,162,9.2,-6.5,1801,False,DOWN
23,163,9.2,-6.4,2203,False,DOWN
23,164,9.1,-6.3,2384,False,DOWN
23,165,9.1,-6.3,2944,False,DOWN
23,166,9.1,-6.2,3267,False,DOWN
23,167,9.1,-6.2,2906,False,DOWN
23,168,9.1,-6.0,2423,False,DOWN
23,169,9.0,-5.9,1857,False,DOWN
23,170,8.9,-5.7,1278,False,DOWN
23,171,8.8,-5.5,784,False,DOWN
23,172,8.7,-5.4,297,False,DOWN
23,173,8.5,-5.2,0,False,DOWN
23,174,8.4,-5.1,0,False,DOWN
23,175,8.2,-5.0,0,False,DOWN
23,176,8.0,-4.9,0,False,DOWN
23,177,7.8,-4.7,85,False,DOWN
23,178,7.6,-4.7,304,False,DOWN
23,179,7.4,-4.5,784,False,DOWN
23,180,7.2,-4.5,1344,False,DOWN
23,181,7.0,-4.4,1774,False,DOWN
23,182,6.8,-4.4,2191,False,DOWN
23,183,6.5,-4.4,2659,False,DOWN
23,184,6.3,-4.3,2887,False,DOWN
23,185,6.1,-4.3,3427,False,DOWN
23,186,5.9,-4.3,3747,False,DOWN
23,187,5.7,-4.3,3129,False,DOWN
23,188,5.5,-4.3,2559,False,DOWN
23,189,5.4,-4.3,1857,False,DOWN
23,190,5.2,-4.4,1260,False,DOWN
23,191,5.0,-4.4,635,False,DOWN
23,192,4.8,-4.4,137,False,DOWN
23,193,4.6,-4.4,0,False,DOWN
23,194,4.4,-4.4,0,False,DOWN
23,195,4.3,-4.5,0,False,DOWN
23,196,4.1,-4.5,0,False,DOWN
23,197,4.0,-4.5,112,False,DOWN
23,198,3.9,-4.4,361,False,DOWN
23,199,3.8,-4.5,823,False,DOWN
23,200,3.7,-4.5,1330,False,DOWN
23,201,3.7,-4.5,1722,False,DOWN
23,202,3.7,-4.5,2090,False,DOWN
23,203,3.7,-4.5,2485,False,DOWN
23,204,3.7,-4.5,2745,False,DOWN
23,205,3.8,-4.6,3345,False,DOWN
23,206,3.8,-4.6,3691,False,DOWN
23,207,3.9,-4.6,2966,False,DOWN
23,208,4.0,-4.6,2465,False,DOWN
23,209,4.1,-4.6,1795,False,DOWN
23,210,4.2,-4.7,1103,False,DOWN
23,211,4.3,-4.7,636,False,DOWN
23,212,4.5,-4.8,61,False,DOWN
23,213,4.7,-4.9,0,False,DOWN
23,214,5.0,-5.1,0,False,DOWN
23,215,5.4,-5.2,0,False,DOWN
23,216,5.9,-5.4,0,False,DOWN
23,217,6.6,-5.6,129,False,DOWN
23,218,7.1,-5.7,421,False,DOWN
23,219,7.9,-5.9,895,False,DOWN
23,220,8.8,-6.0,1411,False,DOWN
23,221,9.8,-6.2,1834,False,DOWN
23,222,11.0,-6.3,2278,False,DOWN
23,223,12.4,-6.2,2659,False,DOWN
23,224,13.5,-6.1,2956,False,DOWN
23,225,14.5,-5.9,3614,False,DOWN
23,226,15.4,-5.9,3778,False,DOWN
23,227,16.5,-5.6,3119,False,DOWN
23,228,17.5,-5.4,2537,False,DOWN
23,229,18.5,-5.3,1725,False,DOWN
23,230,19.4,-5.1,1187,False,DOWN
23,231,20.4,-4.9,546,False,DOWN
24,0,10.9,-5.5,1102,False,DOWN
24,1,10.3,-5.6,1260,False,DOWN
24,2,9.5,-5.7,1263,False,DOWN
24,3,9.0,-5.8,880,False,DOWN
24,4,8.4,-5.9,572,False,DOWN
24,5,7.5,-6.0,226,False,DOWN
24,6,6.6,-6.3,0,False,DOWN
24,7,6.2,-6.3,0,False,DOWN
24,8,5.4,-6.3,0,False,DOWN
24,9,5.7,-6.4,0,False,DOWN
24,10,5.3,-6.5,0,False,DOWN
24,11,4.4,-6.6,0,False,DOWN
24,12,4.0,-6.6,0,False,DOWN
24,13,3.8,-6.6,157,False,DOWN
24,14,3.9,-6.6,342,False,DOWN
24,15,3.8,-6.7,586,False,DOWN
24,16,3.6,-6.7,782,False,DOWN
24,17,3.7,-6.8,912,False,DOWN
24,18,3.7,-6.9,1001,False,DOWN
24,19,3.7,-6.9,1053,False,DOWN
24,20,3.6,-7.0,1066,False,DOWN
24,21,3.6,-7.0,1215,False,DOWN
24,22,3.7,-7.1,1181,False,DOWN
24,23,3.7,-7.2,789,False,DOWN
24,24,3.7,-7.3,470,False,DOWN
24,25,3.8,-7.4,151,False,DOWN
24,26,3.8,-7.4,0,False,DOWN
24,27,3.9,-7.5,0,False,DOWN
24,28,4.0,-7.5,0,False,DOWN
24,29,4.2,-7.6,0,False,DOWN
24,30,4.3,-7.7,0,False,DOWN
24,31,4.5,-7.8,0,False,DOWN
24,32,4.7,-7.8,0,False,DOWN
24,33,5.0,-7.9,151,False,DOWN
24,34,5.4,-8.0,374,False,DOWN
24,35,5.8,-8.0,588,False,DOWN
24,36,6.3,-8.1,750,False,DOWN
24,37,6.8,-8.1,867,False,DOWN
24,38,7.4,-8.1,953,False,DOWN
24,39,7.9,-7.8,971,False,DOWN
24,40,8.5,-7.7,998,False,DOWN
24,41,9.2,-7.7,1131,False,DOWN
24,42,9.9,-7.8,1040,False,DOWN
24,43,10.7,-7.8,670,False,DOWN
24,44,11.4,-7.6,336,False,DOWN
24,45,12.3,-7.6,58,False,DOWN
24,46,13.3,-7.5,0,False,DOWN
24,47,14.3,-7.4,0,False,DOWN
24,48,15.1,-7.3,0,False,DOWN
24,49,16.1,-7.2,0,False,DOWN
24,50,17.1,-7.0,0,False,DOWN
24,51,18.1,-6.9,0,False,DOWN
24,52,19.3,-6.7,0,False,DOWN
24,53,20.3,-6.6,150,False,DOWN
24,54,21.4,-6.5,378,False,DOWN
24,55,22.8,-6.4,577,False,DOWN
24,56,24.1,-6.4,679,False,DOWN
24,57,25.5,-6.3,754,False,DOWN
24,58,26.9,-6.2,846,False,DOWN
24,59,28.4,-6.1,863,False,DOWN
24,60,30.1,-6.0,1054,False,DOWN
24,61,31.9,-5.9,1339,False,CURLING
24,62,33.6,-5.6,1363,False,CURLING
24,63,35.4,-5.3,1457,False,CURLING
24,64,37.2,-4.7,2458,False,CURLING
24,65,39.1,-4.2,1675,False,CURLING
24,66,40.9,-3.9,950,False,CURLING
24,67,42.7,-3.6,309,False,CURLING
24,68,44.5,-3.2,0,False,CURLING
24,69,46.3,-2.9,0,False,CURLING
24,70,48.1,-2.7,0,False,CURLING
24,71,49.8,-2.4,0,False,CURLING
24,72,51.8,-2.0,6,False,CURLING
24,73,53.5,-1.6,236,False,CURLING
24,74,55.2,-1.1,769,False,CURLING
24,75,57.1,-0.7,1372,False,CURLING
24,76,59.0,-0.4,1920,False,CURLING
24,77,60.7,-0.0,2459,False,CURLING
24,78,62.5,0.5,2997,False,CURLING
24,79,64.2,1.0,3312,False,CURLING
24,80,65.9,1.3,3996,False,CURLING
24,81,67.5,1.9,4095,False,CURLING
24,82,69.1,2.4,3997,False,CURLING
24,83,70.8,2.8,3159,False,CURLING
24,84,72.3,3.3,2406,False,CURLING
24,85,73.9,3.6,1605,False,CURLING
24,86,75.4,4.1,848,False,CURLING
24,87,77.1,4.5,246,False,CURLING
24,88,78.7,4.8,0,False,CURLING
24,89,80.5,6.1,0,False,CURLING
24,90,81.9,6.4,0,False,TOP
24,91,83.6,7.0,0,False,TOP
24,92,85.3,7.4,70,False,TOP
24,93,87.2,7.8,234,False,TOP
24,94,88.8,8.2,815,True,TOP
24,95,90.4,8.6,1392,True,TOP
24,96,91.7,9.0,1887,True,TOP
24,97,93.4,9.5,2401,True,TOP
24,98,95.1,9.9,2863,True,TOP
24,99,96.8,10.3,3126,True,TOP
24,100,98.4,10.7,3712,True,TOP
24,101,100.0,11.1,3839,True,TOP
24,102,101.6,11.5,3469,True,TOP
24,103,103.3,12.0,2735,True,TOP
24,104,104.9,12.4,2069,True,TOP
24,105,106.5,12.8,1378,True,TOP
24,106,107.8,13.2,778,True,TOP
24,107,109.3,13.5,227,False,TOP
24,108,110.8,13.9,0,False,TOP
24,109,112.3,14.2,0,False,TOP
24,110,113.4,14.5,0,False,TOP
24,111,114.8,14.7,0,False,TOP
24,112,116.4,15.2,50,False,TOP
24,113,117.9,15.7,275,False,TOP
24,114,119.4,16.1,737,True,TOP
24,115,120.9,16.5,1264,True,TOP
24,116,122.3,16.9,1689,True,TOP
24,117,123.3,17.3,2110,True,TOP
24,118,124.5,17.7,2529,True,TOP
24,119,125.7,18.1,2739,True,TOP
24,120,126.8,18.5,3326,True,TOP
24,121,127.9,18.8,3623,True,TOP
24,122,129.1,19.1,3212,True,TOP
24,123,130.2,19.4,2663,True,TOP
24,124,131.1,19.6,1968,True,TOP
24,125,132.1,20.0,1327,True,TOP
24,126,133.0,20.2,737,True,TOP
24,127,133.9,20.5,138,False,TOP
24,128,134.7,20.8,0,False,TOP
24,129,135.6,21.1,0,False,TOP
24,130,136.3,21.3,0,False,TOP
24,131,137.1,21.5,0,False,TOP
24,132,138.1,21.7,89,False,TOP
24,133,138.6,21.6,334,False,TOP
24,134,139.2,21.6,832,True,TOP
24,135,139.9,21.8,1377,True,TOP
24,136,140.6,22.0,1805,True,TOP
24,137,141.4,22.3,2277,True,TOP
24,138,142.0,22.5,2700,True,TOP
24,139,142.5,22.8,2923,True,TOP
24,140,143.4,23.0,3505,True,TOP
24,141,144.1,23.2,3857,True,TOP
24,142,144.7,23.4,3263,True,TOP
24,143,145.3,23.7,2680,True,TOP
24,144,145.8,23.9,1978,True,TOP
24,145,146.4,24.1,1375,True,TOP
24,146,146.8,24.3,637,True,TOP
24,147,147.3,24.5,89,False,TOP
24,148,147.8,24.7,0,False,TOP
24,149,148.2,25.0,0,False,TOP
24,150,148.6,25.1,0,False,TOP
24,151,148.9,25.3,0,False,TOP
24,152,149.1,25.4,117,False,TOP
24,153,149.4,25.4,436,False,TOP
24,154,149.5,25.4,944,True,TOP
24,155,149.6,25.5,1552,True,TOP
24,156,149.7,25.5,2061,True,TOP
24,157,149.8,25.6,2524,True,TOP
24,158,149.9,25.6,3014,True,TOP
24,159,149.9,25.6,3302,True,TOP
24,160,149.9,25.6,4040,True,TOP
24,161,150.0,25.6,4095,True,TOP
24,162,150.0,25.6,3365,True,TOP
24,163,150.1,25.7,2800,True,TOP
24,164,150.2,25.8,2010,True,TOP
24,165,150.4,25.9,1342,True,TOP
24,166,150.5,26.0,641,True,TOP
24,167,150.6,26.0,0,False,TOP
24,168,150.7,26.1,0,False,TOP
24,169,150.8,26.1,0,False,TOP
24,170,150.8,26.1,0,False,TOP
24,171,150.8,26.2,0,False,TOP
24,172,150.8,26.1,178,False,TOP
24,173,150.8,26.1,467,False,TOP
24,174,150.8,26.0,1023,True,TOP
24,175,150.8,26.0,1656,True,TOP
24,176,150.9,26.1,2157,True,TOP
24,177,150.9,26.1,2655,True,TOP
24,178,151.0,26.1,3109,True,TOP
24,179,151.0,26.2,3383,True,TOP
24,180,151.0,26.2,4095,True,TOP
24,181,151.1,26.2,4095,True,TOP
24,182,151.2,26.3,3525,True,TOP
24,183,151.2,26.3,2707,True,TOP
24,184,151.1,26.3,1970,True,TOP
24,185,151.2,26.3,1353,True,TOP
24,186,151.1,26.2,560,True,TOP
24,187,151.1,26.2,0,False,TOP
24,188,151.0,26.2,0,False,TOP
24,189,150.9,26.2,0,False,TOP
24,190,150.7,26.1,0,False,TOP
24,191,150.6,26.1,0,False,TOP
24,192,150.3,26.1,194,False,TOP
24,193,149.8,26.0,491,False,TOP
24,194,149.3,26.0,1072,True,TOP
24,195,148.7,25.9,1712,True,TOP
24,196,147.9,25.8,2246,True,TOP
24,197,147.0,25.7,2748,True,TOP
24,198,146.1,25.6,3226,True,TOP
24,199,145.0,25.5,3547,True,TOP
24,200,143.9,25.3,4095,True,TOP
24,201,142.5,24.9,4095,True,TOP
24,202,141.3,24.5,3472,True,TOP
24,203,140.0,24.3,2801,True,TOP
24,204,138.6,24.2,1907,True,TOP
24,205,137.1,23.9,1222,True,TOP
24,206,135.7,23.8,485,False,TOP
24,207,134.1,23.7,0,False,TOP
24,208,132.6,23.3,0,False,TOP
24,209,130.9,23.0,0,False,TOP
24,210,129.2,23.0,0,False,TOP
24,211,127.5,22.6,0,False,TOP
24,212,125.7,22.0,190,False,TOP
24,213,123.6,21.4,501,True,TOP
24,214,121.6,21.1,1041,True,TOP
24,215,119.7,20.8,1589,True,TOP
24,216,117.9,20.5,2034,True,TOP
24,217,115.8,19.9,2458,True,TOP
24,218,113.9,19.5,2857,True,TOP
24,219,112.1,18.8,3103,True,TOP
24,220,110.2,18.1,3741,True,TOP
24,221,108.2,17.6,4066,True,TOP
24,222,106.3,17.2,3200,True,TOP
24,223,104.8,17.1,2477,True,TOP
24,224,103.2,16.6,1855,True,TOP
24,225,101.4,16.2,1136,True,TOP
24,226,99.6,15.1,511,True,TOP
24,227,98.1,14.3,0,False,TOP
24,228,96.8,13.6,0,False,TOP
24,229,95.6,13.2,0,False,TOP
24,230,94.7,12.7,0,False,TOP
24,231,93.6,12.3,0,False,TOP
24,232,92.3,11.7,195,False,TOP
24,233,90.9,11.3,539,True,TOP
24,234,89.3,10.9,1067,True,TOP
24,235,87.7,10.4,1610,True,TOP
24,236,86.1,10.1,2047,True,TOP
24,237,84.2,9.7,2466,True,TOP
24,238,82.5,9.4,2795,True,TOP
24,239,81.5,8.8,3041,True,TOP
24,240,79.9,8.4,3648,False,TOP
24,241,78.2,8.0,3887,False,TOP
24,242,77.3,7.9,3068,False,TOP
24,243,76.4,7.6,2303,False,TOP
24,244,75.2,7.0,1718,False,TOP
24,245,74.1,6.5,1068,False,TOP
24,246,73.1,6.1,481,False,TOP
24,247,72.0,5.7,0,False,TOP
24,248,70.8,5.3,0,False,TOP
24,249,69.6,5.1,0,False,TOP
24,250,68.5,4.8,0,False,TOP
24,251,67.2,4.6,0,False,TOP
24,252,65.9,4.5,198,False,TOP
24,253,64.5,4.5,553,False,TOP
24,254,63.1,4.4,1087,False,TOP
24,255,61.7,4.3,1577,False,TOP
24,256,60.1,4.1,2034,False,TOP
24,257,58.2,4.0,2432,False,TOP
24,258,56.1,3.9,2777,False,TOP
24,259,54.2,3.8,2998,False,TOP
24,260,51.9,3.7,3537,False,TOP
24,261,49.4,3.7,3730,False,TOP
24,262,46.7,3.7,2917,False,TOP
24,263,44.2,3.6,2256,False,TOP
24,264,42.1,3.4,1616,False,TOP
24,265,40.4,3.1,910,False,TOP
24,266,38.2,2.6,475,False,TOP
24,267,35.8,2.2,0,False,TOP
24,268,33.6,1.8,0,False,TOP
24,269,31.7,1.3,0,False,TOP
24,270,29.8,1.3,0,False,TOP
24,271,28.0,1.0,0,False,TOP
24,272,25.7,0.8,195,False,TOP
24,273,23.3,0.6,522,False,TOP
24,274,21.1,0.6,1105,False,TOP
24,275,19.0,0.3,1634,False,TOP
24,276,16.3,0.1,0,False,DOWN
24,277,14.8,-0.2,0,False,DOWN
24,278,13.2,-0.5,0,False,DOWN
24,279,11.9,-1.1,0,False,DOWN
24,280,10.8,-1.4,0,False,DOWN
24,281,9.5,-1.6,193,False,DOWN
24,282,8.8,-1.9,511,False,DOWN
24,283,8.3,-1.9,1143,False,DOWN
24,284,7.9,-2.3,1728,False,DOWN
24,285,7.8,-2.5,2289,False,DOWN
24,286,7.6,-2.8,2807,False,DOWN
24,287,7.4,-3.1,3263,False,DOWN
24,288,7.3,-3.2,3583,False,DOWN
24,289,7.2,-3.3,4095,False,DOWN
24,290,7.1,-3.5,4083,False,DOWN
24,291,7.0,-3.6,3344,False,DOWN
24,292,7.0,-3.8,2675,False,DOWN
24,293,7.1,-3.9,1871,False,DOWN
24,294,7.2,-3.9,1122,False,DOWN
24,295,7.1,-4.0,432,False,DOWN
24,296,7.1,-3.9,0,False,DOWN
24,297,6.9,-3.9,0,False,DOWN
24,298,6.8,-3.9,0,False,DOWN
24,299,6.6,-3.9,0,False,DOWN
24,300,6.4,-4.0,0,False,DOWN
24,301,6.3,-4.0,207,False,DOWN
24,302,6.3,-4.2,576,False,DOWN
24,303,5.9,-4.2,1168,False,DOWN
24,304,5.7,-4.3,1734,False,DOWN
24,305,5.5,-4.3,2284,False,DOWN
24,306,5.4,-4.3,2782,False,DOWN
24,307,5.1,-4.4,3171,False,DOWN
24,308,4.9,-4.5,3427,False,DOWN
24,309,4.6,-4.6,4095,False,DOWN
24,310,4.4,-4.6,4095,False,DOWN
24,311,4.1,-4.6,3311,False,DOWN
24,312,3.8,-4.7,2609,False,DOWN
24,313,3.5,-4.8,1856,False,DOWN
24,314,3.2,-4.9,1104,False,DOWN
24,315,2.8,-5.1,452,False,DOWN
24,316,2.5,-5.3,0,False,DOWN
24,317,2.4,-5.3,0,False,DOWN
24,318,1.9,-5.4,0,False,DOWN
24,319,1.5,-5.6,0,False,DOWN
24,320,1.0,-5.6,0,False,DOWN
24,321,0.9,-5.7,238,False,DOWN
24,322,0.5,-5.7,603,False,DOWN
24,323,0.5,-5.8,1229,False,DOWN
24,324,0.3,-5.9,1835,False,DOWN
24,325,0.1,-5.9,2357,False,DOWN
24,326,0.2,-6.0,2880,False,DOWN
24,327,0.1,-6.1,3267,False,DOWN
24,328,0.1,-6.2,3603,False,DOWN
24,329,0.2,-6.2,4095,False,DOWN
24,330,0.2,-6.3,4095,False,DOWN
24,331,0.2,-6.3,3249,False,DOWN
24,332,0.2,-6.4,2542,False,DOWN
24,333,0.4,-6.5,1887,False,DOWN
24,334,0.4,-6.5,981,False,DOWN
24,335,0.5,-6.6,144,False,DOWN
24,336,0.3,-6.7,0,False,DOWN
24,337,0.3,-6.7,0,False,DOWN
24,338,-0.1,-6.6,0,False,DOWN
24,339,-0.1,-6.8,0,False,DOWN
24,340,0.2,-6.9,0,False,DOWN
24,341,0.1,-6.9,255,False,DOWN
24,342,-0.0,-7.0,605,False,DOWN
24,343,0.0,-7.1,1225,False,DOWN
24,344,-0.1,-7.1,1925,False,DOWN
24,345,-0.2,-7.1,2493,False,DOWN
24,346,-0.2,-7.1,3015,False,DOWN
24,347,-0.3,-7.3,3475,False,DOWN
24,348,-0.3,-7.4,3791,False,DOWN
24,349,-0.4,-7.5,4095,False,DOWN
24,350,-0.5,-7.5,4095,False,DOWN
24,351,-0.6,-7.5,3248,False,DOWN
24,352,-0.6,-7.4,2599,False,DOWN
24,353,-0.7,-7.4,1744,False,DOWN
24,354,-0.8,-7.4,845,False,DOWN
24,355,-0.8,-7.4,321,False,DOWN
24,356,-0.9,-7.3,0,False,DOWN
24,357,-0.9,-7.4,0,False,DOWN
24,358,-0.9,-7.4,0,False,DOWN
24,359,-1.0,-7.4,0,False,DOWN
24,360,-1.1,-7.4,0,False,DOWN
24,361,-1.1,-7.4,398,False,DOWN
25,0,4.8,-14.0,1620,False,DOWN
25,1,4.8,-13.9,1802,False,DOWN
25,2,4.8,-13.9,1749,False,DOWN
25,3,4.8,-13.8,1290,False,DOWN
25,4,4.8,-13.7,847,False,DOWN
25,5,4.7,-13.6,418,False,DOWN
25,6,4.7,-13.6,73,False,DOWN
25,7,4.7,-13.6,0,False,DOWN
25,8,4.8,-13.6,0,False,DOWN
25,9,4.8,-13.5,0,False,DOWN
25,10,4.8,-13.5,0,False,DOWN
25,11,4.8,-13.5,0,False,DOWN
25,12,4.8,-13.5,0,False,DOWN
25,13,4.8,-13.5,176,False,DOWN
25,14,4.9,-13.5,431,False,DOWN
25,15,4.9,-13.4,705,False,DOWN
25,16,4.9,-13.4,943,False,DOWN
25,17,4.9,-13.4,1086,False,DOWN
25,18,4.9,-13.4,1135,False,DOWN
25,19,4.9,-13.4,1284,False,DOWN
25,20,5.0,-13.6,1259,False,DOWN
25,21,5.1,-13.6,1467,False,DOWN
25,22,5.2,-13.6,1482,False,DOWN
25,23,5.4,-13.7,1069,False,DOWN
25,24,6.0,-13.6,706,False,DOWN
25,25,6.5,-13.5,336,False,DOWN
25,26,7.2,-13.4,38,False,DOWN
25,27,7.9,-13.3,0,False,DOWN
25,28,8.9,-13.3,0,False,DOWN
25,29,9.9,-13.2,0,False,DOWN
25,30,11.5,-13.1,0,False,DOWN
25,31,13.1,-12.8,0,False,DOWN
25,32,14.6,-12.6,0,False,DOWN
25,33,16.6,-12.3,203,False,DOWN
25,34,17.4,-11.9,401,False,DOWN
25,35,18.6,-11.8,764,False,DOWN
25,36,20.2,-11.6,1014,False,DOWN
25,37,21.6,-11.4,1152,False,DOWN
25,38,23.0,-11.2,1281,False,DOWN
25,39,24.3,-11.0,1361,False,DOWN
25,40,26.0,-10.7,1334,False,DOWN
25,41,27.5,-10.4,1566,False,DOWN
25,42,29.3,-10.2,1570,False,DOWN
25,43,31.0,-9.9,1162,False,DOWN
25,44,32.8,-9.6,752,False,CURLING
25,45,34.5,-9.4,368,False,CURLING
25,46,36.2,-8.8,48,False,CURLING
25,47,38.0,-8.2,0,False,CURLING
25,48,39.7,-7.8,0,False,CURLING
25,49,41.3,-7.5,0,False,CURLING
25,50,43.0,-7.2,0,False,CURLING
25,51,44.6,-6.9,0,False,CURLING
25,52,46.3,-6.4,0,False,CURLING
25,53,48.0,-6.1,226,False,CURLING
25,54,49.8,-5.8,487,False,CURLING
25,55,51.6,-5.4,840,False,CURLING
25,56,53.4,-5.0,1094,False,CURLING
25,57,55.3,-4.6,1239,False,CURLING
25,58,57.3,-4.0,1315,False,CURLING
25,59,59.3,-3.7,1466,False,CURLING
25,60,61.4,-3.2,1425,False,CURLING
25,61,63.3,-2.5,1685,False,CURLING
25,62,65.3,-1.8,1680,False,CURLING
25,63,67.2,-1.1,1222,False,CURLING
25,64,69.0,-0.5,788,False,CURLING
25,65,70.9,0.1,374,False,CURLING
25,66,72.8,0.7,51,False,CURLING
25,67,74.8,1.2,0,False,CURLING
25,68,76.6,1.7,0,False,CURLING
25,69,78.5,2.1,0,False,CURLING
25,70,80.3,2.5,0,False,CURLING
25,71,82.1,2.9,0,False,TOP
25,72,83.8,3.2,0,False,TOP
25,73,85.6,3.7,211,False,TOP
25,74,87.3,4.2,511,True,TOP
25,75,89.1,4.6,845,True,TOP
25,76,90.8,4.9,1111,True,TOP
25,77,92.6,5.4,1303,True,TOP
25,78,94.4,5.8,1694,True,TOP
25,79,95.9,6.4,3430,True,TOP
25,80,97.5,6.7,4095,True,TOP
25,81,99.2,7.3,4095,True,TOP
25,82,100.8,7.8,4095,True,TOP
25,83,102.3,8.4,3760,True,TOP
25,84,103.8,8.9,3005,True,TOP
25,85,105.3,9.3,2025,True,TOP
25,86,106.7,9.7,1007,True,TOP
25,87,108.1,10.1,114,False,TOP
25,88,109.6,10.6,0,False,TOP
25,89,110.7,10.9,0,False,TOP
25,90,111.8,11.6,0,False,TOP
25,91,113.4,12.0,0,False,TOP
25,92,115.0,12.5,0,False,TOP
25,93,116.3,13.0,190,False,TOP
25,94,117.7,13.4,496,False,TOP
25,95,119.1,13.8,1273,True,TOP
25,96,120.4,14.2,2182,True,TOP
25,97,121.7,14.7,2954,True,TOP
25,98,122.9,15.2,3727,True,TOP
25,99,124.1,15.6,4095,True,TOP
25,100,125.1,16.1,4095,True,TOP
25,101,126.2,16.5,4095,True,TOP
25,102,127.1,16.9,4095,True,TOP
25,103,127.9,17.3,3696,True,TOP
25,104,128.7,17.8,2942,True,TOP
25,105,129.4,18.3,2030,True,TOP
25,106,130.2,18.8,1014,True,TOP
25,107,130.9,19.2,153,False,TOP
25,108,131.5,19.5,0,False,TOP
25,109,132.1,19.7,0,False,TOP
25,110,132.6,19.8,0,False,TOP
25,111,133.2,20.0,0,False,TOP
25,112,133.6,19.9,0,False,TOP
25,113,134.3,20.1,191,False,TOP
25,114,134.7,20.2,458,False,TOP
25,115,135.4,20.4,1280,True,TOP
25,116,136.0,20.6,2171,True,TOP
25,117,136.6,20.8,2926,True,TOP
25,118,137.3,21.0,3711,True,TOP
25,119,137.9,21.1,4095,True,TOP
25,120,138.5,21.2,4095,True,TOP
25,121,139.0,21.3,4095,True,TOP
25,122,139.4,21.4,4095,True,TOP
25,123,139.8,21.5,3744,True,TOP
25,124,140.2,21.6,2983,True,TOP
25,125,140.6,21.8,2058,True,TOP
25,126,141.0,22.0,1043,True,TOP
25,127,141.4,22.3,177,False,TOP
25,128,141.7,22.6,0,False,TOP
25,129,142.1,22.9,0,False,TOP
25,130,142.4,23.1,0,False,TOP
25,131,142.8,23.3,0,False,TOP
25,132,143.1,23.4,0,False,TOP
25,133,143.4,23.5,169,False,TOP
25,134,143.5,23.7,453,False,TOP
25,135,143.5,23.8,1251,True,TOP
25,136,143.6,23.8,2128,True,TOP
25,137,143.6,23.7,2911,True,TOP
25,138,143.6,23.8,3714,True,TOP
25,139,143.6,23.8,4095,True,TOP
25,140,143.7,23.9,4095,True,TOP
25,141,143.8,24.0,4095,True,TOP
25,142,143.9,24.0,4095,True,TOP
25,143,144.1,24.1,3730,True,TOP
25,144,144.3,24.2,2985,True,TOP
25,145,144.5,24.4,2087,True,TOP
25,146,144.6,24.5,1040,True,TOP
25,147,144.7,24.6,175,False,TOP
25,148,144.8,24.6,0,False,TOP
25,149,144.9,24.7,0,False,TOP
25,150,145.0,24.7,0,False,TOP
25,151,145.0,24.7,0,False,TOP
25,152,145.0,24.7,0,False,TOP
25,153,145.0,24.7,190,False,TOP
25,154,145.0,24.7,483,False,TOP
25,155,145.0,24.8,1269,True,TOP
25,156,145.1,24.8,2141,True,TOP
25,157,145.2,24.8,2911,True,TOP
25,158,145.3,24.8,3696,True,TOP
25,159,145.4,24.8,4095,True,TOP
25,160,145.5,24.8,4095,True,TOP
25,161,145.5,24.9,4095,True,TOP
25,162,145.6,24.9,4095,True,TOP
25,163,145.6,24.8,3821,True,TOP
25,164,145.6,24.8,3023,True,TOP
25,165,145.6,24.7,2095,True,TOP
25,166,145.6,24.7,1046,True,TOP
25,167,145.5,24.7,176,False,TOP
25,168,145.5,24.6,0,False,TOP
25,169,145.5,24.6,0,False,TOP
25,170,145.5,24.6,0,False,TOP
25,171,145.5,24.6,0,False,TOP
25,172,145.5,24.7,0,False,TOP
25,173,145.4,24.7,133,False,TOP
25,174,145.3,24.7,430,False,TOP
25,175,145.1,24.7,1239,True,TOP
25,176,144.8,24.6,2117,True,TOP
25,177,144.5,24.5,2919,True,TOP
25,178,144.0,24.4,3691,True,TOP
25,179,143.4,24.4,4095,True,TOP
25,180,142.8,24.3,4095,True,TOP
25,181,142.0,24.2,4095,True,TOP
25,182,141.2,24.0,4095,True,TOP
25,183,140.2,23.7,3802,True,TOP
25,184,139.0,23.3,3045,True,TOP
25,185,137.4,23.0,2071,True,TOP
25,186,135.5,22.7,1039,True,TOP
25,187,133.4,22.4,112,False,TOP
25,188,131.6,22.1,0,False,TOP
25,189,130.0,21.6,0,False,TOP
25,190,128.2,21.0,0,False,TOP
25,191,126.2,20.2,0,False,TOP
25,192,124.0,19.2,0,False,TOP
25,193,122.3,19.1,122,False,TOP
25,194,120.5,18.8,421,False,TOP
25,195,119.1,18.1,1236,True,TOP
25,196,117.4,17.2,2176,True,TOP
25,197,115.7,16.7,2934,True,TOP
25,198,114.3,16.4,3796,True,TOP
25,199,112.9,16.0,4095,True,TOP
25,200,111.4,15.4,4095,True,TOP
25,201,109.6,14.9,4095,True,TOP
25,202,107.9,14.5,4095,True,TOP
25,203,106.2,14.0,3847,True,TOP
25,204,104.7,13.2,3024,True,TOP
25,205,103.1,12.4,2029,True,TOP
25,206,101.5,11.7,998,True,TOP
25,207,100.0,11.0,121,False,TOP
25,208,98.6,10.2,0,False,TOP
25,209,97.1,9.4,0,False,TOP
25,210,95.4,8.9,0,False,TOP
25,211,93.6,8.6,0,False,TOP
25,212,92.0,8.1,0,False,TOP
25,213,90.3,7.7,100,False,TOP
25,214,88.4,7.4,419,False,TOP
25,215,86.6,7.2,1243,True,TOP
25,216,84.9,6.9,2165,True,TOP
25,217,83.0,6.5,2921,True,TOP
25,218,81.0,6.1,3810,True,TOP
25,219,78.9,5.9,4095,False,TOP
25,220,76.9,5.7,4095,False,TOP
25,221,74.9,5.4,4095,False,TOP
25,222,72.9,5.1,4095,False,TOP
25,223,70.9,4.7,3847,False,TOP
25,224,69.0,4.6,3013,False,TOP
25,225,67.3,4.3,2026,False,TOP
25,226,65.5,4.0,972,False,TOP
25,227,63.1,4.0,142,False,TOP
25,228,61.0,3.9,0,False,TOP
25,229,59.9,4.0,0,False,TOP
25,230,58.2,3.6,0,False,TOP
25,231,56.2,3.5,0,False,TOP
25,232,54.4,3.1,0,False,TOP
25,233,49.3,2.8,124,False,TOP
25,234,49.0,3.0,441,False,TOP
25,235,47.8,2.8,1238,False,TOP
25,236,46.7,2.6,2086,False,TOP
25,237,45.7,2.5,2787,False,TOP
25,238,44.3,2.3,3475,False,TOP
25,239,43.3,2.2,4095,False,TOP
25,240,41.8,2.2,4095,False,TOP
25,241,40.6,2.2,4095,False,TOP
25,242,39.4,2.2,4095,False,TOP
25,243,38.3,2.3,3782,False,TOP
25,244,36.8,2.3,3007,False,TOP
25,245,35.6,2.3,2066,False,TOP
25,246,33.8,2.4,1098,False,TOP
25,247,32.4,2.2,304,False,TOP
25,248,31.6,2.2,0,False,TOP
25,249,31.7,2.3,0,False,TOP
25,250,28.3,2.1,0,False,TOP
25,251,27.1,2.4,0,False,TOP
25,252,25.5,2.0,0,False,TOP
25,253,24.7,1.7,116,False,TOP
25,254,23.7,1.4,377,False,TOP
25,255,22.4,1.2,1085,False,TOP
25,256,21.5,1.1,1615,False,TOP
25,257,20.6,0.9,1997,False,TOP
25,258,19.7,0.9,2559,False,TOP
25,259,18.6,0.9,0,False,DOWN
25,260,17.4,0.8,0,False,DOWN
25,261,16.3,0.8,0,False,DOWN
25,262,15.5,0.7,143,False,DOWN
25,263,14.4,0.5,346,False,DOWN
25,264,13.8,0.2,939,False,DOWN
25,265,13.0,0.0,1581,False,DOWN
25,266,12.1,-0.1,2109,False,DOWN
25,267,11.2,-0.5,2619,False,DOWN
25,268,10.8,-0.8,3157,False,DOWN
25,269,10.1,-1.1,3371,False,DOWN
25,270,9.8,-1.4,4095,False,DOWN
25,271,9.6,-1.7,4095,False,DOWN
25,272,9.1,-2.0,3786,False,DOWN
25,273,9.0,-2.2,3085,False,DOWN
25,274,8.6,-2.5,2278,False,DOWN
25,275,8.6,-2.7,1472,False,DOWN
25,276,8.1,-3.0,890,False,DOWN
25,277,7.8,-3.2,226,False,DOWN
25,278,7.5,-3.4,0,False,DOWN
25,279,7.3,-3.7,0,False,DOWN
25,280,6.9,-3.9,0,False,DOWN
25,281,6.6,-4.1,0,False,DOWN
25,282,6.5,-4.2,84,False,DOWN
25,283,6.3,-4.3,318,False,DOWN
25,284,6.0,-4.4,1008,False,DOWN
25,285,5.8,-4.6,1811,False,DOWN
25,286,6.2,-5.0,2505,False,DOWN
25,287,6.0,-5.2,3137,False,DOWN
25,288,5.7,-5.3,3845,False,DOWN
25,289,5.5,-5.4,4095,False,DOWN
25,290,5.3,-5.5,4095,False,DOWN
25,291,5.0,-5.6,4095,False,DOWN
25,292,4.8,-5.7,3918,False,DOWN
25,293,4.6,-5.8,3159,False,DOWN
25,294,4.5,-5.9,2227,False,DOWN
25,295,4.3,-5.9,1300,False,DOWN
25,296,4.1,-6.0,528,False,DOWN
25,297,4.1,-6.1,0,False,DOWN
25,298,4.0,-6.2,0,False,DOWN
25,299,3.9,-6.3,0,False,DOWN
25,300,3.7,-6.5,0,False,DOWN
25,301,3.6,-6.5,0,False,DOWN
25,302,3.3,-6.6,46,False,DOWN
25,303,3.1,-6.6,283,False,DOWN
25,304,3.0,-6.6,955,False,DOWN
25,305,2.9,-6.6,1664,False,DOWN
25,306,2.7,-6.7,2318,False,DOWN
25,307,2.5,-6.7,2944,False,DOWN
25,308,2.3,-6.6,3609,False,DOWN
25,309,2.1,-6.6,4019,False,DOWN
25,310,1.7,-6.7,4095,False,DOWN
25,311,1.5,-6.7,4095,False,DOWN
25,312,1.4,-6.8,3982,False,DOWN
25,313,1.3,-6.9,3215,False,DOWN
25,314,1.1,-6.9,2336,False,DOWN
25,315,1.1,-7.0,1477,False,DOWN
25,316,0.9,-7.1,690,False,DOWN
25,317,0.8,-7.2,0,False,DOWN
25,318,0.6,-7.3,0,False,DOWN
25,319,0.7,-7.5,0,False,DOWN
25,320,0.6,-7.5,0,False,DOWN
25,321,0.4,-7.6,0,False,DOWN
25,322,0.3,-7.8,34,False,DOWN
25,323,0.3,-7.8,255,False,DOWN
25,324,0.3,-8.0,907,False,DOWN
25,325,0.3,-8.0,1631,False,DOWN
25,326,-0.0,-8.0,2278,False,DOWN
25,327,-0.0,-8.1,2902,False,DOWN
25,328,-0.2,-8.1,3609,False,DOWN
25,329,-0.2,-8.1,4001,False,DOWN
25,330,-0.1,-8.2,4095,False,DOWN
25,331,-0.1,-8.2,4095,False,DOWN
26,0,1.2,-9.6,0,False,DOWN
26,1,1.2,-9.7,63,False,DOWN
26,2,1.2,-9.7,304,False,DOWN
26,3,1.2,-9.7,583,False,DOWN
26,4,1.2,-9.7,849,False,DOWN
26,5,1.2,-9.7,1136,False,DOWN
26,6,1.2,-9.7,1401,False,DOWN
26,7,1.2,-9.7,1583,False,DOWN
26,8,1.1,-9.7,1840,False,DOWN
26,9,1.1,-9.7,2187,False,DOWN
26,10,1.1,-9.6,2258,False,DOWN
26,11,1.1,-9.6,1904,False,DOWN
26,12,1.1,-9.6,1488,False,DOWN
26,13,1.1,-9.6,1040,False,DOWN
26,14,1.1,-9.6,624,False,DOWN
26,15,1.1,-9.6,245,False,DOWN
26,16,1.1,-9.6,0,False,DOWN
26,17,1.1,-9.6,0,False,DOWN
26,18,1.2,-9.6,0,False,DOWN
26,19,1.2,-9.6,0,False,DOWN
26,20,1.2,-9.6,0,False,DOWN
26,21,1.2,-9.5,78,False,DOWN
26,22,1.2,-9.5,287,False,DOWN
26,23,1.2,-9.5,594,False,DOWN
26,24,1.3,-9.5,985,False,DOWN
26,25,1.3,-9.5,1375,False,DOWN
26,26,1.3,-9.4,1786,False,DOWN
26,27,1.3,-9.4,2069,False,DOWN
26,28,1.3,-9.3,2394,False,DOWN
26,29,1.3,-9.3,2842,False,DOWN
26,30,1.4,-9.3,2928,False,DOWN
26,31,1.5,-9.2,2549,False,DOWN
26,32,1.6,-9.1,2029,False,DOWN
26,33,1.8,-9.0,1421,False,DOWN
26,34,2.0,-8.9,873,False,DOWN
26,35,2.3,-8.8,383,False,DOWN
26,36,2.7,-8.5,0,False,DOWN
26,37,2.8,-8.5,0,False,DOWN
26,38,2.7,-8.3,0,False,DOWN
26,39,2.8,-8.3,0,False,DOWN
26,40,2.9,-8.1,0,False,DOWN
26,41,3.4,-8.0,111,False,DOWN
26,42,3.7,-7.7,367,False,DOWN
26,43,3.5,-7.7,715,False,DOWN
26,44,3.1,-7.7,1075,False,DOWN
26,45,3.6,-7.5,1380,False,DOWN
26,46,4.6,-7.3,1694,False,DOWN
26,47,5.2,-7.2,1923,False,DOWN
26,48,5.5,-7.1,2203,False,DOWN
26,49,5.9,-6.9,2615,False,DOWN
26,50,7.8,-6.9,2703,False,DOWN
26,51,8.7,-6.8,2287,False,DOWN
26,52,8.7,-6.7,1808,False,DOWN
26,53,8.4,-6.7,1248,False,DOWN
26,54,8.6,-6.5,768,False,DOWN
26,55,10.2,-6.5,331,False,DOWN
26,56,10.5,-6.4,0,False,DOWN
26,57,10.8,-6.4,0,False,DOWN
26,58,11.2,-6.4,0,False,DOWN
26,59,12.2,-6.1,0,False,DOWN
26,60,13.0,-5.8,0,False,DOWN
26,61,13.9,-5.7,117,False,DOWN
26,62,14.4,-5.7,365,False,DOWN
26,63,15.1,-5.6,718,False,DOWN
26,64,16.0,-5.4,994,False,DOWN
26,65,17.1,-5.3,1386,False,DOWN
26,66,18.2,-5.1,1675,False,DOWN
26,67,19.4,-5.1,1884,False,DOWN
26,68,20.6,-5.1,2141,False,DOWN
26,69,21.9,-5.1,2544,False,DOWN
26,70,23.3,-5.1,2646,False,DOWN
26,71,24.8,-5.0,2198,False,DOWN
26,72,26.3,-4.9,1730,False,DOWN
26,73,27.5,-4.7,1216,False,DOWN
26,74,29.0,-4.3,721,False,DOWN
26,75,30.5,-3.9,279,False,DOWN
26,76,32.0,-3.6,0,False,CURLING
26,77,33.5,-3.4,0,False,CURLING
26,78,35.0,-3.2,0,False,CURLING
26,79,36.4,-3.0,0,False,CURLING
26,80,37.9,-2.7,0,False,CURLING
26,81,39.2,-2.5,113,False,CURLING
26,82,40.4,-2.3,381,False,CURLING
26,83,41.6,-2.1,716,False,CURLING
26,84,42.8,-2.0,1069,False,CURLING
26,85,44.0,-1.9,1354,False,CURLING
26,86,45.3,-1.8,1639,False,CURLING
26,87,46.7,-1.7,1837,False,CURLING
26,88,48.3,-1.7,2023,False,CURLING
26,89,49.7,-1.6,2441,False,CURLING
26,90,51.3,-1.4,2541,False,CURLING
26,91,53.0,-1.2,2103,False,CURLING
26,92,54.5,-1.0,1651,False,CURLING
26,93,56.2,-0.6,1141,False,CURLING
26,94,57.8,-0.2,656,False,CURLING
26,95,59.4,0.2,241,False,CURLING
26,96,61.1,0.4,0,False,CURLING
26,97,62.9,1.1,0,False,CURLING
26,98,64.5,1.7,0,False,CURLING
26,99,66.2,2.3,0,False,CURLING
26,100,67.8,2.8,0,False,CURLING
26,101,69.5,3.3,114,False,CURLING
26,102,71.1,3.8,343,False,CURLING
26,103,72.7,4.4,686,False,CURLING
26,104,74.4,4.9,965,False,CURLING
26,105,76.2,5.2,1237,False,CURLING
26,106,77.9,5.6,1478,False,CURLING
26,107,79.6,6.0,1674,False,CURLING
26,108,81.2,6.5,1855,True,CURLING
26,109,82.9,6.9,2263,True,TOP
26,110,84.5,7.4,2374,True,TOP
26,111,86.2,7.7,1970,True,TOP
26,112,87.8,8.1,1535,True,TOP
26,113,89.4,8.5,1023,True,TOP
26,114,91.0,8.8,551,True,TOP
26,115,92.6,9.2,183,False,TOP
26,116,94.1,9.6,0,False,TOP
26,117,95.6,9.8,0,False,TOP
26,118,97.2,10.1,0,False,TOP
26,119,98.7,10.6,0,False,TOP
26,120,100.2,11.0,0,False,TOP
26,121,101.7,11.4,80,False,TOP
26,122,103.3,11.8,275,False,TOP
26,123,104.8,12.2,576,True,TOP
26,124,106.2,12.6,815,True,TOP
26,125,107.8,13.1,1057,True,TOP
26,126,109.3,13.5,1278,True,TOP
26,127,110.7,13.8,1453,True,TOP
26,128,112.0,14.2,1613,True,TOP
26,129,113.3,14.5,2012,True,TOP
26,130,114.4,15.0,2112,True,TOP
26,131,115.7,15.3,1696,True,TOP
26,132,116.9,15.7,1338,True,TOP
26,133,118.0,16.0,863,True,TOP
26,134,119.1,16.3,415,False,TOP
26,135,120.3,16.5,65,False,TOP
26,136,121.3,16.7,0,False,TOP
26,137,122.3,16.9,0,False,TOP
26,138,123.3,17.1,0,False,TOP
26,139,124.4,17.3,0,False,TOP
26,140,125.4,17.5,0,False,TOP
26,141,126.5,17.8,90,False,TOP
26,142,127.4,18.0,304,False,TOP
26,143,128.4,18.3,597,True,TOP
26,144,129.5,18.6,877,True,TOP
26,145,130.4,18.9,1109,True,TOP
26,146,131.4,19.2,1358,True,TOP
26,147,132.3,19.5,1529,True,TOP
26,148,133.2,19.8,1694,True,TOP
26,149,134.1,20.1,2039,True,TOP
26,150,134.9,20.3,2128,True,TOP
26,151,135.8,20.7,1744,True,TOP
26,152,136.8,21.0,1328,True,TOP
26,153,137.5,21.2,879,True,TOP
26,154,138.5,21.5,460,False,TOP
26,155,139.1,21.6,113,False,TOP
26,156,139.7,21.9,0,False,TOP
26,157,140.3,22.0,0,False,TOP
26,158,141.0,22.2,0,False,TOP
26,159,141.4,22.4,0,False,TOP
26,160,142.0,22.5,0,False,TOP
26,161,142.3,22.7,74,False,TOP
26,162,142.9,22.9,283,False,TOP
26,163,143.2,22.9,578,True,TOP
26,164,143.6,23.0,834,True,TOP
26,165,144.3,23.2,1079,True,TOP
26,166,144.8,23.3,1279,True,TOP
26,167,145.1,23.4,1488,True,TOP
26,168,145.5,23.6,1633,True,TOP
26,169,145.9,23.7,1988,True,TOP
26,170,146.2,23.7,2118,True,TOP
26,171,146.6,23.8,1734,True,TOP
26,172,147.0,23.9,1329,True,TOP
26,173,147.2,24.0,882,True,TOP
26,174,147.5,24.0,472,False,TOP
26,175,147.8,24.2,111,False,TOP
26,176,148.2,24.4,0,False,TOP
26,177,148.5,24.5,0,False,TOP
26,178,148.8,24.7,0,False,TOP
26,179,148.9,24.9,0,False,TOP
26,180,149.1,25.0,0,False,TOP
26,181,149.3,25.1,77,False,TOP
26,182,149.5,25.1,303,False,TOP
26,183,149.6,25.1,569,True,TOP
26,184,149.7,25.1,848,True,TOP
26,185,149.8,25.1,1074,True,TOP
26,186,149.9,25.1,1284,True,TOP
26,187,150.0,25.1,1473,True,TOP
26,188,150.1,25.1,1616,True,TOP
26,189,150.2,25.1,1991,True,TOP
26,190,150.3,25.1,2130,True,TOP
26,191,150.4,25.2,1751,True,TOP
26,192,150.5,25.2,1354,True,TOP
26,193,150.6,25.2,899,True,TOP
26,194,150.6,25.2,460,False,TOP
26,195,150.7,25.2,133,False,TOP
26,196,150.7,25.2,0,False,TOP
26,197,150.7,25.2,0,False,TOP
26,198,150.7,25.3,0,False,TOP
26,199,150.8,25.3,0,False,TOP
26,200,150.8,25.3,0,False,TOP
26,201,150.9,25.3,97,False,TOP
26,202,150.9,25.3,272,False,TOP
26,203,150.9,25.4,560,True,TOP
26,204,151.0,25.5,827,True,TOP
26,205,150.9,25.6,1061,True,TOP
26,206,151.0,25.6,1297,True,TOP
26,207,151.1,25.6,1472,True,TOP
26,208,151.2,25.7,1623,True,TOP
26,209,151.2,25.7,1982,True,TOP
26,210,151.2,25.7,2145,True,TOP
26,211,151.2,25.6,1747,True,TOP
26,212,151.3,25.5,1346,True,TOP
26,213,151.3,25.5,895,True,TOP
26,214,151.3,25.5,464,False,TOP
26,215,151.4,25.5,102,False,TOP
26,216,151.4,25.5,0,False,TOP
26,217,151.4,25.5,0,False,TOP
26,218,151.4,25.5,0,False,TOP
26,219,151.5,25.5,0,False,TOP
26,220,151.5,25.5,0,False,TOP
26,221,151.5,25.5,69,False,TOP
26,222,151.6,25.5,269,False,TOP
26,223,151.6,25.5,557,True,TOP
26,224,151.6,25.5,847,True,TOP
26,225,151.6,25.5,1082,True,TOP
26,226,151.6,25.5,1279,True,TOP
26,227,151.5,25.4,1489,True,TOP
26,228,151.3,25.3,1627,True,TOP
26,229,151.1,25.2,1975,True,TOP
26,230,150.9,25.2,2112,True,TOP
26,231,150.6,25.1,1753,True,TOP
26,232,150.2,25.0,1345,True,TOP
26,233,149.7,24.9,890,True,TOP
26,234,149.3,24.7,491,False,TOP
26,235,149.0,24.4,123,False,TOP
26,236,148.4,24.3,0,False,TOP
26,237,147.7,24.2,0,False,TOP
26,238,146.9,24.1,0,False,TOP
26,239,146.2,23.8,0,False,TOP
26,240,145.4,23.4,0,False,TOP
26,241,144.5,22.8,80,False,TOP
26,242,143.3,22.3,275,False,TOP
26,243,141.9,21.8,569,True,TOP
26,244,140.4,21.4,839,True,TOP
26,245,138.8,21.0,1083,True,TOP
26,246,137.1,20.6,1299,True,TOP
26,247,135.3,20.1,1499,True,TOP
26,248,133.4,19.7,1648,True,TOP
26,249,131.5,19.1,2011,True,TOP
26,250,129.5,18.5,2159,True,TOP
26,251,127.6,18.2,1802,True,TOP
26,252,125.7,17.8,1403,True,TOP
26,253,124.0,17.3,934,True,TOP
26,254,122.7,17.0,497,False,TOP
26,255,121.6,16.4,146,False,TOP
26,256,120.0,15.5,0,False,TOP
26,257,118.1,15.3,0,False,TOP
26,258,116.6,14.9,0,False,TOP
26,259,115.3,14.5,0,False,TOP
26,260,114.1,14.1,0,False,TOP
26,261,112.9,13.7,70,False,TOP
26,262,111.6,13.2,272,False,TOP
26,263,110.2,12.8,609,True,TOP
26,264,108.9,12.3,934,True,TOP
26,265,107.7,11.9,1216,True,TOP
26,266,106.4,11.5,1520,True,TOP
26,267,105.1,11.2,1791,True,TOP
26,268,103.8,11.0,1969,True,TOP
26,269,102.5,10.5,2401,True,TOP
26,270,101.1,10.1,2559,True,TOP
26,271,99.8,10.0,2165,True,TOP
26,272,98.6,9.5,1744,True,TOP
26,273,97.5,9.2,1215,True,TOP
26,274,96.4,9.1,726,True,TOP
26,275,95.4,8.9,307,False,TOP
26,276,94.6,8.6,0,False,TOP
26,277,93.7,8.2,0,False,TOP
26,278,92.7,7.8,0,False,TOP
26,279,91.5,7.6,0,False,TOP
26,280,90.5,7.5,0,False,TOP
26,281,89.4,7.2,79,False,TOP
26,282,88.1,7.0,281,False,TOP
26,283,86.6,6.9,624,True,TOP
26,284,85.0,6.8,922,True,TOP
26,285,83.6,6.9,1191,True,TOP
26,286,82.3,6.4,1467,True,TOP
26,287,80.5,5.9,1691,True,TOP
26,288,78.7,5.6,1874,False,TOP
26,289,77.1,5.4,2301,False,TOP
26,290,75.5,5.2,2511,False,TOP
26,291,73.9,5.0,2125,False,TOP
26,292,72.0,4.8,1711,False,TOP
26,293,70.1,4.7,1215,False,TOP
26,294,68.1,4.7,735,False,TOP
26,295,66.1,4.7,326,False,TOP
26,296,64.2,4.6,0,False,TOP
26,297,62.2,4.5,0,False,TOP
26,298,60.5,4.4,0,False,TOP
26,299,59.0,4.4,0,False,TOP
26,300,57.2,4.2,0,False,TOP
26,301,55.3,4.1,69,False,TOP
26,302,53.3,4.1,340,False,TOP
26,303,51.5,4.2,735,False,TOP
26,304,49.6,4.2,1214,False,TOP
26,305,47.8,4.1,1583,False,TOP
26,306,45.9,3.9,1975,False,TOP
26,307,44.1,3.8,2306,False,TOP
26,308,42.5,3.6,2554,False,TOP
26,309,40.9,3.3,3034,False,TOP
26,310,39.1,3.1,3251,False,TOP
26,311,37.4,2.9,2781,False,TOP
26,312,35.7,2.7,2263,False,TOP
26,313,33.9,2.7,1645,False,TOP
26,314,32.4,2.5,1059,False,TOP
26,315,31.0,2.3,489,False,TOP
26,316,29.6,2.0,0,False,TOP
26,317,28.6,1.7,0,False,TOP
26,318,27.5,1.4,0,False,TOP
26,319,26.4,1.1,0,False,TOP
26,320,25.3,0.9,0,False,TOP
26,321,24.1,0.8,106,False,TOP
26,322,22.8,0.7,368,False,TOP
26,323,22.1,0.7,821,False,TOP
26,324,21.2,0.6,1316,False,TOP
26,325,20.4,0.3,1734,False,TOP
26,326,19.6,0.1,2169,False,TOP
26,327,18.8,-0.1,0,False,DOWN
26,328,18.1,-0.3,0,False,DOWN
26,329,17.3,-0.4,0,False,DOWN
26,330,16.6,-0.4,86,False,DOWN
26,331,16.2,-0.6,366,False,DOWN
26,332,15.6,-0.6,842,False,DOWN
26,333,15.2,-0.6,1315,False,DOWN
26,334,14.6,-0.7,1698,False,DOWN
26,335,13.8,-0.8,2115,False,DOWN
26,336,13.1,-0.9,2466,False,DOWN
26,337,12.7,-1.0,2708,False,DOWN
26,338,12.2,-1.2,3327,False,DOWN
26,339,11.8,-1.3,3504,False,DOWN
26,340,12.0,-1.6,3062,False,DOWN
26,341,11.9,-1.7,2478,False,DOWN
26,342,11.8,-1.8,1751,False,DOWN
26,343,11.7,-1.8,1150,False,DOWN
26,344,12.0,-1.9,553,False,DOWN
26,345,11.9,-2.2,4,False,DOWN
26,346,12.1,-2.6,0,False,DOWN
26,347,12.3,-2.9,0,False,DOWN
26,348,12.3,-3.1,0,False,DOWN
26,349,12.5,-3.1,0,False,DOWN
26,350,12.8,-3.3,123,False,DOWN
26,351,12.9,-3.4,443,False,DOWN
26,352,12.9,-3.5,846,False,DOWN
26,353,12.8,-3.4,1371,False,DOWN
26,354,12.9,-3.4,1731,False,DOWN
26,355,13.1,-3.5,2096,False,DOWN
26,356,13.4,-3.7,2350,False,DOWN
26,357,13.5,-3.7,2528,False,DOWN
26,358,13.6,-3.8,2975,False,DOWN
26,359,13.6,-3.9,3063,False,DOWN
26,360,13.6,-4.0,2543,False,DOWN
26,361,13.6,-4.0,2013,False,DOWN
26,362,13.6,-4.1,1446,False,DOWN
26,363,13.8,-4.1,883,False,DOWN
26,364,13.7,-4.3,400,False,DOWN
26,365,14.0,-4.3,0,False,DOWN
26,366,14.2,-4.3,0,False,DOWN
26,367,14.1,-4.4,0,False,DOWN
26,368,14.0,-4.4,0,False,DOWN
26,369,14.0,-4.4,0,False,DOWN
26,370,14.0,-4.5,106,False,DOWN
26,371,14.1,-4.5,383,False,DOWN
26,372,14.1,-4.6,790,False,DOWN
26,373,14.3,-4.7,1177,False,DOWN
26,374,14.4,-4.7,1507,False,DOWN
26,375,14.3,-4.8,1840,False,DOWN
26,376,14.4,-4.9,2094,False,DOWN
26,377,14.4,-4.9,2271,False,DOWN
26,378,14.5,-4.9,2725,False,DOWN
26,379,14.6,-5.0,2865,False,DOWN
26,380,14.6,-5.1,2361,False,DOWN
26,381,14.6,-5.2,1871,False,DOWN
26,382,14.7,-5.2,1314,False,DOWN
26,383,14.7,-5.3,759,False,DOWN
26,384,14.7,-5.4,320,False,DOWN
26,385,14.6,-5.2,0,False,DOWN
26,386,14.4,-5.2,0,False,DOWN
27,0,-5.1,-2.5,1474,False,DOWN
27,1,-5.1,-2.5,1832,False,DOWN
27,2,-5.1,-2.5,2069,False,DOWN
27,3,-5.0,-2.6,1743,False,DOWN
27,4,-5.0,-2.6,1360,False,DOWN
27,5,-5.0,-2.6,965,False,DOWN
27,6,-4.9,-2.6,549,False,DOWN
27,7,-4.9,-2.6,203,False,DOWN
27,8,-4.9,-2.6,0,False,DOWN
27,9,-4.9,-2.6,0,False,DOWN
27,10,-4.9,-2.6,0,False,DOWN
27,11,-4.9,-2.6,0,False,DOWN
27,12,-4.9,-2.6,0,False,DOWN
27,13,-4.9,-2.6,60,False,DOWN
27,14,-4.9,-2.6,230,False,DOWN
27,15,-4.9,-2.7,498,False,DOWN
27,16,-4.9,-2.7,768,False,DOWN
27,17,-4.9,-2.7,977,False,DOWN
27,18,-4.9,-2.7,1173,False,DOWN
27,19,-4.8,-2.8,1379,False,DOWN
27,20,-4.8,-2.8,1510,False,DOWN
27,21,-4.8,-2.8,1870,False,DOWN
27,22,-4.7,-2.8,2067,False,DOWN
27,23,-4.7,-2.8,1683,False,DOWN
27,24,-4.6,-2.8,1319,False,DOWN
27,25,-4.5,-2.9,885,False,DOWN
27,26,-4.4,-2.9,482,False,DOWN
27,27,-4.3,-2.9,149,False,DOWN
27,28,-4.2,-2.9,0,False,DOWN
27,29,-4.1,-3.0,0,False,DOWN
27,30,-4.0,-3.0,0,False,DOWN
27,31,-3.9,-3.0,0,False,DOWN
27,32,-3.8,-3.0,0,False,DOWN
27,33,-3.7,-3.0,81,False,DOWN
27,34,-3.6,-3.0,263,False,DOWN
27,35,-3.4,-3.0,535,False,DOWN
27,36,-3.3,-3.0,795,False,DOWN
27,37,-3.2,-3.0,1009,False,DOWN
27,38,-3.1,-3.0,1201,False,DOWN
27,39,-3.0,-3.0,1392,False,DOWN
27,40,-2.8,-3.0,1523,False,DOWN
27,41,-2.7,-3.0,1879,False,DOWN
27,42,-2.6,-3.0,2066,False,DOWN
27,43,-2.5,-3.0,1645,False,DOWN
27,44,-2.3,-3.1,1263,False,DOWN
27,45,-2.1,-3.1,836,False,DOWN
27,46,-1.8,-3.1,433,False,DOWN
27,47,-1.7,-3.0,108,False,DOWN
27,48,-1.5,-3.1,0,False,DOWN
27,49,-1.3,-3.1,0,False,DOWN
27,50,-0.8,-3.0,0,False,DOWN
27,51,-0.7,-2.9,0,False,DOWN
27,52,-0.5,-2.9,0,False,DOWN
27,53,-0.2,-3.0,107,False,DOWN
27,54,0.6,-2.9,309,False,DOWN
27,55,0.8,-2.8,598,False,DOWN
27,56,1.1,-2.7,854,False,DOWN
27,57,1.7,-2.7,1086,False,DOWN
27,58,1.9,-2.6,1311,False,DOWN
27,59,2.2,-2.5,1472,False,DOWN
27,60,2.6,-2.5,1660,False,DOWN
27,61,3.0,-2.3,2016,False,DOWN
27,62,3.3,-2.2,2157,False,DOWN
27,63,3.6,-2.0,1719,False,DOWN
27,64,4.0,-1.9,1310,False,DOWN
27,65,4.6,-1.9,880,False,DOWN
27,66,5.5,-1.9,462,False,DOWN
27,67,6.6,-1.8,112,False,DOWN
27,68,7.6,-1.9,0,False,DOWN
27,69,8.6,-1.9,0,False,DOWN
27,70,9.6,-1.8,0,False,DOWN
27,71,10.1,-1.8,0,False,DOWN
27,72,11.2,-1.8,0,False,DOWN
27,73,11.9,-1.7,112,False,DOWN
27,74,12.8,-1.6,368,False,DOWN
27,75,14.0,-1.6,674,False,DOWN
27,76,15.0,-1.5,930,False,DOWN
27,77,16.0,-1.4,1194,False,DOWN
27,78,17.1,-1.4,1441,False,DOWN
27,79,19.5,-1.2,1610,False,DOWN
27,80,20.3,-1.1,1899,False,DOWN
27,81,21.5,-1.1,2191,False,DOWN
27,82,22.6,-1.1,2187,False,DOWN
27,83,23.8,-1.0,1808,False,DOWN
27,84,25.1,-0.9,1335,False,DOWN
27,85,26.2,-0.9,891,False,DOWN
27,86,27.4,-0.8,486,False,DOWN
27,87,28.5,-0.7,114,False,DOWN
27,88,29.6,-0.4,0,False,DOWN
27,89,30.7,-0.3,0,False,DOWN
27,90,31.9,-0.1,0,False,CURLING
27,91,32.9,0.1,0,False,CURLING
27,92,34.0,0.2,0,False,CURLING
27,93,35.2,0.3,128,False,CURLING
27,94,36.3,0.5,423,False,CURLING
27,95,37.4,0.6,703,False,CURLING
27,96,38.5,0.7,972,False,CURLING
27,97,39.6,0.8,1200,False,CURLING
27,98,40.6,0.9,1472,False,CURLING
27,99,42.0,1.1,1597,False,CURLING
27,100,43.0,1.2,1936,False,CURLING
27,101,44.0,1.3,2192,False,CURLING
27,102,45.0,1.5,2090,False,CURLING
27,103,46.1,1.6,1743,False,CURLING
27,104,47.2,1.6,1277,False,CURLING
27,105,48.3,1.7,819,False,CURLING
27,106,49.4,1.7,438,False,CURLING
27,107,50.5,1.7,75,False,CURLING
27,108,51.5,1.8,0,False,CURLING
27,109,52.5,1.9,0,False,CURLING
27,110,53.6,2.0,0,False,CURLING
27,111,54.8,2.2,0,False,CURLING
27,112,55.9,2.2,17,False,CURLING
27,113,57.1,2.3,157,False,CURLING
27,114,58.2,2.4,436,False,CURLING
27,115,59.4,2.6,742,False,CURLING
27,116,60.6,2.9,979,False,CURLING
27,117,61.9,3.0,1209,False,CURLING
27,118,63.1,3.2,1486,False,CURLING
27,119,64.3,3.4,1616,False,CURLING
27,120,65.4,3.6,1981,False,CURLING
27,121,66.7,4.0,2202,False,CURLING
27,122,67.7,4.1,2013,False,CURLING
27,123,69.0,4.2,1703,False,CURLING
27,124,70.1,4.4,1200,False,CURLING
27,125,71.3,4.6,751,False,CURLING
27,126,72.5,4.9,377,False,CURLING
27,127,73.8,5.1,41,False,CURLING
27,128,75.2,5.3,0,False,CURLING
27,129,76.5,5.6,0,False,CURLING
27,130,77.9,5.9,0,False,CURLING
27,131,79.3,6.2,0,False,CURLING
27,132,80.7,6.5,46,False,CURLING
27,133,82.0,6.7,174,False,TOP
27,134,83.3,7.3,449,False,TOP
27,135,84.5,7.5,742,True,TOP
27,136,85.8,7.7,982,True,TOP
27,137,87.0,8.1,1197,True,TOP
27,138,88.3,8.4,1458,True,TOP
27,139,89.6,8.7,1573,True,TOP
27,140,90.7,8.8,1963,True,TOP
27,141,92.0,9.1,2186,True,TOP
27,142,93.1,9.4,1946,True,TOP
27,143,94.4,9.7,1570,True,TOP
27,144,95.7,10.0,1120,True,TOP
27,145,96.9,10.3,661,True,TOP
27,146,98.2,10.7,303,False,TOP
27,147,99.3,11.0,0,False,TOP
27,148,100.5,11.4,0,False,TOP
27,149,101.6,11.7,0,False,TOP
27,150,102.8,12.1,0,False,TOP
27,151,103.9,12.6,0,False,TOP
27,152,105.0,13.0,33,False,TOP
27,153,106.1,13.4,203,False,TOP
27,154,107.4,13.8,468,False,TOP
27,155,108.5,14.1,759,True,TOP
27,156,109.9,14.4,971,True,TOP
27,157,111.0,14.5,1197,True,TOP
27,158,112.2,14.9,1444,True,TOP
27,159,113.3,15.1,1575,True,TOP
27,160,114.4,15.4,1953,True,TOP
27,161,115.6,15.6,2179,True,TOP
27,162,116.7,15.7,1861,True,TOP
27,163,117.8,16.0,1484,True,TOP
27,164,118.8,16.3,1043,True,TOP
27,165,119.9,16.5,597,True,TOP
27,166,121.0,16.7,268,False,TOP
27,167,122.2,16.9,0,False,TOP
27,168,123.3,17.2,0,False,TOP
27,169,124.5,17.4,0,False,TOP
27,170,125.5,17.7,0,False,TOP
27,171,126.5,17.8,0,False,TOP
27,172,127.3,18.2,71,False,TOP
27,173,128.1,18.5,229,False,TOP
27,174,129.1,18.7,499,False,TOP
27,175,129.8,19.1,785,True,TOP
27,176,130.8,19.4,1005,True,TOP
27,177,131.9,19.6,1228,True,TOP
27,178,132.6,19.8,1427,True,TOP
27,179,133.2,19.9,1567,True,TOP
27,180,134.2,20.2,1920,True,TOP
27,181,135.0,20.4,2064,True,TOP
27,182,135.7,20.7,1769,True,TOP
27,183,136.5,20.9,1367,True,TOP
27,184,137.2,21.1,893,True,TOP
27,185,137.9,21.2,491,False,TOP
27,186,138.6,21.4,130,False,TOP
27,187,139.4,21.6,0,False,TOP
27,188,140.2,21.8,0,False,TOP
27,189,140.8,21.9,0,False,TOP
27,190,141.7,22.1,0,False,TOP
27,191,142.3,22.2,0,False,TOP
27,192,143.0,22.4,78,False,TOP
27,193,143.6,22.7,241,False,TOP
27,194,144.1,23.0,511,True,TOP
27,195,144.6,23.2,760,True,TOP
27,196,145.1,23.5,976,True,TOP
27,197,146.0,23.6,1175,True,TOP
27,198,146.3,23.8,1342,True,TOP
27,199,146.6,24.0,1487,True,TOP
27,200,146.9,24.2,1855,True,TOP
27,201,146.9,24.4,1984,True,TOP
27,202,147.1,24.5,1620,True,TOP
27,203,147.3,24.6,1239,True,TOP
27,204,147.4,24.7,818,True,TOP
27,205,147.5,24.7,422,False,TOP
27,206,147.6,24.7,93,False,TOP
27,207,147.7,24.8,0,False,TOP
27,208,147.8,24.8,0,False,TOP
27,209,147.9,24.8,0,False,TOP
27,210,148.1,24.9,0,False,TOP
27,211,148.2,25.0,0,False,TOP
27,212,148.3,25.1,80,False,TOP
27,213,148.4,25.1,272,False,TOP
27,214,148.5,25.0,551,True,TOP
27,215,148.5,25.0,802,True,TOP
27,216,148.6,25.1,1013,True,TOP
27,217,148.7,25.1,1218,True,TOP
27,218,148.8,25.2,1393,True,TOP
27,219,148.9,25.2,1529,True,TOP
27,220,149.0,25.3,1905,True,TOP
27,221,149.0,25.3,1971,True,TOP
27,222,149.1,25.3,1600,True,TOP
27,223,149.1,25.3,1200,True,TOP
27,224,149.1,25.3,735,True,TOP
27,225,149.1,25.3,378,False,TOP
27,226,149.2,25.3,27,False,TOP
27,227,149.4,25.4,0,False,TOP
27,228,149.4,25.4,0,False,TOP
27,229,149.4,25.4,0,False,TOP
27,230,149.5,25.5,0,False,TOP
27,231,149.5,25.5,0,False,TOP
27,232,149.5,25.5,98,False,TOP
27,233,149.5,25.5,320,False,TOP
27,234,149.5,25.5,579,True,TOP
27,235,149.5,25.5,785,True,TOP
27,236,149.5,25.5,1035,True,TOP
27,237,149.4,25.5,1255,True,TOP
27,238,149.3,25.4,1370,True,TOP
27,239,149.0,25.3,1644,True,TOP
27,240,148.6,25.3,1895,True,TOP
27,241,147.9,25.4,1887,True,TOP
27,242,147.0,25.5,1502,True,TOP
27,243,146.1,25.5,1108,True,TOP
27,244,145.2,25.2,706,True,TOP
27,245,144.0,24.9,336,False,TOP
27,246,142.6,24.8,0,False,TOP
27,247,141.2,24.6,0,False,TOP
27,248,139.6,24.6,0,False,TOP
27,249,137.5,24.5,0,False,TOP
27,250,135.6,24.4,0,False,TOP
27,251,133.7,24.1,0,False,TOP
27,252,132.0,23.4,86,False,TOP
27,253,130.4,22.8,358,False,TOP
27,254,128.6,22.1,616,True,TOP
27,255,127.0,21.6,855,True,TOP
27,256,125.6,21.0,1081,True,TOP
27,257,124.3,20.4,1313,True,TOP
27,258,122.9,20.1,1413,True,TOP
27,259,121.7,19.9,1739,True,TOP
27,260,120.6,19.5,1963,True,TOP
27,261,119.6,19.0,1877,True,TOP
27,262,118.6,18.6,1535,True,TOP
27,263,117.6,18.4,1082,True,TOP
27,264,116.5,18.2,687,True,TOP
27,265,115.4,17.9,306,False,TOP
27,266,114.2,17.8,17,False,TOP
27,267,112.9,17.7,0,False,TOP
27,268,111.6,17.4,0,False,TOP
27,269,110.1,17.1,0,False,TOP
27,270,108.2,16.6,0,False,TOP
27,271,106.3,16.1,0,False,TOP
27,272,104.4,15.4,115,False,TOP
27,273,102.6,15.0,431,False,TOP
27,274,100.9,14.6,743,True,TOP
27,275,99.2,13.8,1002,True,TOP
27,276,97.2,13.2,1254,True,TOP
27,277,95.4,12.7,1535,True,TOP
27,278,93.8,12.4,1671,True,TOP
27,279,92.2,11.8,2041,True,TOP
27,280,90.6,11.1,2302,True,TOP
27,281,88.8,10.6,2132,True,TOP
27,282,87.0,10.3,1754,True,TOP
27,283,85.2,9.9,1263,True,TOP
27,284,83.3,9.4,775,True,TOP
27,285,81.3,9.1,378,False,TOP
27,286,79.6,8.9,0,False,TOP
27,287,77.8,8.6,0,False,TOP
27,288,76.0,8.4,0,False,TOP
27,289,74.2,8.0,0,False,TOP
27,290,72.4,7.6,0,False,TOP
27,291,70.6,7.3,11,False,TOP
27,292,68.8,7.0,172,False,TOP
27,293,66.7,6.6,471,False,TOP
27,294,65.0,6.4,823,False,TOP
27,295,62.5,6.3,1035,False,TOP
27,296,61.1,6.2,1291,False,TOP
27,297,58.6,6.2,1535,False,TOP
27,298,56.6,6.1,1643,False,TOP
27,299,54.2,5.8,2007,False,TOP
27,300,50.4,5.5,2160,False,TOP
27,301,48.7,5.3,1840,False,TOP
27,302,47.7,4.9,1411,False,TOP
27,303,46.4,4.5,930,False,TOP
27,304,45.5,4.2,482,False,TOP
27,305,44.4,4.1,151,False,TOP
27,306,43.5,3.9,0,False,TOP
27,307,42.5,3.6,0,False,TOP
27,308,41.5,3.7,0,False,TOP
27,309,40.5,3.6,0,False,TOP
27,310,39.6,3.5,0,False,TOP
27,311,38.6,3.5,58,False,TOP
27,312,37.5,3.4,215,False,TOP
27,313,36.2,3.4,503,False,TOP
27,314,35.1,3.3,806,False,TOP
27,315,33.9,3.2,1039,False,TOP
27,316,33.0,3.2,1268,False,TOP
27,317,32.3,3.3,1674,False,TOP
27,318,31.4,3.5,1925,False,TOP
27,319,30.8,3.7,2359,False,TOP
27,320,29.8,3.6,2643,False,TOP
27,321,29.4,3.6,2325,False,TOP
27,322,28.5,3.6,1919,False,TOP
27,323,27.9,3.6,1375,False,TOP
27,324,26.8,3.5,827,False,TOP
27,325,24.8,3.5,375,False,TOP
27,326,23.4,3.5,0,False,TOP
27,327,21.8,3.4,0,False,TOP
27,328,20.6,3.5,0,False,TOP
27,329,20.9,3.5,0,False,TOP
27,330,19.7,3.3,0,False,TOP
27,331,18.0,3.0,1936,False,DOWN
27,332,17.3,2.8,1353,False,DOWN
27,333,15.8,3.1,774,False,DOWN
27,334,15.0,3.1,343,False,DOWN
27,335,13.9,3.0,0,False,DOWN
27,336,13.0,2.8,0,False,DOWN
27,337,12.3,2.6,0,False,DOWN
27,338,11.7,2.5,0,False,DOWN
27,339,10.9,2.3,0,False,DOWN
27,340,10.5,2.1,70,False,DOWN
27,341,10.0,1.9,272,False,DOWN
27,342,8.9,1.8,602,False,DOWN
27,343,8.4,1.7,929,False,DOWN
27,344,9.3,1.6,1177,False,DOWN
27,345,7.1,1.4,1402,False,DOWN
27,346,6.7,1.3,1636,False,DOWN
27,347,6.3,1.3,1762,False,DOWN
27,348,3.6,1.3,2143,False,DOWN
27,349,3.8,1.4,2285,False,DOWN
27,350,4.0,1.1,1874,False,DOWN
27,351,3.6,0.8,1441,False,DOWN
27,352,3.5,0.6,946,False,DOWN
27,353,3.1,0.6,470,False,DOWN
27,354,3.0,0.5,111,False,DOWN
27,355,2.9,0.3,0,False,DOWN
27,356,2.8,0.1,0,False,DOWN
27,357,2.7,-0.1,0,False,DOWN
27,358,2.6,-0.4,0,False,DOWN
27,359,2.4,-0.4,0,False,DOWN
27,360,2.3,-0.3,71,False,DOWN
27,361,2.1,-0.2,256,False,DOWN
27,362,2.0,-0.3,565,False,DOWN
27,363,1.9,-0.4,839,False,DOWN
27,364,1.8,-0.5,1054,False,DOWN
27,365,1.9,-0.5,1253,False,DOWN
27,366,1.5,-0.5,1421,False,DOWN
27,367,1.5,-0.5,1569,False,DOWN
27,368,1.5,-0.5,1904,False,DOWN
27,369,1.8,-0.5,2035,False,DOWN
28,0,-3.9,-3.0,1782,False,DOWN
28,1,-3.9,-3.0,1287,False,DOWN
28,2,-3.9,-3.0,848,False,DOWN
28,3,-3.9,-3.0,465,False,DOWN
28,4,-3.9,-3.0,95,False,DOWN
28,5,-3.9,-3.0,0,False,DOWN
28,6,-3.9,-3.0,0,False,DOWN
28,7,-3.9,-3.0,0,False,DOWN
28,8,-3.9,-3.0,0,False,DOWN
28,9,-3.9,-3.0,0,False,DOWN
28,10,-3.9,-3.0,107,False,DOWN
28,11,-3.9,-3.0,397,False,DOWN
28,12,-3.9,-3.0,679,False,DOWN
28,13,-3.9,-3.0,940,False,DOWN
28,14,-3.9,-3.0,1169,False,DOWN
28,15,-3.9,-3.0,1471,False,DOWN
28,16,-3.9,-3.0,1603,False,DOWN
28,17,-3.9,-3.0,1959,False,DOWN
28,18,-3.9,-3.0,2189,False,DOWN
28,19,-3.9,-3.0,2067,False,DOWN
28,20,-3.9,-3.0,1717,False,DOWN
28,21,-3.9,-3.0,1238,False,DOWN
28,22,-3.9,-2.9,803,False,DOWN
28,23,-3.8,-2.9,407,False,DOWN
28,24,-3.8,-2.9,49,False,DOWN
28,25,-3.8,-2.9,0,False,DOWN
28,26,-3.8,-3.0,0,False,DOWN
28,27,-3.8,-3.0,0,False,DOWN
28,28,-3.7,-3.0,0,False,DOWN
28,29,-3.7,-3.0,16,False,DOWN
28,30,-3.6,-3.0,129,False,DOWN
28,31,-3.5,-3.0,431,False,DOWN
28,32,-3.4,-3.0,719,False,DOWN
28,33,-3.3,-2.9,973,False,DOWN
28,34,-3.1,-2.8,1234,False,DOWN
28,35,-3.0,-2.8,1487,False,DOWN
28,36,-2.8,-2.8,1623,False,DOWN
28,37,-2.6,-2.7,2039,False,DOWN
28,38,-2.5,-2.6,2256,False,DOWN
28,39,-2.3,-2.6,2041,False,DOWN
28,40,-2.1,-2.5,1694,False,DOWN
28,41,-1.8,-2.5,1226,False,DOWN
28,42,-1.4,-2.5,787,False,DOWN
28,43,-1.0,-2.3,399,False,DOWN
28,44,0.3,-2.2,23,False,DOWN
28,45,0.4,-1.9,0,False,DOWN
28,46,0.8,-1.7,0,False,DOWN
28,47,1.0,-1.6,0,False,DOWN
28,48,1.5,-1.4,0,False,DOWN
28,49,1.8,-1.2,64,False,DOWN
28,50,2.3,-1.2,210,False,DOWN
28,51,2.8,-1.1,498,False,DOWN
28,52,3.3,-0.9,828,False,DOWN
28,53,3.8,-0.8,1084,False,DOWN
28,54,4.4,-0.7,1346,False,DOWN
28,55,5.2,-0.6,1626,False,DOWN
28,56,5.9,-0.5,1774,False,DOWN
28,57,6.8,-0.4,2203,False,DOWN
28,58,7.6,-0.3,2430,False,DOWN
28,59,8.5,-0.2,2154,False,DOWN
28,60,9.4,-0.1,1774,False,DOWN
28,61,10.3,0.1,1294,False,DOWN
28,62,11.3,0.3,805,False,DOWN
28,63,12.4,0.3,415,False,DOWN
28,64,13.4,0.4,48,False,DOWN
28,65,14.5,0.5,0,False,DOWN
28,66,15.6,0.6,0,False,DOWN
28,67,16.8,0.7,0,False,DOWN
28,68,18.0,0.8,0,False,DOWN
28,69,19.2,0.8,79,False,DOWN
28,70,20.4,1.0,240,False,DOWN
28,71,21.6,1.1,563,False,DOWN
28,72,22.8,1.4,879,False,DOWN
28,73,23.9,1.4,1130,False,DOWN
28,74,25.2,1.5,1435,False,DOWN
28,75,26.6,1.6,1765,False,DOWN
28,76,28.1,1.8,2044,False,DOWN
28,77,29.4,1.9,2826,False,DOWN
28,78,30.9,2.0,3246,False,DOWN
28,79,32.4,2.1,2841,False,CURLING
28,80,33.8,2.2,2355,False,CURLING
28,81,35.2,2.2,1749,False,CURLING
28,82,36.7,2.4,1115,False,CURLING
28,83,38.2,2.6,606,False,CURLING
28,84,39.8,2.9,113,False,CURLING
28,85,41.4,3.1,0,False,CURLING
28,86,42.8,3.3,0,False,CURLING
28,87,44.3,3.6,0,False,CURLING
28,88,46.0,3.9,0,False,CURLING
28,89,47.5,4.1,65,False,CURLING
28,90,48.9,4.1,308,False,CURLING
28,91,50.4,4.4,734,False,CURLING
28,92,51.9,4.5,1167,False,CURLING
28,93,53.4,4.7,1525,False,CURLING
28,94,54.9,5.0,1870,False,CURLING
28,95,56.4,5.3,2158,False,CURLING
28,96,57.9,5.5,2367,False,CURLING
28,97,59.5,5.8,2885,False,CURLING
28,98,61.0,5.9,3203,False,CURLING
28,99,62.3,6.3,2744,False,CURLING
28,100,63.7,6.4,2255,False,CURLING
28,101,65.2,6.8,1664,False,CURLING
28,102,66.7,6.9,1044,False,CURLING
28,103,68.1,7.2,540,False,CURLING
28,104,69.6,7.5,80,False,CURLING
28,105,71.1,7.8,0,False,CURLING
28,106,72.6,8.0,0,False,CURLING
28,107,73.9,8.2,0,False,CURLING
28,108,75.3,8.4,0,False,CURLING
28,109,76.7,8.6,80,False,CURLING
28,110,78.0,8.9,320,False,CURLING
28,111,79.3,9.2,722,False,CURLING
28,112,80.6,9.4,1130,True,CURLING
28,113,81.9,9.7,1482,True,TOP
28,114,83.3,9.9,1813,True,TOP
28,115,84.6,10.2,2155,True,TOP
28,116,86.0,10.4,2365,True,TOP
28,117,87.4,10.7,2862,True,TOP
28,118,88.7,11.0,3134,True,TOP
28,119,89.8,11.3,2640,True,TOP
28,120,91.2,11.7,2163,True,TOP
28,121,92.4,12.0,1583,True,TOP
28,122,93.7,12.3,980,True,TOP
28,123,94.8,12.7,467,False,TOP
28,124,95.9,12.9,0,False,TOP
28,125,97.3,13.3,0,False,TOP
28,126,98.5,13.7,0,False,TOP
28,127,99.8,14.0,0,False,TOP
28,128,100.9,14.3,0,False,TOP
28,129,102.1,14.7,83,False,TOP
28,130,103.3,15.1,347,False,TOP
28,131,104.7,15.4,743,True,TOP
28,132,106.0,15.8,1172,True,TOP
28,133,107.4,16.1,1520,True,TOP
28,134,108.4,16.5,1862,True,TOP
28,135,109.6,16.7,2155,True,TOP
28,136,110.8,16.9,2416,True,TOP
28,137,112.0,17.1,2925,True,TOP
28,138,113.1,17.2,3159,True,TOP
28,139,114.1,17.5,2662,True,TOP
28,140,115.1,17.8,2170,True,TOP
28,141,116.2,18.0,1589,True,TOP
28,142,117.6,18.3,1007,True,TOP
28,143,118.8,18.5,496,False,TOP
28,144,119.9,18.7,18,False,TOP
28,145,121.0,19.1,0,False,TOP
28,146,122.3,19.4,0,False,TOP
28,147,123.4,19.6,0,False,TOP
28,148,124.4,19.9,0,False,TOP
28,149,125.4,20.4,115,False,TOP
28,150,126.0,20.6,367,False,TOP
28,151,127.1,21.1,775,True,TOP
28,152,128.3,21.4,1189,True,TOP
28,153,129.2,21.3,1533,True,TOP
28,154,130.1,21.8,1869,True,TOP
28,155,131.1,22.0,2142,True,TOP
28,156,132.0,22.3,2385,True,TOP
28,157,132.9,22.3,2887,True,TOP
28,158,134.0,22.5,3050,True,TOP
28,159,134.8,22.7,2559,True,TOP
28,160,135.7,22.9,2074,True,TOP
28,161,136.5,23.1,1478,True,TOP
28,162,137.2,23.2,942,True,TOP
28,163,138.0,23.3,439,False,TOP
28,164,138.7,23.4,0,False,TOP
28,165,139.4,23.5,0,False,TOP
28,166,140.0,23.6,0,False,TOP
28,167,140.6,23.8,0,False,TOP
28,168,141.3,24.0,0,False,TOP
28,169,142.0,24.1,112,False,TOP
28,170,142.4,24.2,401,False,TOP
28,171,142.9,24.4,786,True,TOP
28,172,143.3,24.4,1186,True,TOP
28,173,144.0,24.6,1557,True,TOP
28,174,144.4,24.7,1913,True,TOP
28,175,144.9,24.8,2182,True,TOP
28,176,145.2,25.0,2544,True,TOP
28,177,145.7,25.1,2989,True,TOP
28,178,146.0,25.2,3055,True,TOP
28,179,146.2,25.3,2599,True,TOP
28,180,146.5,25.4,2064,True,TOP
28,181,146.7,25.4,1479,True,TOP
28,182,146.9,25.4,904,True,TOP
28,183,147.0,25.5,394,False,TOP
28,184,147.2,25.6,0,False,TOP
28,185,147.3,25.7,0,False,TOP
28,186,147.6,25.7,0,False,TOP
28,187,147.7,25.8,0,False,TOP
28,188,147.9,25.8,0,False,TOP
28,189,148.0,25.9,117,False,TOP
28,190,148.2,25.9,458,False,TOP
28,191,148.3,26.0,848,True,TOP
28,192,148.4,26.0,1234,True,TOP
28,193,148.5,26.0,1615,True,TOP
28,194,148.6,26.1,2014,True,TOP
28,195,148.7,26.1,2237,True,TOP
28,196,148.8,26.1,2624,True,TOP
28,197,148.9,26.1,3015,True,TOP
28,198,148.9,26.1,2971,True,TOP
28,199,149.0,26.1,2539,True,TOP
28,200,149.0,26.1,1969,True,TOP
28,201,149.1,26.2,1392,True,TOP
28,202,149.1,26.2,859,True,TOP
28,203,149.0,26.2,354,False,TOP
28,204,149.0,26.2,0,False,TOP
28,205,148.9,26.1,0,False,TOP
28,206,148.8,26.1,0,False,TOP
28,207,148.5,26.1,0,False,TOP
28,208,148.1,26.1,0,False,TOP
28,209,147.7,26.2,117,False,TOP
28,210,147.2,26.2,476,False,TOP
28,211,146.8,26.0,867,True,TOP
28,212,146.2,25.9,1244,True,TOP
28,213,145.6,25.8,1595,True,TOP
28,214,144.8,25.8,1987,True,TOP
28,215,144.0,25.8,2193,True,TOP
28,216,143.2,25.6,2655,True,TOP
28,217,142.4,25.3,3010,True,TOP
28,218,141.4,25.1,2871,True,TOP
28,219,140.3,25.0,2462,True,TOP
28,220,139.1,24.9,1871,True,TOP
28,221,138.0,24.9,1290,True,TOP
28,222,136.9,24.9,768,True,TOP
28,223,135.7,24.8,289,False,TOP
28,224,134.4,24.7,0,False,TOP
28,225,133.1,24.4,0,False,TOP
28,226,131.9,24.2,0,False,TOP
28,227,130.6,24.0,0,False,TOP
28,228,129.2,23.8,0,False,TOP
28,229,127.7,23.5,142,False,TOP
28,230,126.3,23.2,547,True,TOP
28,231,124.8,22.8,927,True,TOP
28,232,123.1,22.4,1296,True,TOP
28,233,121.5,21.9,1662,True,TOP
28,234,120.0,21.5,2001,True,TOP
28,235,118.6,21.1,2207,True,TOP
28,236,117.1,20.7,2699,True,TOP
28,237,115.4,20.2,2987,True,TOP
28,238,113.8,19.8,2752,True,TOP
28,239,112.5,19.5,2339,True,TOP
28,240,110.9,19.2,1768,True,TOP
28,241,109.3,18.8,1188,True,TOP
28,242,107.6,18.3,688,True,TOP
28,243,106.0,17.7,199,False,TOP
28,244,103.6,17.0,0,False,TOP
28,245,101.8,16.4,0,False,TOP
28,246,100.4,16.3,0,False,TOP
28,247,98.7,15.6,0,False,TOP
28,248,97.1,14.9,22,False,TOP
28,249,95.6,14.5,197,False,TOP
28,250,94.0,14.0,576,True,TOP
28,251,92.4,13.4,976,True,TOP
28,252,90.8,12.6,1344,True,TOP
28,253,88.8,12.5,1700,True,TOP
28,254,86.9,12.2,2081,True,TOP
28,255,85.1,12.0,2287,True,TOP
28,256,83.3,11.8,2810,True,TOP
28,257,81.2,11.5,3123,True,TOP
28,258,79.5,11.0,2831,False,TOP
28,259,78.0,10.3,2363,False,TOP
28,260,76.5,10.0,1780,False,TOP
28,261,74.9,9.7,1169,False,TOP
28,262,73.2,9.4,682,False,TOP
28,263,71.5,9.1,189,False,TOP
28,264,70.1,9.0,0,False,TOP
28,265,68.5,9.0,0,False,TOP
28,266,66.7,8.9,0,False,TOP
28,267,64.9,8.7,0,False,TOP
28,268,63.3,8.7,47,False,TOP
28,269,61.8,8.5,272,False,TOP
28,270,60.0,8.3,656,False,TOP
28,271,58.1,8.0,1074,False,TOP
28,272,56.1,7.8,1446,False,TOP
28,273,54.3,7.6,1797,False,TOP
28,274,52.6,7.5,2166,False,TOP
28,275,50.7,7.4,2391,False,TOP
28,276,48.7,7.1,2902,False,TOP
28,277,46.8,6.8,3238,False,TOP
28,278,45.0,6.6,2820,False,TOP
28,279,43.4,6.4,2342,False,TOP
28,280,41.6,6.1,1773,False,TOP
28,281,39.8,5.9,1157,False,TOP
28,282,37.9,5.6,656,False,TOP
28,283,36.2,5.4,142,False,TOP
28,284,34.5,5.2,0,False,TOP
28,285,32.6,5.0,0,False,TOP
28,286,30.7,4.8,0,False,TOP
28,287,29.0,4.5,0,False,TOP
28,288,27.5,4.3,64,False,TOP
28,289,26.0,4.1,269,False,TOP
28,290,24.3,3.8,663,False,TOP
28,291,22.8,3.5,1103,False,TOP
28,292,21.6,3.2,1456,False,TOP
28,293,20.5,3.0,1808,False,TOP
28,294,19.2,2.7,2183,False,TOP
28,295,17.6,2.4,0,False,DOWN
28,296,16.3,2.3,0,False,DOWN
28,297,14.7,2.1,78,False,DOWN
28,298,13.5,1.9,274,False,DOWN
28,299,12.4,1.6,667,False,DOWN
28,300,11.2,1.4,1101,False,DOWN
28,301,10.0,1.1,1445,False,DOWN
28,302,9.1,0.8,1765,False,DOWN
28,303,8.4,0.4,2118,False,DOWN
28,304,7.8,0.0,2329,False,DOWN
28,305,7.0,-0.3,2854,False,DOWN
28,306,6.6,-0.5,3167,False,DOWN
28,307,6.5,-0.7,2699,False,DOWN
28,308,6.1,-1.2,2226,False,DOWN
28,309,5.4,-1.3,1627,False,DOWN
28,310,5.2,-1.5,1046,False,DOWN
28,311,4.8,-1.7,559,False,DOWN
28,312,4.5,-1.9,91,False,DOWN
28,313,4.4,-2.1,0,False,DOWN
28,314,4.2,-2.2,0,False,DOWN
28,315,4.1,-2.3,0,False,DOWN
28,316,3.9,-2.5,0,False,DOWN
28,317,3.8,-2.6,86,False,DOWN
28,318,3.7,-2.8,303,False,DOWN
28,319,3.6,-2.9,688,False,DOWN
28,320,3.4,-2.9,1104,False,DOWN
28,321,3.8,-3.0,1431,False,DOWN
28,322,3.6,-2.9,1745,False,DOWN
28,323,3.8,-3.2,2035,False,DOWN
28,324,3.5,-3.2,2230,False,DOWN
28,325,3.5,-3.3,2685,False,DOWN
28,326,3.2,-3.2,2950,False,DOWN
28,327,3.1,-3.2,2465,False,DOWN
28,328,3.0,-3.2,2000,False,DOWN
28,329,2.9,-3.3,1430,False,DOWN
28,330,2.7,-3.3,877,False,DOWN
28,331,2.5,-3.3,416,False,DOWN
28,332,2.2,-3.3,0,False,DOWN
28,333,2.1,-3.3,0,False,DOWN
28,334,1.9,-3.3,0,False,DOWN
28,335,1.7,-3.4,0,False,DOWN
28,336,1.5,-3.4,0,False,DOWN
28,337,1.3,-3.4,97,False,DOWN
28,338,1.1,-3.4,323,False,DOWN
28,339,0.9,-3.4,719,False,DOWN
28,340,0.7,-3.4,1099,False,DOWN
28,341,0.5,-3.4,1438,False,DOWN
28,342,0.3,-3.4,1759,False,DOWN
28,343,0.1,-3.4,2062,False,DOWN
28,344,-0.2,-3.4,2288,False,DOWN
29,0,-2.0,-4.2,2672,False,DOWN
29,1,-1.9,-4.2,2198,False,DOWN
29,2,-1.8,-4.2,1730,False,DOWN
29,3,-1.7,-4.2,1226,False,DOWN
29,4,-1.7,-4.3,749,False,DOWN
29,5,-1.7,-4.3,335,False,DOWN
29,6,-1.7,-4.3,0,False,DOWN
29,7,-1.7,-4.4,0,False,DOWN
29,8,-1.6,-4.4,0,False,DOWN
29,9,-1.7,-4.4,0,False,DOWN
29,10,-1.7,-4.4,0,False,DOWN
29,11,-1.6,-4.4,112,False,DOWN
29,12,-1.6,-4.4,369,False,DOWN
29,13,-1.5,-4.4,711,False,DOWN
29,14,-1.5,-4.4,1023,False,DOWN
29,15,-1.5,-4.4,1339,False,DOWN
29,16,-1.4,-4.4,1643,False,DOWN
29,17,-1.4,-4.4,1846,False,DOWN
29,18,-1.4,-4.3,2168,False,DOWN
29,19,-1.4,-4.3,2506,False,DOWN
29,20,-1.4,-4.3,2559,False,DOWN
29,21,-1.3,-4.3,2162,False,DOWN
29,22,-1.2,-4.3,1686,False,DOWN
29,23,-1.1,-4.3,1185,False,DOWN
29,24,-0.9,-4.2,723,False,DOWN
29,25,-0.7,-4.1,286,False,DOWN
29,26,-0.3,-3.9,0,False,DOWN
29,27,0.2,-3.7,0,False,DOWN
29,28,0.6,-3.5,0,False,DOWN
29,29,1.1,-3.2,0,False,DOWN
29,30,2.2,-3.0,0,False,DOWN
29,31,3.4,-2.5,134,False,DOWN
29,32,4.2,-2.0,461,False,DOWN
29,33,5.1,-1.8,784,False,DOWN
29,34,5.8,-1.6,1148,False,DOWN
29,35,6.7,-1.2,1456,False,DOWN
29,36,7.6,-1.1,1790,False,DOWN
29,37,8.9,-0.9,1998,False,DOWN
29,38,10.4,-0.7,2420,False,DOWN
29,39,12.2,-0.7,2731,False,DOWN
29,40,14.2,-0.7,2706,False,DOWN
29,41,16.3,-0.5,2299,False,DOWN
29,42,18.8,-0.2,1762,False,DOWN
29,43,21.4,0.0,1226,False,DOWN
29,44,24.1,0.5,688,False,DOWN
29,45,26.9,0.8,316,False,DOWN
29,46,29.7,1.5,0,False,DOWN
29,47,32.3,2.5,0,False,DOWN
29,48,35.1,3.5,0,False,CURLING
29,49,38.3,4.6,0,False,CURLING
29,50,41.5,5.2,16,False,CURLING
29,51,44.1,5.5,132,False,CURLING
29,52,46.9,6.8,526,False,CURLING
29,53,50.2,7.4,857,False,CURLING
29,54,53.7,8.0,1180,False,CURLING
29,55,57.1,8.4,1502,False,CURLING
29,56,60.3,8.9,1827,False,CURLING
29,57,63.5,9.6,2018,False,CURLING
29,58,67.0,10.2,2426,False,CURLING
29,59,70.2,11.0,2748,False,CURLING
29,60,73.8,11.8,2594,False,CURLING
29,61,77.3,12.3,2192,False,CURLING
29,62,80.6,12.8,1646,True,CURLING
29,63,83.8,13.4,1094,True,TOP
29,64,86.9,14.2,651,True,TOP
29,65,89.8,14.6,199,False,TOP
29,66,93.0,14.9,0,False,TOP
29,67,95.7,15.4,0,False,TOP
29,68,98.6,15.7,0,False,TOP
29,69,101.4,16.2,0,False,TOP
29,70,103.9,16.5,49,False,TOP
29,71,106.7,16.9,158,False,TOP
29,72,109.0,17.4,499,False,TOP
29,73,111.3,17.7,880,True,TOP
29,74,113.6,18.3,1136,True,TOP
29,75,115.9,18.7,1447,True,TOP
29,76,118.4,19.1,1821,True,TOP
29,77,120.9,19.6,1997,True,TOP
29,78,123.2,20.2,2342,True,TOP
29,79,125.3,20.8,2539,True,TOP
29,80,127.6,21.3,2284,True,TOP
29,81,129.7,22.0,1923,True,TOP
29,82,131.9,22.5,1437,True,TOP
29,83,134.1,23.0,1063,True,TOP
29,84,135.9,23.5,671,True,TOP
29,85,137.6,24.0,272,False,TOP
29,86,139.1,24.3,0,False,TOP
29,87,140.5,24.8,0,False,TOP
29,88,142.1,25.6,0,False,TOP
29,89,143.5,26.1,0,False,TOP
29,90,144.7,26.5,68,False,TOP
29,91,145.7,26.7,258,False,TOP
29,92,146.6,27.2,683,True,TOP
29,93,147.6,27.5,1111,True,TOP
29,94,148.4,27.7,1520,True,TOP
29,95,149.2,27.9,1938,True,TOP
29,96,149.8,28.1,2319,True,TOP
29,97,150.3,28.4,2608,True,TOP
29,98,150.6,28.7,3184,True,TOP
29,99,151.0,29.0,3484,True,TOP
29,100,151.5,29.4,3066,True,TOP
29,101,151.9,29.6,2542,True,TOP
29,102,152.2,30.0,1903,True,TOP
29,103,152.5,30.4,1309,True,TOP
29,104,152.8,30.6,789,True,TOP
29,105,153.2,30.9,262,False,TOP
29,106,153.6,31.2,0,False,TOP
29,107,154.0,31.6,0,False,TOP
29,108,154.3,32.0,0,False,TOP
29,109,154.7,32.2,0,False,TOP
29,110,155.0,32.6,111,False,TOP
29,111,155.2,32.6,342,False,TOP
29,112,155.2,32.7,781,True,TOP
29,113,155.4,32.7,1254,True,TOP
29,114,155.4,32.6,1637,True,TOP
29,115,155.4,32.6,2011,True,TOP
29,116,155.3,32.6,2406,True,TOP
29,117,155.2,32.6,2622,True,TOP
29,118,155.1,32.6,3178,True,TOP
29,119,154.9,32.4,3490,True,TOP
29,120,154.7,32.4,2966,True,TOP
29,121,154.4,32.3,2455,True,TOP
29,122,153.8,32.1,1820,True,TOP
29,123,153.0,31.9,1167,True,TOP
29,124,152.1,31.6,688,True,TOP
29,125,151.3,31.2,197,False,TOP
29,126,150.2,30.8,0,False,TOP
29,127,148.7,30.5,0,False,TOP
29,128,147.0,30.0,0,False,TOP
29,129,145.1,29.6,0,False,TOP
29,130,143.3,29.2,129,False,TOP
29,131,141.3,28.5,309,False,TOP
29,132,138.9,27.5,683,True,TOP
29,133,136.2,26.6,1003,True,TOP
29,134,133.5,25.7,1266,True,TOP
29,135,130.9,25.0,1499,True,TOP
29,136,128.2,24.1,1767,True,TOP
29,137,125.7,23.0,1953,True,TOP
29,138,123.2,21.7,2391,True,TOP
29,139,120.4,20.4,2650,True,TOP
29,140,118.0,19.1,2251,True,TOP
29,141,115.3,17.9,1824,True,TOP
29,142,112.2,17.4,1308,True,TOP
29,143,109.5,16.8,789,True,TOP
29,144,107.4,16.5,363,False,TOP
29,145,104.8,15.3,0,False,TOP
29,146,101.7,14.4,0,False,TOP
29,147,98.3,13.9,0,False,TOP
29,148,95.7,13.5,0,False,TOP
29,149,93.2,12.9,0,False,TOP
29,150,90.5,12.0,110,False,TOP
29,151,87.0,10.8,306,False,TOP
29,152,83.0,10.1,580,True,TOP
29,153,79.7,10.1,828,False,TOP
29,154,77.1,10.2,1009,False,TOP
29,155,74.4,9.6,1184,False,TOP
29,156,71.2,8.9,1318,False,TOP
29,157,67.6,8.1,1423,False,TOP
29,158,64.5,8.0,1721,False,TOP
29,159,62.4,7.8,1871,False,TOP
29,160,60.1,7.3,1469,False,TOP
29,161,56.8,6.8,1095,False,TOP
29,162,53.1,6.3,661,False,TOP
29,163,49.4,6.1,245,False,TOP
29,164,45.9,6.2,0,False,TOP
29,165,43.0,6.1,0,False,TOP
29,166,39.8,6.0,0,False,TOP
29,167,36.3,5.7,0,False,TOP
29,168,32.3,5.1,0,False,TOP
29,169,28.8,4.6,0,False,TOP
29,170,25.7,4.1,134,False,TOP
29,171,22.8,3.7,343,False,TOP
29,172,20.0,3.2,650,False,TOP
29,173,17.3,2.6,989,False,TOP
29,174,14.4,1.5,0,False,DOWN
29,175,12.5,1.2,0,False,DOWN
29,176,11.5,0.5,0,False,DOWN
29,177,9.4,-0.3,0,False,DOWN
29,178,9.0,-0.8,0,False,DOWN
29,179,8.6,-1.1,131,False,DOWN
29,180,8.6,-1.6,368,False,DOWN
29,181,8.5,-2.1,747,False,DOWN
29,182,8.3,-2.6,1072,False,DOWN
29,183,8.1,-2.7,1391,False,DOWN
29,184,8.1,-2.9,1693,False,DOWN
29,185,8.2,-2.9,1856,False,DOWN
29,186,8.2,-2.9,2099,False,DOWN
29,187,7.9,-2.8,2398,False,DOWN
29,188,8.0,-2.7,2377,False,DOWN
29,189,8.3,-2.8,1831,False,DOWN
29,190,8.6,-3.0,1261,False,DOWN
29,191,8.9,-3.0,749,False,DOWN
29,192,9.3,-3.0,339,False,DOWN
29,193,9.4,-3.0,0,False,DOWN
29,194,9.5,-3.1,0,False,DOWN
29,195,9.4,-3.2,0,False,DOWN
29,196,9.7,-3.2,0,False,DOWN
29,197,9.4,-3.3,0,False,DOWN
29,198,9.1,-3.3,0,False,DOWN
29,199,8.9,-3.3,118,False,DOWN
29,200,8.7,-3.4,432,False,DOWN
29,201,8.5,-3.5,774,False,DOWN
29,202,8.1,-3.6,1097,False,DOWN
29,203,7.6,-3.8,1407,False,DOWN
29,204,7.0,-3.8,1712,False,DOWN
29,205,6.6,-3.8,1892,False,DOWN
29,206,6.2,-4.0,2232,False,DOWN
29,207,5.9,-4.1,2499,False,DOWN
29,208,5.6,-4.2,2486,False,DOWN
29,209,5.2,-4.3,2083,False,DOWN
29,210,4.9,-4.4,1525,False,DOWN
29,211,4.4,-4.5,1039,False,DOWN
29,212,4.1,-4.6,574,False,DOWN
29,213,3.8,-4.7,122,False,DOWN
29,214,3.2,-4.8,0,False,DOWN
29,215,2.9,-4.7,0,False,DOWN
29,216,2.5,-4.8,0,False,DOWN
29,217,2.1,-4.8,0,False,DOWN
29,218,1.9,-4.8,0,False,DOWN
29,219,1.7,-4.9,153,False,DOWN
29,220,1.4,-4.9,511,False,DOWN
29,221,1.1,-4.9,882,False,DOWN
29,222,0.9,-5.0,1231,False,DOWN
29,223,0.8,-5.0,1581,False,DOWN
29,224,0.7,-5.0,1920,False,DOWN
29,225,0.5,-5.0,2126,False,DOWN
29,226,0.4,-5.0,2559,False,DOWN
29,227,0.4,-5.1,2896,False,DOWN
29,228,0.3,-5.1,2704,False,DOWN
29,229,0.3,-5.2,2294,False,DOWN
29,230,0.4,-5.2,1709,False,DOWN
29,231,0.4,-5.2,1136,False,DOWN
29,232,0.3,-5.3,640,False,DOWN
29,233,0.1,-5.3,155,False,DOWN
30,0,-0.8,-9.6,2769,False,DOWN
30,1,-0.8,-9.6,2705,False,DOWN
30,2,-0.8,-9.6,2291,False,DOWN
30,3,-0.8,-9.6,1741,False,DOWN
30,4,-0.9,-9.6,1211,False,DOWN
30,5,-0.9,-9.6,725,False,DOWN
30,6,-0.9,-9.6,250,False,DOWN
30,7,-0.9,-9.6,0,False,DOWN
30,8,-0.9,-9.6,0,False,DOWN
30,9,-0.8,-9.6,0,False,DOWN
30,10,-0.8,-9.6,0,False,DOWN
30,11,-0.8,-9.6,31,False,DOWN
30,12,-0.8,-9.6,245,False,DOWN
30,13,-0.8,-9.6,715,False,DOWN
30,14,-0.7,-9.6,1238,False,DOWN
30,15,-0.7,-9.6,1679,False,DOWN
30,16,-0.6,-9.6,2096,False,DOWN
30,17,-0.4,-9.6,2540,False,DOWN
30,18,-0.2,-9.6,2734,False,DOWN
30,19,0.1,-9.6,3245,False,DOWN
30,20,0.5,-9.5,3565,False,DOWN
30,21,0.9,-9.4,3157,False,DOWN
30,22,1.5,-9.1,2559,False,DOWN
30,23,2.3,-8.8,1885,False,DOWN
30,24,2.7,-8.4,1178,False,DOWN
30,25,3.4,-8.0,569,False,DOWN
30,26,4.2,-7.5,0,False,DOWN
30,27,5.2,-7.0,0,False,DOWN
30,28,6.8,-6.6,0,False,DOWN
30,29,7.9,-6.1,0,False,DOWN
30,30,9.1,-5.6,0,False,DOWN
30,31,10.4,-5.2,159,False,DOWN
30,32,11.8,-4.3,482,False,DOWN
30,33,13.1,-3.4,1067,False,DOWN
30,34,14.5,-3.2,1671,False,DOWN
30,35,15.9,-3.2,2159,False,DOWN
30,36,17.6,-3.0,2658,False,DOWN
30,37,19.3,-2.9,3120,False,DOWN
30,38,20.9,-2.8,3371,False,DOWN
30,39,22.6,-2.7,3999,False,DOWN
30,40,24.5,-2.8,4095,False,DOWN
30,41,26.4,-2.7,3143,False,DOWN
30,42,28.2,-2.6,2655,False,DOWN
30,43,30.0,-2.5,1707,False,DOWN
30,44,32.2,-2.3,688,False,CURLING
30,45,34.2,-2.0,87,False,CURLING
30,46,36.0,-1.6,0,False,CURLING
30,47,38.1,-1.1,0,False,CURLING
30,48,40.2,-0.8,0,False,CURLING
30,49,42.2,-0.6,0,False,CURLING
30,50,44.6,-0.2,0,False,CURLING
30,51,46.6,0.3,241,False,CURLING
30,52,48.9,1.1,688,False,CURLING
30,53,51.2,1.7,1359,False,CURLING
30,54,53.5,2.3,2043,False,CURLING
30,55,55.8,3.0,2608,False,CURLING
30,56,58.3,3.7,3088,False,CURLING
30,57,60.9,4.6,3472,False,CURLING
30,58,63.3,5.4,3609,False,CURLING
30,59,65.8,6.1,4095,False,CURLING
30,60,68.4,6.8,4095,False,CURLING
30,61,71.2,7.4,3265,False,CURLING
30,62,73.8,8.0,2384,False,CURLING
30,63,76.4,8.6,1385,False,CURLING
30,64,79.0,8.9,810,False,CURLING
30,65,81.4,8.8,0,False,CURLING
30,66,84.0,9.3,0,False,TOP
30,67,86.5,9.8,0,False,TOP
30,68,89.0,10.1,0,False,TOP
30,69,91.5,10.7,0,False,TOP
30,70,94.2,11.1,0,False,TOP
30,71,96.5,11.5,304,False,TOP
30,72,98.9,11.9,750,True,TOP
30,73,101.2,12.5,1424,True,TOP
30,74,103.4,12.9,2073,True,TOP
30,75,105.6,13.4,2581,True,TOP
30,76,107.8,14.0,3083,True,TOP
30,77,110.0,14.4,3462,True,TOP
30,78,112.1,14.9,3838,True,TOP
30,79,114.0,15.4,4095,True,TOP
30,80,116.0,16.0,4095,True,TOP
30,81,117.9,16.4,3121,True,TOP
30,82,119.9,16.9,2290,True,TOP
30,83,121.9,17.5,1410,True,TOP
30,84,123.7,18.0,448,False,TOP
30,85,125.6,18.5,0,False,TOP
30,86,127.4,18.9,0,False,TOP
30,87,129.3,19.2,0,False,TOP
30,88,131.0,19.4,0,False,TOP
30,89,132.4,19.6,0,False,TOP
30,90,134.2,20.0,0,False,TOP
30,91,135.2,19.9,301,False,TOP
30,92,136.3,20.3,877,True,TOP
30,93,137.4,20.7,1475,True,TOP
30,94,138.1,20.8,2032,True,TOP
30,95,138.5,21.1,2553,True,TOP
30,96,138.7,21.3,3018,True,TOP
30,97,138.7,21.4,3247,True,TOP
30,98,138.5,21.4,3774,True,TOP
30,99,138.1,21.3,4095,True,TOP
30,100,137.5,21.3,3609,True,TOP
30,101,136.7,21.5,2941,True,TOP
30,102,135.8,21.5,2162,True,TOP
30,103,135.1,21.5,1421,True,TOP
30,104,134.0,21.4,701,True,TOP
30,105,133.1,21.4,6,False,TOP
30,106,132.0,21.5,0,False,TOP
30,107,131.0,21.3,0,False,TOP
30,108,129.7,21.1,0,False,TOP
30,109,128.4,21.1,0,False,TOP
30,110,127.0,21.1,80,False,TOP
30,111,125.5,20.9,272,False,TOP
30,112,123.8,20.5,816,True,TOP
30,113,121.9,19.8,1365,True,TOP
30,114,119.7,19.4,1828,True,TOP
30,115,117.2,19.0,2253,True,TOP
30,116,114.6,18.6,2655,True,TOP
30,117,112.5,17.8,2916,True,TOP
30,118,109.8,17.2,3518,True,TOP
30,119,107.2,16.7,3784,True,TOP
30,120,104.7,16.5,3310,True,TOP
30,121,102.5,15.7,2667,True,TOP
30,122,100.2,14.9,2000,True,TOP
30,123,98.1,14.1,1171,True,TOP
30,124,95.9,13.6,655,True,TOP
30,125,93.9,13.2,0,False,TOP
30,126,91.7,12.6,0,False,TOP
30,127,89.2,12.0,0,False,TOP
30,128,86.9,11.4,0,False,TOP
30,129,84.7,10.8,0,False,TOP
30,130,82.4,10.4,144,False,TOP
30,131,80.0,9.8,432,False,TOP
30,132,77.7,9.5,929,False,TOP
30,133,75.5,9.3,1453,False,TOP
30,134,73.4,9.1,1894,False,TOP
30,135,70.9,8.8,2333,False,TOP
30,136,68.2,8.3,2896,False,TOP
30,137,65.8,8.2,3155,False,TOP
30,138,63.7,7.9,3843,False,TOP
30,139,61.4,7.6,4095,False,TOP
30,140,58.9,7.1,3468,False,TOP
30,141,56.4,6.6,2535,False,TOP
30,142,54.4,6.2,1965,False,TOP
30,143,52.3,5.7,1200,False,TOP
30,144,50.1,5.2,550,False,TOP
30,145,47.6,4.7,0,False,TOP
30,146,45.3,4.4,0,False,TOP
30,147,43.2,4.2,0,False,TOP
30,148,41.1,4.0,0,False,TOP
30,149,38.7,3.7,0,False,TOP
30,150,36.4,3.4,144,False,TOP
30,151,34.1,3.2,438,False,TOP
30,152,32.0,2.9,975,False,TOP
30,153,29.8,2.6,1570,False,TOP
30,154,27.5,2.5,1929,False,TOP
30,155,25.0,2.2,2315,False,TOP
30,156,22.7,2.2,2663,False,TOP
30,157,20.2,2.0,2861,False,TOP
30,158,18.2,1.5,3425,False,TOP
30,159,15.8,0.8,144,False,DOWN
30,160,14.2,0.5,432,False,DOWN
30,161,12.9,0.1,898,False,DOWN
30,162,11.8,-0.2,1359,False,DOWN
30,163,10.9,-0.6,1724,False,DOWN
30,164,10.1,-1.1,2066,False,DOWN
30,165,9.4,-1.6,2338,False,DOWN
30,166,9.1,-2.2,2544,False,DOWN
30,167,8.7,-2.5,2935,False,DOWN
30,168,8.4,-2.8,3235,False,DOWN
30,169,8.2,-3.1,2655,False,DOWN
30,170,8.0,-3.4,2126,False,DOWN
30,171,7.6,-3.5,1470,False,DOWN
30,172,7.3,-3.6,855,False,DOWN
30,173,6.9,-3.7,384,False,DOWN
30,174,6.7,-3.8,0,False,DOWN
30,175,6.5,-4.0,0,False,DOWN
30,176,6.3,-3.9,0,False,DOWN
30,177,6.1,-4.1,0,False,DOWN
30,178,5.6,-4.2,0,False,DOWN
30,179,5.2,-4.3,119,False,DOWN
30,180,5.1,-4.3,397,False,DOWN
30,181,5.3,-4.3,832,False,DOWN
30,182,4.9,-4.3,1267,False,DOWN
30,183,4.6,-4.5,1606,False,DOWN
30,184,4.3,-4.4,1971,False,DOWN
30,185,4.0,-4.4,2256,False,DOWN
30,186,3.9,-4.4,2466,False,DOWN
30,187,3.8,-4.4,3004,False,DOWN
30,188,3.5,-4.4,3149,False,DOWN
30,189,3.2,-4.4,2619,False,DOWN
30,190,3.0,-4.4,2071,False,DOWN
30,191,2.8,-4.4,1427,False,DOWN
30,192,2.5,-4.4,848,False,DOWN
30,193,2.3,-4.5,357,False,DOWN
30,194,2.1,-4.6,0,False,DOWN
30,195,2.0,-4.7,0,False,DOWN
30,196,1.9,-4.8,0,False,DOWN
30,197,1.8,-4.9,0,False,DOWN
30,198,1.6,-5.1,0,False,DOWN
30,199,1.5,-5.1,125,False,DOWN
30,200,1.3,-5.1,458,False,DOWN
30,201,1.1,-5.2,874,False,DOWN
30,202,0.8,-5.2,1277,False,DOWN
30,203,0.7,-5.3,1637,False,DOWN
30,204,0.5,-5.3,1987,False,DOWN
30,205,0.3,-5.3,2242,False,DOWN
30,206,0.2,-5.4,2602,False,DOWN
30,207,0.1,-5.4,3051,False,DOWN
30,208,-0.1,-5.4,3088,False,DOWN
30,209,-0.2,-5.5,2559,False,DOWN
30,210,-0.4,-5.5,1968,False,DOWN
30,211,-0.5,-5.5,1375,False,DOWN
30,212,-0.6,-5.5,786,False,DOWN
30,213,-0.7,-5.5,270,False,DOWN
30,214,-0.8,-5.5,0,False,DOWN
30,215,-1.0,-5.5,0,False,DOWN
30,216,-1.1,-5.5,0,False,DOWN
30,217,-1.2,-5.5,0,False,DOWN
30,218,-1.2,-5.5,0,False,DOWN
30,219,-1.3,-5.5,144,False,DOWN
30,220,-1.4,-5.5,501,False,DOWN
30,221,-1.5,-5.5,895,False,DOWN
30,222,-1.6,-5.5,1280,False,DOWN
30,223,-1.7,-5.5,1639,False,DOWN
30,224,-1.9,-5.5,2023,False,DOWN
30,225,-1.9,-5.5,2227,False,DOWN
30,226,-2.0,-5.5,2637,False,DOWN
30,227,-2.1,-5.6,2967,False,DOWN
30,228,-2.2,-5.6,2889,False,DOWN
30,229,-2.2,-5.6,2437,False,DOWN
30,230,-2.2,-5.6,1838,False,DOWN
30,231,-2.3,-5.7,1259,False,DOWN
30,232,-2.3,-5.7,728,False,DOWN
30,233,-2.4,-5.7,223,False,DOWN
30,234,-2.5,-5.7,0,False,DOWN
30,235,-2.5,-5.7,0,False,DOWN
30,236,-2.6,-5.7,0,False,DOWN
30,237,-2.6,-5.7,0,False,DOWN
30,238,-2.6,-5.7,0,False,DOWN
30,239,-2.7,-5.7,161,False,DOWN
30,240,-2.7,-5.7,554,False,DOWN
30,241,-2.8,-5.7,944,False,DOWN
30,242,-2.8,-5.7,1324,False,DOWN
30,243,-2.8,-5.7,1670,False,DOWN
30,244,-2.9,-5.7,2045,False,DOWN
30,245,-2.9,-5.7,2228,False,DOWN
30,246,-2.9,-5.7,2651,False,DOWN
30,247,-2.9,-5.7,3001,False,DOWN
30,248,-2.9,-5.7,2855,False,DOWN
31,0,4.1,-9.7,2542,False,DOWN
31,1,4.1,-9.7,3370,False,DOWN
31,2,4.1,-9.8,4095,False,DOWN
31,3,4.1,-9.8,4095,False,DOWN
31,4,4.2,-9.8,4095,False,DOWN
31,5,4.2,-9.9,4095,False,DOWN
31,6,4.3,-9.9,4095,False,DOWN
31,7,4.4,-9.9,3453,False,DOWN
31,8,4.5,-9.9,2512,False,DOWN
31,9,4.5,-10.0,1535,False,DOWN
31,10,4.6,-10.0,573,False,DOWN
31,11,4.7,-10.0,0,False,DOWN
31,12,4.8,-10.0,0,False,DOWN
31,13,4.9,-10.0,0,False,DOWN
31,14,4.9,-10.1,0,False,DOWN
31,15,4.9,-10.1,0,False,DOWN
31,16,5.0,-10.1,0,False,DOWN
31,17,5.1,-10.1,357,False,DOWN
31,18,5.2,-10.1,1008,False,DOWN
31,19,5.3,-10.1,1820,False,DOWN
31,20,5.4,-10.2,2693,False,DOWN
31,21,5.4,-10.2,3540,False,DOWN
31,22,5.5,-10.2,4095,False,DOWN
31,23,5.6,-10.2,4095,False,DOWN
31,24,5.8,-10.1,4095,False,DOWN
31,25,6.0,-10.1,4095,False,DOWN
31,26,6.2,-10.1,4095,False,DOWN
31,27,6.5,-10.1,3300,False,DOWN
31,28,6.7,-10.0,2290,False,DOWN
31,29,7.0,-10.0,1296,False,DOWN
31,30,7.2,-10.0,382,False,DOWN
31,31,7.3,-10.0,0,False,DOWN
31,32,7.4,-10.0,0,False,DOWN
31,33,7.6,-9.9,0,False,DOWN
31,34,7.7,-9.7,0,False,DOWN
31,35,8.1,-9.7,0,False,DOWN
31,36,8.3,-9.7,96,False,DOWN
31,37,8.5,-9.5,400,False,DOWN
31,38,8.5,-9.5,1217,False,DOWN
31,39,8.6,-9.4,2132,False,DOWN
31,40,8.8,-9.4,2960,False,DOWN
31,41,9.0,-9.3,3779,False,DOWN
31,42,9.4,-9.5,4095,False,DOWN
31,43,9.8,-9.5,4095,False,DOWN
31,44,10.4,-9.5,4095,False,DOWN
31,45,11.2,-9.5,4095,False,DOWN
31,46,12.2,-9.4,3664,False,DOWN
31,47,13.6,-9.2,3037,False,DOWN
31,48,14.4,-9.1,1968,False,DOWN
31,49,15.4,-9.0,872,False,DOWN
31,50,16.4,-8.9,0,False,DOWN
31,51,17.3,-8.9,0,False,DOWN
31,52,18.5,-8.7,0,False,DOWN
31,53,19.7,-8.6,0,False,DOWN
31,54,20.8,-8.5,0,False,DOWN
31,55,22.1,-8.3,0,False,DOWN
31,56,23.3,-8.3,215,False,DOWN
31,57,24.7,-8.2,603,False,DOWN
31,58,26.4,-8.2,1452,False,DOWN
31,59,28.0,-8.1,2437,False,DOWN
31,60,29.6,-8.0,3205,False,DOWN
31,61,31.3,-7.8,4048,False,DOWN
31,62,32.9,-7.7,4095,False,CURLING
31,63,34.6,-7.5,4095,False,CURLING
31,64,36.4,-7.3,4095,False,CURLING
31,65,38.1,-7.1,4095,False,CURLING
31,66,39.8,-6.7,3547,False,CURLING
31,67,41.4,-6.5,2768,False,CURLING
31,68,43.1,-6.3,1774,False,CURLING
31,69,44.8,-6.0,679,False,CURLING
31,70,46.5,-5.8,0,False,CURLING
31,71,48.2,-5.5,0,False,CURLING
31,72,49.9,-5.2,0,False,CURLING
31,73,51.7,-5.3,0,False,CURLING
31,74,53.3,-4.8,0,False,CURLING
31,75,55.1,-4.6,0,False,CURLING
31,76,56.9,-4.4,312,False,CURLING
31,77,58.7,-4.1,778,False,CURLING
31,78,60.4,-3.7,1687,False,CURLING
31,79,62.1,-3.5,2653,False,CURLING
31,80,63.9,-3.3,3427,False,CURLING
31,81,65.7,-3.1,4095,False,CURLING
31,82,67.6,-2.9,4095,False,CURLING
31,83,69.4,-2.7,4095,False,CURLING
31,84,71.1,-2.4,4095,False,CURLING
31,85,72.8,-2.1,4095,False,CURLING
31,86,74.6,-1.9,3422,False,CURLING
31,87,76.4,-1.7,2550,False,CURLING
31,88,78.1,-1.4,1454,False,CURLING
31,89,79.7,-1.2,370,False,CURLING
31,90,81.3,-1.0,0,False,CURLING
31,91,82.9,-0.9,0,False,TOP
31,92,84.5,-0.9,0,False,TOP
31,93,86.0,-1.0,0,False,TOP
31,94,87.6,-1.0,0,False,TOP
31,95,89.2,-0.8,0,False,TOP
31,96,90.6,-0.6,349,False,TOP
31,97,92.2,-0.5,941,True,TOP
31,98,93.7,-0.4,1855,True,TOP
31,99,95.2,-0.2,2768,True,TOP
31,100,96.8,-0.1,3570,True,TOP
31,101,98.1,-0.2,4095,True,TOP
31,102,99.6,-0.0,4095,True,TOP
31,103,101.0,0.1,4095,True,TOP
31,104,102.3,0.4,4095,True,TOP
31,105,103.6,0.5,4095,True,TOP
31,106,105.0,0.8,3349,True,TOP
31,107,106.2,0.9,2382,True,TOP
31,108,107.4,1.0,1378,True,TOP
31,109,108.6,1.2,419,False,TOP
31,110,109.8,1.3,0,False,TOP
31,111,110.9,1.3,0,False,TOP
31,112,111.9,1.5,0,False,TOP
31,113,113.0,1.6,0,False,TOP
31,114,113.9,1.7,0,False,TOP
31,115,114.9,1.9,78,False,TOP
31,116,115.7,1.9,344,False,TOP
31,117,116.7,2.1,1137,True,TOP
31,118,117.6,2.2,2013,True,TOP
31,119,118.4,2.3,2858,True,TOP
31,120,119.1,2.4,3619,True,TOP
31,121,119.9,2.5,4095,True,TOP
31,122,120.6,2.6,4095,True,TOP
31,123,121.1,2.6,4095,True,TOP
31,124,121.6,2.7,4095,True,TOP
31,125,122.0,2.7,3971,True,TOP
31,126,122.3,2.8,3174,True,TOP
31,127,122.5,2.8,2101,True,TOP
31,128,122.7,2.7,1145,True,TOP
31,129,122.9,2.7,224,False,TOP
31,130,123.1,2.7,0,False,TOP
31,131,123.4,2.6,0,False,TOP
31,132,123.6,2.5,0,False,TOP
31,133,123.9,2.6,0,False,TOP
31,134,124.2,2.6,0,False,TOP
31,135,124.5,2.6,155,False,TOP
31,136,124.7,2.6,499,False,TOP
31,137,125.0,2.6,1306,True,TOP
31,138,125.2,2.6,2193,True,TOP
31,139,125.4,2.6,2974,True,TOP
31,140,125.5,2.6,3828,True,TOP
31,141,125.6,2.6,4095,True,TOP
31,142,125.7,2.6,4095,True,TOP
31,143,125.8,2.5,4095,True,TOP
31,144,125.9,2.6,4095,True,TOP
31,145,125.9,2.5,3745,True,TOP
31,146,125.9,2.5,2919,True,TOP
31,147,125.9,2.5,1983,True,TOP
31,148,125.8,2.4,945,True,TOP
31,149,125.8,2.4,105,False,TOP
31,150,125.7,2.5,0,False,TOP
31,151,125.6,2.4,0,False,TOP
31,152,125.2,2.4,0,False,TOP
31,153,124.8,2.3,0,False,TOP
31,154,124.3,2.1,0,False,TOP
31,155,123.6,2.0,247,False,TOP
31,156,122.7,1.8,640,True,TOP
31,157,121.8,1.5,1508,True,TOP
31,158,120.8,1.2,2443,True,TOP
31,159,119.6,0.8,3239,True,TOP
31,160,118.2,0.6,3971,True,TOP
31,161,116.9,0.4,4095,True,TOP
31,162,115.5,-0.0,4095,True,TOP
31,163,113.8,-0.3,4095,True,TOP
31,164,112.0,-0.4,4095,True,TOP
31,165,110.2,-0.7,3568,True,TOP
31,166,108.5,-0.9,2687,True,TOP
31,167,106.9,-1.2,1635,True,TOP
31,168,104.9,-1.5,619,True,TOP
31,169,102.6,-1.7,0,False,TOP
31,170,100.7,-2.0,0,False,TOP
31,171,98.8,-2.3,0,False,TOP
31,172,97.0,-2.5,0,False,TOP
31,173,95.0,-2.7,0,False,TOP
31,174,93.2,-2.8,0,False,TOP
31,175,91.5,-3.0,317,False,TOP
31,176,89.9,-3.3,827,True,TOP
31,177,88.2,-3.4,1735,True,TOP
31,178,86.6,-3.5,2647,True,TOP
31,179,85.2,-3.6,3463,True,TOP
31,180,83.8,-3.8,4095,True,TOP
31,181,82.4,-4.0,4095,True,TOP
31,182,80.9,-4.0,4095,True,TOP
31,183,79.4,-4.0,4095,False,TOP
31,184,77.9,-4.0,4095,False,TOP
31,185,76.5,-4.1,3344,False,TOP
31,186,75.1,-4.3,2411,False,TOP
31,187,73.7,-4.5,1492,False,TOP
31,188,72.4,-4.6,408,False,TOP
31,189,71.4,-4.5,0,False,TOP
31,190,70.3,-4.7,0,False,TOP
31,191,69.2,-4.8,0,False,TOP
31,192,68.1,-4.9,0,False,TOP
31,193,67.0,-4.9,0,False,TOP
31,194,66.0,-5.0,0,False,TOP
31,195,65.1,-5.0,368,False,TOP
31,196,64.2,-5.2,993,False,TOP
31,197,63.3,-5.2,1911,False,TOP
31,198,62.6,-5.3,2778,False,TOP
31,199,62.0,-5.4,3707,False,TOP
31,200,61.1,-5.5,4095,False,TOP
31,201,60.5,-5.5,4095,False,TOP
31,202,60.0,-5.5,4095,False,TOP
31,203,59.6,-5.5,4095,False,TOP
31,204,59.0,-5.6,4095,False,TOP
31,205,58.6,-5.6,3237,False,TOP
31,206,58.2,-5.6,2267,False,TOP
31,207,57.8,-5.7,1177,False,TOP
31,208,57.4,-5.7,257,False,TOP
31,209,57.1,-5.7,0,False,TOP
31,210,56.8,-5.8,0,False,TOP
31,211,56.6,-5.8,0,False,TOP
31,212,56.4,-5.8,0,False,TOP
31,213,56.2,-5.8,0,False,TOP
31,214,56.1,-5.8,67,False,TOP
31,215,55.9,-5.8,361,False,TOP
31,216,55.8,-5.8,1193,False,TOP
31,217,55.8,-5.8,2086,False,TOP
31,218,55.7,-5.8,2941,False,TOP
31,219,55.7,-5.9,3827,False,TOP
31,220,55.7,-5.8,4095,False,TOP
31,221,55.8,-5.8,4095,False,TOP
31,222,55.8,-5.8,4095,False,TOP
31,223,56.0,-5.8,4095,False,TOP
31,224,56.1,-5.8,4067,False,TOP
31,225,56.2,-5.8,3131,False,TOP
31,226,56.4,-5.7,2069,False,TOP
31,227,56.6,-5.7,1040,False,TOP
31,228,56.8,-5.8,157,False,TOP
31,229,57.1,-5.7,0,False,TOP
31,230,57.4,-5.7,0,False,TOP
31,231,57.8,-5.6,0,False,TOP
31,232,58.2,-5.5,0,False,TOP
31,233,58.7,-5.5,0,False,TOP
31,234,59.2,-5.4,206,False,TOP
31,235,59.8,-5.4,447,False,TOP
31,236,60.4,-5.3,1294,False,TOP
31,237,61.1,-5.2,2253,False,TOP
31,238,61.9,-5.1,3082,False,TOP
31,239,62.7,-5.1,3968,False,TOP
31,240,63.5,-4.9,4095,False,TOP
31,241,64.3,-4.8,4095,False,TOP
31,242,65.4,-4.7,4095,False,TOP
31,243,66.4,-4.5,4095,False,TOP
31,244,67.5,-4.4,3683,False,TOP
31,245,68.7,-4.2,2991,False,TOP
31,246,69.9,-4.1,1911,False,TOP
31,247,71.1,-3.9,823,False,TOP
31,248,72.3,-3.6,0,False,TOP
31,249,73.6,-3.5,0,False,TOP
31,250,74.9,-3.3,0,False,TOP
31,251,76.2,-3.0,0,False,TOP
31,252,77.4,-2.8,0,False,TOP
31,253,78.8,-2.6,0,False,TOP
31,254,80.2,-2.4,199,False,TOP
31,255,81.6,-2.2,595,True,TOP
31,256,83.0,-2.0,1457,True,TOP
31,257,84.3,-1.8,2458,True,TOP
31,258,85.7,-1.7,3258,True,TOP
31,259,87.1,-1.4,4095,True,TOP
31,260,88.6,-1.3,4095,True,TOP
31,261,90.0,-1.0,4095,True,TOP
31,262,91.3,-0.8,4095,True,TOP
31,263,92.8,-0.6,4095,True,TOP
31,264,94.2,-0.3,3568,True,TOP
31,265,95.6,-0.2,2862,True,TOP
31,266,97.1,-0.1,1852,True,TOP
31,267,98.6,0.0,766,True,TOP
31,268,100.1,0.1,0,False,TOP
31,269,101.5,0.2,0,False,TOP
31,270,102.8,0.4,0,False,TOP
31,271,104.2,0.5,0,False,TOP
31,272,105.8,0.7,0,False,TOP
31,273,107.3,0.9,0,False,TOP
31,274,108.7,1.2,265,False,TOP
31,275,110.3,1.5,602,True,TOP
31,276,111.8,1.7,1494,True,TOP
31,277,113.2,1.9,2448,True,TOP
31,278,114.5,2.2,3200,True,TOP
31,279,115.6,2.6,4095,True,TOP
31,280,116.8,2.8,4095,True,TOP
31,281,117.8,2.9,4095,True,TOP
31,282,118.8,3.0,4095,True,TOP
31,283,119.8,3.1,4095,True,TOP
31,284,120.6,3.1,3490,True,TOP
31,285,121.5,3.1,2726,True,TOP
31,286,122.2,3.1,1807,True,TOP
31,287,122.7,3.2,752,True,TOP
31,288,123.2,3.3,0,False,TOP
31,289,123.5,3.3,0,False,TOP
31,290,123.8,3.3,0,False,TOP
31,291,124.0,3.3,0,False,TOP
31,292,124.3,3.2,0,False,TOP
31,293,124.4,3.1,0,False,TOP
31,294,124.6,3.0,215,False,TOP
31,295,124.9,3.0,656,True,TOP
31,296,125.2,2.9,1535,True,TOP
31,297,125.4,2.9,2477,True,TOP
31,298,125.7,2.9,3281,True,TOP
31,299,126.0,2.9,4095,True,TOP
31,300,126.2,2.9,4095,True,TOP
31,301,126.4,3.0,4095,True,TOP
31,302,126.7,3.0,4095,True,TOP
31,303,126.9,3.1,4095,True,TOP
31,304,127.1,3.0,3423,True,TOP
31,305,127.3,3.0,2709,True,TOP
31,306,127.4,3.0,1727,True,TOP
31,307,127.6,3.0,614,True,TOP
31,308,127.7,3.0,0,False,TOP
31,309,127.8,3.0,0,False,TOP
31,310,127.9,2.9,0,False,TOP
31,311,127.9,2.9,0,False,TOP
31,312,127.9,2.8,0,False,TOP
31,313,128.0,2.7,0,False,TOP
31,314,127.9,2.7,270,False,TOP
31,315,128.0,2.6,695,True,TOP
31,316,127.9,2.6,1599,True,TOP
31,317,127.9,2.6,2559,True,TOP
31,318,127.8,2.6,3349,True,TOP
31,319,127.7,2.6,4095,True,TOP
31,320,127.5,2.6,4095,True,TOP
31,321,127.0,2.6,4095,True,TOP
31,322,126.5,2.5,4095,True,TOP
31,323,125.9,2.3,4095,True,TOP
31,324,125.3,2.0,3581,True,TOP
31,325,124.5,1.9,2559,True,TOP
31,326,123.7,1.8,1535,True,TOP
31,327,123.0,1.9,562,True,TOP
31,328,122.2,1.9,0,False,TOP
31,329,121.3,1.6,0,False,TOP
31,330,120.4,1.4,0,False,TOP
31,331,119.5,1.0,0,False,TOP
31,332,118.5,0.9,0,False,TOP
31,333,117.3,0.7,0,False,TOP
31,334,116.1,0.5,270,False,TOP
31,335,114.8,0.1,815,True,TOP
31,336,113.4,-0.3,1699,True,TOP
31,337,112.0,-0.5,2629,True,TOP
31,338,110.5,-0.7,3413,True,TOP
31,339,108.9,-1.1,4095,True,TOP
31,340,107.5,-1.4,4095,True,TOP
31,341,105.9,-1.6,4095,True,TOP
31,342,104.2,-1.9,4095,True,TOP
31,343,102.3,-2.0,4095,True,TOP
31,344,100.5,-2.2,3472,True,TOP
31,345,99.0,-2.3,2550,True,TOP
31,346,97.1,-2.4,1477,True,TOP
31,347,95.2,-2.5,539,True,TOP
31,348,93.3,-2.5,0,False,TOP
31,349,91.6,-2.6,0,False,TOP
31,350,89.9,-2.8,0,False,TOP
31,351,88.1,-2.9,0,False,TOP
31,352,86.4,-2.8,0,False,TOP
31,353,84.7,-2.8,0,False,TOP
31,354,83.1,-2.9,272,False,TOP
31,355,81.4,-3.1,860,True,TOP
31,356,79.9,-3.1,1771,False,TOP
31,357,78.5,-3.2,2676,False,TOP
31,358,77.2,-3.2,3487,False,TOP
31,359,75.8,-3.2,4095,False,TOP
31,360,74.5,-3.2,4095,False,TOP
31,361,73.3,-3.1,4095,False,TOP
31,362,72.0,-3.2,4095,False,TOP
31,363,70.8,-3.2,4095,False,TOP
31,364,69.6,-3.2,3357,False,TOP
31,365,68.4,-3.2,2471,False,TOP
31,366,67.2,-3.2,1463,False,TOP
31,367,66.3,-3.3,432,False,TOP
31,368,65.3,-3.3,0,False,TOP
31,369,64.3,-3.3,0,False,TOP
31,370,63.3,-3.4,0,False,TOP
31,371,62.5,-3.4,0,False,TOP
31,372,61.7,-3.4,0,False,TOP
31,373,61.0,-3.4,0,False,TOP
31,374,60.3,-3.4,311,False,TOP
31,375,59.6,-3.4,944,False,TOP
31,376,59.0,-3.4,1872,False,TOP
31,377,58.2,-3.4,2733,False,TOP
31,378,57.6,-3.5,3577,False,TOP
31,379,56.9,-3.5,4095,False,TOP
31,380,56.4,-3.5,4095,False,TOP
31,381,55.9,-3.6,4095,False,TOP
31,382,55.4,-3.6,4095,False,TOP
31,383,54.9,-3.7,4095,False,TOP
31,384,54.4,-3.7,3255,False,TOP
31,385,54.1,-3.7,2357,False,TOP
31,386,53.7,-3.8,1367,False,TOP
31,387,53.3,-3.7,340,False,TOP
31,388,53.0,-3.7,0,False,TOP
31,389,52.7,-3.7,0,False,TOP
31,390,52.2,-3.7,0,False,TOP
31,391,52.1,-3.8,0,False,TOP
31,392,52.0,-3.9,0,False,TOP
31,393,51.9,-3.9,0,False,TOP
31,394,51.8,-3.9,315,False,TOP
31,395,51.7,-3.9,1012,False,TOP
31,396,51.7,-3.9,1891,False,TOP
31,397,51.7,-4.0,2778,False,TOP
31,398,51.7,-4.0,3666,False,TOP
31,399,51.7,-4.0,4095,False,TOP
31,400,51.7,-4.0,4095,False,TOP
31,401,51.8,-4.0,4095,False,TOP
31,402,51.9,-4.0,4095,False,TOP
31,403,52.0,-4.0,4095,False,TOP
31,404,52.1,-4.0,3236,False,TOP
31,405,52.3,-4.0,2352,False,TOP
31,406,52.5,-4.1,1360,False,TOP
31,407,52.8,-4.1,368,False,TOP
31,408,53.2,-4.2,0,False,TOP
31,409,53.6,-4.2,0,False,TOP
31,410,54.1,-4.3,0,False,TOP
31,411,54.8,-4.3,0,False,TOP
31,412,55.6,-4.2,0,False,TOP
31,413,56.4,-4.1,11,False,TOP
31,414,57.2,-4.0,305,False,TOP
31,415,58.2,-3.8,1050,False,TOP
31,416,59.2,-3.8,1957,False,TOP
31,417,60.3,-3.7,2822,False,TOP
31,418,61.5,-3.6,3690,False,TOP
31,419,62.7,-3.5,4095,False,TOP
31,420,64.0,-3.3,4095,False,TOP
31,421,65.3,-3.1,4095,False,TOP
31,422,66.8,-3.0,4095,False,TOP
31,423,68.3,-2.9,4095,False,TOP
31,424,70.0,-2.7,3264,False,TOP
31,425,71.6,-2.4,2192,False,TOP
31,426,73.4,-2.0,1291,False,TOP
31,427,75.0,-1.6,275,False,TOP
31,428,76.8,-1.3,0,False,TOP
31,429,78.7,-1.0,0,False,TOP
31,430,80.6,-0.5,0,False,TOP
31,431,82.6,-0.2,0,False,TOP
31,432,84.5,0.2,0,False,TOP
31,433,86.4,0.6,0,False,TOP
31,434,88.3,1.0,292,False,TOP
31,435,90.2,1.4,1071,True,TOP
31,436,92.1,1.7,1941,True,TOP
31,437,94.0,1.9,2799,True,TOP
31,438,95.8,2.3,3651,True,TOP
31,439,97.5,2.6,4095,True,TOP
31,440,99.1,3.0,4095,True,TOP
31,441,100.6,3.2,4095,True,TOP
31,442,102.1,3.4,4095,True,TOP
31,443,103.8,3.5,4095,True,TOP
31,444,105.3,3.5,3206,True,TOP
31,445,106.9,3.8,2223,True,TOP
31,446,108.4,3.9,1287,True,TOP
31,447,109.9,4.1,352,False,TOP
31,448,111.5,4.4,0,False,TOP
31,449,113.0,4.6,0,False,TOP
31,450,114.7,4.9,0,False,TOP
31,451,116.1,5.2,0,False,TOP
31,452,117.4,5.4,0,False,TOP
31,453,118.5,5.6,0,False,TOP
31,454,119.5,5.6,304,False,TOP
31,455,120.6,5.7,1068,True,TOP
31,456,121.7,5.8,1903,True,TOP
31,457,122.6,5.9,2756,True,TOP
31,458,123.4,6.1,3578,True,TOP
31,459,124.1,6.1,4095,True,TOP
31,460,124.5,6.2,4095,True,TOP
31,461,124.9,6.3,4095,True,TOP
31,462,125.2,6.3,4095,True,TOP
31,463,125.6,6.2,4095,True,TOP
31,464,125.8,6.2,3232,True,TOP
31,465,126.1,6.1,2243,True,TOP
31,466,126.4,6.0,1232,True,TOP
31,467,126.7,6.0,373,False,TOP
31,468,126.9,6.0,0,False,TOP
31,469,127.3,5.9,0,False,TOP
31,470,127.5,5.9,0,False,TOP
31,471,127.8,5.9,0,False,TOP
31,472,128.1,5.9,0,False,TOP
31,473,128.3,5.9,23,False,TOP
31,474,128.5,5.9,351,False,TOP
31,475,128.7,5.9,1088,True,TOP
31,476,128.9,6.0,1933,True,TOP
31,477,129.0,6.0,2735,True,TOP
31,478,129.2,6.0,3542,True,TOP
31,479,129.3,6.0,4095,True,TOP
31,480,129.4,6.0,4095,True,TOP
31,481,129.6,6.0,4095,True,TOP
31,482,129.7,6.1,4095,True,TOP
31,483,129.7,6.1,4061,True,TOP
31,484,129.8,6.1,3318,True,TOP
31,485,129.7,6.0,2299,True,TOP
31,486,129.6,6.0,1278,True,TOP
31,487,129.5,6.0,361,False,TOP
31,488,129.3,5.9,0,False,TOP
31,489,128.9,5.9,0,False,TOP
31,490,128.4,5.8,0,False,TOP
31,491,127.5,5.7,0,False,TOP
31,492,126.2,5.8,0,False,TOP
31,493,124.7,5.6,16,False,TOP
31,494,123.0,5.1,335,False,TOP
31,495,121.3,4.7,1101,True,TOP
31,496,119.6,4.1,2002,True,TOP
31,497,117.7,3.4,2853,True,TOP
31,498,115.6,2.9,3683,True,TOP
31,499,113.6,2.4,4095,True,TOP
31,500,111.6,2.0,4095,True,TOP
31,501,109.6,1.7,4095,True,TOP
31,502,107.5,1.5,4095,True,TOP
31,503,105.2,1.5,4058,True,TOP
31,504,103.2,1.5,3246,True,TOP
31,505,101.2,1.4,2186,True,TOP
31,506,99.0,1.1,1200,True,TOP
31,507,96.8,1.1,163,False,TOP
31,508,94.9,1.0,0,False,TOP
31,509,93.0,0.6,0,False,TOP
31,510,91.1,0.3,0,False,TOP
31,511,89.3,0.1,0,False,TOP
31,512,87.5,-0.0,0,False,TOP
31,513,85.9,-0.2,26,False,TOP
31,514,84.2,-0.2,346,False,TOP
31,515,82.5,-0.3,1203,True,TOP
31,516,80.7,-0.4,2078,True,TOP
31,517,79.0,-0.5,2929,False,TOP
31,518,77.5,-0.5,3789,False,TOP
31,519,75.9,-0.5,4095,False,TOP
31,520,74.1,-0.5,4095,False,TOP
31,521,72.4,-0.6,4095,False,TOP
31,522,70.8,-0.7,4095,False,TOP
31,523,69.6,-0.7,4095,False,TOP
31,524,67.9,-1.0,3185,False,TOP
31,525,66.3,-1.1,2156,False,TOP
31,526,64.9,-0.9,1193,False,TOP
31,527,63.6,-1.2,239,False,TOP
31,528,62.4,-1.4,0,False,TOP
31,529,60.8,-1.6,0,False,TOP
31,530,59.3,-1.5,0,False,TOP
31,531,58.0,-1.2,0,False,TOP
31,532,56.6,-1.2,0,False,TOP
31,533,55.4,-1.2,16,False,TOP
31,534,54.1,-1.4,366,False,TOP
31,535,53.3,-1.6,1175,False,TOP
31,536,52.6,-1.8,2055,False,TOP
31,537,51.9,-2.1,2954,False,TOP
31,538,51.4,-2.2,3809,False,TOP
31,539,51.1,-2.2,4095,False,TOP
31,540,50.9,-2.3,4095,False,TOP
31,541,50.7,-2.3,4095,False,TOP
31,542,50.4,-2.3,4095,False,TOP
31,543,50.2,-2.2,4045,False,TOP
31,544,49.9,-2.0,3203,False,TOP
31,545,49.6,-1.9,2141,False,TOP
31,546,49.4,-1.8,1087,False,TOP
31,547,49.2,-1.7,101,False,TOP
31,548,48.9,-1.7,0,False,TOP
31,549,48.6,-1.7,0,False,TOP
31,550,48.3,-1.7,0,False,TOP
31,551,48.1,-1.7,0,False,TOP
31,552,47.9,-1.7,0,False,TOP
31,553,47.8,-1.7,176,False,TOP
31,554,47.7,-1.8,371,False,TOP
31,555,47.8,-2.0,1222,False,TOP
31,556,48.0,-2.2,2141,False,TOP
31,557,48.2,-2.4,2980,False,TOP
31,558,48.7,-2.6,3814,False,TOP
31,559,49.2,-2.8,4095,False,TOP
31,560,50.1,-3.0,4095,False,TOP
31,561,50.9,-3.1,4095,False,TOP
31,562,52.1,-2.9,4095,False,TOP
31,563,53.5,-2.8,4095,False,TOP
31,564,54.9,-2.5,3197,False,TOP
31,565,56.3,-2.3,2161,False,TOP
31,566,57.7,-2.0,1146,False,TOP
31,567,59.1,-1.7,164,False,TOP
31,568,60.6,-1.4,0,False,TOP
31,569,62.0,-1.2,0,False,TOP
31,570,63.4,-0.9,0,False,TOP
31,571,64.9,-0.6,0,False,TOP
31,572,66.4,-0.3,0,False,TOP
31,573,68.0,0.0,98,False,TOP
31,574,69.7,0.2,359,False,TOP
31,575,71.5,0.3,1171,False,TOP
31,576,73.3,0.5,2096,False,TOP
31,577,75.2,0.6,2957,False,TOP
31,578,77.1,0.8,3788,False,TOP
31,579,79.1,1.0,4095,False,TOP
31,580,80.9,1.3,4095,True,TOP
31,581,82.7,1.4,4095,True,TOP
31,582,84.5,1.6,4095,True,TOP
31,583,86.4,1.6,4095,True,TOP
31,584,88.2,1.7,3241,True,TOP
31,585,90.0,1.7,2206,True,TOP
31,586,91.7,1.9,1145,True,TOP
31,587,93.3,2.0,302,False,TOP
31,588,94.8,2.2,0,False,TOP
31,589,96.5,2.3,0,False,TOP
31,590,98.2,2.2,0,False,TOP
31,591,99.6,2.3,0,False,TOP
31,592,101.1,2.5,0,False,TOP
31,593,102.9,2.5,48,False,TOP
31,594,104.5,2.6,355,False,TOP
31,595,105.9,2.8,1099,True,TOP
31,596,107.3,2.9,2009,True,TOP
31,597,108.9,3.4,2845,True,TOP
31,598,110.5,3.7,3651,True,TOP
31,599,111.9,3.9,4095,True,TOP
31,600,113.2,4.2,4095,True,TOP
31,601,114.5,4.5,4095,True,TOP
31,602,115.7,4.6,4095,True,TOP
31,603,116.7,4.7,4095,True,TOP
31,604,117.8,4.9,3313,True,TOP
31,605,118.8,5.0,2219,True,TOP
31,606,119.6,5.0,1319,True,TOP
31,607,120.3,5.0,404,False,TOP
31,608,120.9,5.1,0,False,TOP
31,609,121.4,5.2,0,False,TOP
31,610,121.8,5.2,0,False,TOP
31,611,122.1,5.2,0,False,TOP
31,612,122.4,5.1,0,False,TOP
31,613,122.6,5.0,60,False,TOP
31,614,122.8,4.9,326,False,TOP
31,615,123.1,4.8,1043,True,TOP
31,616,123.4,4.8,1902,True,TOP
31,617,123.8,4.9,2753,True,TOP
31,618,124.0,4.9,3474,True,TOP
31,619,124.3,4.9,4095,True,TOP
31,620,124.5,5.0,4095,True,TOP
31,621,124.9,5.0,4095,True,TOP
31,622,125.0,5.0,4095,True,TOP
31,623,125.2,5.0,4095,True,TOP
31,624,125.4,5.0,3322,True,TOP
31,625,125.5,5.0,2289,True,TOP
31,626,125.6,5.0,1397,True,TOP
31,627,125.6,5.0,460,False,TOP
31,628,125.7,5.0,0,False,TOP
31,629,125.7,4.9,0,False,TOP
31,630,125.7,4.8,0,False,TOP
31,631,125.6,4.8,0,False,TOP
31,632,125.3,4.8,0,False,TOP
31,633,125.2,4.8,3,False,TOP
31,634,124.9,4.6,346,False,TOP
31,635,124.3,4.6,1047,True,TOP
31,636,123.6,4.4,1926,True,TOP
31,637,122.7,4.1,2784,True,TOP
31,638,121.8,3.9,3635,True,TOP
31,639,120.6,3.6,4095,True,TOP
31,640,119.2,3.5,4095,True,TOP
31,641,117.7,3.2,4095,True,TOP
31,642,116.2,3.0,4095,True,TOP
31,643,114.5,2.7,4095,True,TOP
31,644,112.6,2.4,3295,True,TOP
31,645,110.8,2.1,2219,True,TOP
31,646,108.9,1.9,1289,True,TOP
31,647,106.8,1.7,281,False,TOP
31,648,104.7,1.5,0,False,TOP
31,649,102.7,1.3,0,False,TOP
31,650,100.6,1.0,0,False,TOP
31,651,98.6,0.9,0,False,TOP
31,652,96.7,0.7,0,False,TOP
31,653,94.8,0.5,0,False,TOP
31,654,92.8,0.2,384,False,TOP
31,655,90.9,0.2,1076,True,TOP
31,656,88.9,0.1,1971,True,TOP
31,657,87.0,-0.1,2832,True,TOP
31,658,85.1,-0.2,3671,True,TOP
31,659,83.1,-0.1,4095,True,TOP
31,660,81.4,-0.0,4095,True,TOP
31,661,79.8,-0.1,4095,False,TOP
31,662,78.1,-0.2,4095,False,TOP
31,663,76.4,-0.5,4095,False,TOP
31,664,75.0,-0.5,3307,False,TOP
31,665,73.8,-0.6,2351,False,TOP
31,666,72.4,-0.8,1278,False,TOP
31,667,71.1,-0.8,211,False,TOP
31,668,70.1,-0.9,0,False,TOP
31,669,69.3,-0.9,0,False,TOP
31,670,68.6,-1.1,0,False,TOP
31,671,67.8,-1.2,0,False,TOP
31,672,67.2,-1.2,0,False,TOP
31,673,66.6,-1.2,0,False,TOP
31,674,66.1,-1.2,391,False,TOP
31,675,65.5,-1.2,1031,False,TOP
31,676,65.0,-1.2,1964,False,TOP
31,677,64.6,-1.2,2874,False,TOP
31,678,64.2,-1.2,3660,False,TOP
31,679,63.8,-1.1,4095,False,TOP
31,680,63.4,-1.1,4095,False,TOP
31,681,63.1,-1.1,4095,False,TOP
31,682,62.8,-1.1,4095,False,TOP
31,683,62.4,-1.1,4095,False,TOP
31,684,62.2,-1.1,3291,False,TOP
31,685,61.9,-1.1,2416,False,TOP
31,686,61.6,-1.1,1345,False,TOP
31,687,61.3,-1.1,333,False,TOP
31,688,61.1,-1.1,0,False,TOP
31,689,60.8,-1.1,0,False,TOP
31,690,60.6,-1.1,0,False,TOP
31,691,60.3,-1.1,0,False,TOP
31,692,60.2,-1.1,0,False,TOP
31,693,60.0,-1.1,0,False,TOP
31,694,59.8,-1.1,352,False,TOP
31,695,59.6,-1.1,976,False,TOP
31,696,59.5,-1.0,1904,False,TOP
31,697,59.3,-1.0,2786,False,TOP
31,698,59.2,-1.0,3599,False,TOP
31,699,59.0,-1.0,4095,False,TOP
31,700,58.9,-1.0,4095,False,TOP
31,701,58.7,-0.9,4095,False,TOP
31,702,58.6,-0.9,4095,False,TOP
31,703,58.5,-0.9,4095,False,TOP
31,704,58.4,-0.9,3252,False,TOP
31,705,58.3,-1.0,2382,False,TOP
31,706,58.2,-0.9,1435,False,TOP
31,707,58.1,-0.9,395,False,TOP
31,708,58.0,-1.0,0,False,TOP
31,709,57.9,-1.0,0,False,TOP
31,710,57.8,-0.9,0,False,TOP
31,711,57.7,-1.0,0,False,TOP
31,712,57.6,-1.0,0,False,TOP
31,713,57.5,-1.0,0,False,TOP
31,714,57.4,-1.0,328,False,TOP
31,715,57.3,-1.0,836,False,TOP
31,716,57.2,-0.9,1591,False,TOP
31,717,57.1,-0.9,2290,False,TOP
31,718,57.0,-0.9,2901,False,TOP
31,719,57.0,-0.9,3537,False,TOP
31,720,56.9,-0.9,3889,False,TOP
31,721,56.8,-0.9,4095,False,TOP
31,722,56.8,-0.9,4095,False,TOP
31,723,56.7,-0.9,4095,False,TOP
31,724,56.7,-0.9,3367,False,TOP
31,725,56.7,-0.9,2602,False,TOP
31,726,56.6,-0.9,1744,False,TOP
31,727,56.6,-0.9,885,False,TOP
31,728,56.6,-0.9,194,False,TOP
31,729,56.5,-0.8,0,False,TOP
31,730,56.5,-0.8,0,False,TOP
31,731,56.5,-0.9,0,False,TOP
31,732,56.4,-0.9,0,False,TOP
31,733,56.4,-0.8,0,False,TOP
31,734,56.4,-0.9,323,False,TOP
31,735,56.4,-0.9,765,False,TOP
31,736,56.3,-0.9,1434,False,TOP
31,737,56.3,-0.9,2160,False,TOP
31,738,56.2,-0.9,2741,False,TOP
31,739,56.1,-0.8,3344,False,TOP
31,740,56.1,-0.8,3785,False,TOP
31,741,56.1,-0.8,4095,False,TOP
31,742,56.1,-0.8,4095,False,TOP
31,743,56.1,-0.8,4095,False,TOP
31,744,56.0,-0.8,3421,False,TOP
31,745,56.0,-0.8,2655,False,TOP
31,746,56.0,-0.8,1819,False,TOP
31,747,56.0,-0.8,958,False,TOP
31,748,55.9,-0.7,307,False,TOP
31,749,55.9,-0.8,0,False,TOP
31,750,55.9,-0.8,0,False,TOP
31,751,55.9,-0.8,0,False,TOP
31,752,55.9,-0.8,0,False,TOP
31,753,55.9,-0.8,0,False,TOP
31,754,55.9,-0.8,319,False,TOP
31,755,55.9,-0.8,743,False,TOP
31,756,55.9,-0.8,1469,False,TOP
31,757,55.9,-0.8,2215,False,TOP
31,758,55.8,-0.7,2853,False,TOP
31,759,55.8,-0.7,3477,False,TOP
31,760,55.8,-0.8,4045,False,TOP
31,761,55.8,-0.8,4095,False,TOP
31,762,55.8,-0.8,4095,False,TOP
31,763,55.8,-0.8,4095,False,TOP
31,764,55.8,-0.8,3482,False,TOP
31,765,55.8,-0.8,2645,False,TOP
31,766,55.8,-0.8,1590,False,TOP
31,767,55.8,-0.8,564,False,TOP
31,768,55.8,-0.8,0,False,TOP
31,769,55.8,-0.8,0,False,TOP
31,770,55.8,-0.8,0,False,TOP
31,771,55.8,-0.8,0,False,TOP
31,772,55.8,-0.8,0,False,TOP
31,773,55.8,-0.8,0,False,TOP
31,774,55.8,-0.8,286,False,TOP
31,775,55.8,-0.8,763,False,TOP
31,776,55.8,-0.8,1609,False,TOP
31,777,55.8,-0.8,2512,False,TOP
31,778,55.9,-0.9,3259,False,TOP
31,779,55.9,-0.9,3997,False,TOP
31,780,55.9,-0.9,4095,False,TOP
31,781,55.8,-0.8,4095,False,TOP
31,782,55.7,-0.8,4095,False,TOP
31,783,55.7,-0.8,4095,False,TOP
31,784,55.7,-0.8,3631,False,TOP
31,785,55.6,-0.8,2706,False,TOP
31,786,55.7,-0.8,1723,False,TOP
31,787,55.6,-0.8,732,False,TOP
31,788,55.6,-0.9,0,False,TOP
31,789,55.7,-0.9,0,False,TOP
31,790,55.7,-0.9,0,False,TOP
31,791,55.7,-0.9,0,False,TOP
31,792,55.6,-0.9,0,False,TOP
31,793,55.7,-0.8,0,False,TOP
31,794,55.7,-0.9,256,False,TOP
31,795,55.7,-0.8,678,False,TOP
31,796,55.7,-0.9,1503,False,TOP
31,797,55.7,-0.9,2396,False,TOP
31,798,55.7,-0.9,3119,False,TOP
31,799,55.7,-0.9,3899,False,TOP
31,800,55.7,-0.9,4095,False,TOP
31,801,55.7,-0.9,4095,False,TOP
31,802,55.7,-0.9,4095,False,TOP
31,803,55.6,-0.9,4095,False,TOP
31,804,55.7,-0.9,3600,False,TOP
31,805,55.6,-0.9,2731,False,TOP
31,806,55.6,-0.9,1792,False,TOP
31,807,55.6,-0.9,761,False,TOP
31,808,55.6,-0.9,0,False,TOP
31,809,55.6,-0.9,0,False,TOP
31,810,55.6,-0.9,0,False,TOP
31,811,55.6,-1.0,0,False,TOP
31,812,55.6,-1.0,0,False,TOP
31,813,55.6,-1.0,0,False,TOP
31,814,55.6,-1.0,218,False,TOP
31,815,55.7,-1.0,611,False,TOP
31,816,55.7,-1.0,1430,False,TOP
31,817,55.7,-1.0,2368,False,TOP
31,818,55.7,-1.0,3091,False,TOP
31,819,55.8,-1.0,3888,False,TOP
31,820,55.8,-1.0,4095,False,TOP
31,821,55.8,-0.9,4095,False,TOP
31,822,55.8,-0.9,4095,False,TOP
31,823,55.8,-0.9,4095,False,TOP
31,824,55.8,-0.9,3715,False,TOP
31,825,55.8,-0.9,2866,False,TOP
31,826,55.7,-0.9,1855,False,TOP
31,827,55.7,-0.9,893,False,TOP
31,828,55.7,-0.9,29,False,TOP
31,829,55.7,-0.9,0,False,TOP
31,830,55.6,-0.9,0,False,TOP
31,831,55.7,-0.9,0,False,TOP
31,832,55.7,-0.9,0,False,TOP
31,833,55.7,-0.9,0,False,TOP
31,834,55.7,-0.8,190,False,TOP
31,835,55.7,-0.8,571,False,TOP
31,836,55.7,-0.8,1396,False,TOP
31,837,55.7,-0.8,2295,False,TOP
31,838,55.7,-0.8,3045,False,TOP
31,839,55.7,-0.8,3778,False,TOP
31,840,55.7,-0.8,4095,False,TOP
31,841,55.7,-0.7,4095,False,TOP
31,842,55.7,-0.7,4095,False,TOP
31,843,55.7,-0.7,4095,False,TOP
31,844,55.7,-0.7,3725,False,TOP
31,845,55.7,-0.7,2857,False,TOP
31,846,55.7,-0.7,1875,False,TOP
31,847,55.7,-0.7,871,False,TOP
31,848,55.7,-0.7,92,False,TOP
31,849,55.7,-0.7,0,False,TOP
31,850,55.7,-0.7,0,False,TOP
31,851,55.7,-0.7,0,False,TOP
31,852,55.7,-0.7,0,False,TOP
31,853,55.7,-0.7,0,False,TOP
31,854,55.8,-0.7,208,False,TOP
31,855,55.7,-0.7,555,False,TOP
31,856,55.7,-0.7,1359,False,TOP
31,857,55.7,-0.7,2215,False,TOP
31,858,55.6,-0.7,2943,False,TOP
31,859,55.7,-0.7,3745,False,TOP
31,860,55.6,-0.8,4095,False,TOP
31,861,55.6,-0.8,4095,False,TOP
31,862,55.4,-0.8,4095,False,TOP
32,0,3.2,-5.8,2695,False,DOWN
32,1,3.2,-5.8,3184,False,DOWN
32,2,3.3,-5.8,3455,False,DOWN
32,3,3.5,-5.8,4095,False,DOWN
32,4,3.6,-5.8,4095,False,DOWN
32,5,3.8,-5.8,3431,False,DOWN
32,6,3.9,-5.8,2498,False,DOWN
32,7,4.1,-5.8,1887,False,DOWN
32,8,4.3,-5.9,1095,False,DOWN
32,9,4.4,-5.8,439,False,DOWN
32,10,4.5,-5.8,0,False,DOWN
32,11,4.6,-5.7,0,False,DOWN
32,12,4.6,-5.7,0,False,DOWN
32,13,4.7,-5.6,0,False,DOWN
32,14,4.9,-5.6,0,False,DOWN
32,15,5.1,-5.7,166,False,DOWN
32,16,5.2,-5.7,493,False,DOWN
32,17,5.4,-5.7,1104,False,DOWN
32,18,5.7,-5.7,1717,False,DOWN
32,19,6.0,-5.7,2222,False,DOWN
32,20,6.4,-5.8,2705,False,DOWN
32,21,6.9,-5.7,3190,False,DOWN
32,22,7.2,-5.7,3459,False,DOWN
32,23,7.6,-5.6,4003,False,DOWN
32,24,7.9,-5.5,4095,False,DOWN
32,25,8.3,-5.5,3301,False,DOWN
32,26,8.7,-5.4,2607,False,DOWN
32,27,9.1,-5.3,1933,False,DOWN
32,28,9.6,-5.2,1086,False,DOWN
32,29,10.0,-5.2,454,False,DOWN
32,30,10.5,-5.1,0,False,DOWN
32,31,11.1,-5.0,0,False,DOWN
32,32,11.6,-4.9,0,False,DOWN
32,33,12.2,-4.8,0,False,DOWN
32,34,12.8,-4.7,0,False,DOWN
32,35,13.5,-4.6,209,False,DOWN
32,36,14.1,-4.5,499,False,DOWN
32,37,14.7,-4.5,1133,False,DOWN
32,38,15.4,-4.6,1748,False,DOWN
32,39,16.0,-4.6,2267,False,DOWN
32,40,16.6,-4.6,2752,False,DOWN
32,41,17.2,-4.6,3232,False,DOWN
32,42,18.0,-4.6,3525,False,DOWN
32,43,18.8,-4.6,4095,False,DOWN
32,44,19.7,-4.6,4095,False,DOWN
32,45,20.7,-4.6,3423,False,DOWN
32,46,21.8,-4.6,2722,False,DOWN
32,47,22.9,-4.7,1941,False,DOWN
32,48,24.1,-4.7,1089,False,DOWN
32,49,25.4,-4.7,577,False,DOWN
32,50,26.7,-4.6,0,False,DOWN
32,51,28.1,-4.5,0,False,DOWN
32,52,29.5,-4.4,0,False,DOWN
32,53,31.0,-4.3,0,False,DOWN
32,54,32.4,-4.1,0,False,CURLING
32,55,33.9,-4.1,192,False,CURLING
32,56,35.4,-3.9,465,False,CURLING
32,57,36.8,-3.8,1098,False,CURLING
32,58,38.3,-3.6,1751,False,CURLING
32,59,39.9,-3.3,2256,False,CURLING
32,60,41.4,-2.9,2750,False,CURLING
32,61,42.9,-2.4,3254,False,CURLING
32,62,44.4,-2.2,3536,False,CURLING
32,63,45.8,-1.9,4095,False,CURLING
32,64,47.3,-1.7,4095,False,CURLING
32,65,48.9,-1.6,3298,False,CURLING
32,66,50.4,-1.4,2842,False,CURLING
32,67,51.8,-1.4,2046,False,CURLING
32,68,53.3,-1.2,1134,False,CURLING
32,69,54.7,-1.1,525,False,CURLING
32,70,56.2,-1.0,0,False,CURLING
32,71,57.7,-0.8,0,False,CURLING
32,72,59.2,-0.7,0,False,CURLING
32,73,60.8,-0.6,0,False,CURLING
32,74,62.4,-0.5,0,False,CURLING
32,75,64.1,-0.4,155,False,CURLING
32,76,65.8,-0.3,426,False,CURLING
32,77,67.4,-0.2,1037,False,CURLING
32,78,69.0,-0.2,1617,False,CURLING
32,79,70.7,0.0,2107,False,CURLING
32,80,72.4,0.2,2559,False,CURLING
32,81,74.1,0.4,3070,False,CURLING
32,82,75.7,0.5,3344,False,CURLING
32,83,77.4,0.8,3996,False,CURLING
32,84,79.0,1.0,4055,False,CURLING
32,85,80.6,1.3,3539,True,CURLING
32,86,82.1,1.4,2835,True,TOP
32,87,83.7,1.7,1987,True,TOP
32,88,85.2,1.8,1091,True,TOP
32,89,86.7,2.0,637,True,TOP
32,90,88.2,2.2,8,False,TOP
32,91,89.7,2.5,0,False,TOP
32,92,91.2,2.6,0,False,TOP
32,93,92.6,2.8,0,False,TOP
32,94,94.2,2.8,0,False,TOP
32,95,95.7,3.1,158,False,TOP
32,96,97.0,3.2,441,False,TOP
32,97,98.6,3.3,1031,True,TOP
32,98,100.1,3.3,1631,True,TOP
32,99,101.6,3.5,2125,True,TOP
32,100,103.0,3.7,2547,True,TOP
32,101,104.3,3.8,3094,True,TOP
32,102,105.6,4.0,3392,True,TOP
32,103,106.7,4.1,4095,True,TOP
32,104,107.8,4.3,4095,True,TOP
32,105,108.8,4.3,3583,True,TOP
32,106,109.8,4.4,2907,True,TOP
32,107,110.9,4.5,2148,True,TOP
32,108,112.0,4.6,1391,True,TOP
32,109,112.9,4.6,655,True,TOP
32,110,113.9,4.6,101,False,TOP
32,111,114.8,4.6,0,False,TOP
32,112,115.6,4.7,0,False,TOP
32,113,116.5,4.6,0,False,TOP
32,114,117.1,4.5,0,False,TOP
32,115,117.7,4.5,162,False,TOP
32,116,118.3,4.5,420,False,TOP
32,117,118.7,4.5,962,True,TOP
32,118,119.1,4.5,1558,True,TOP
32,119,119.5,4.5,2039,True,TOP
32,120,119.8,4.4,2592,True,TOP
32,121,120.1,4.4,3019,True,TOP
32,122,120.4,4.4,3300,True,TOP
32,123,120.7,4.3,3943,True,TOP
32,124,121.0,4.3,4095,True,TOP
32,125,121.3,4.3,3648,True,TOP
32,126,121.7,4.2,2890,True,TOP
32,127,122.0,4.2,2178,True,TOP
32,128,122.3,4.3,1214,True,TOP
32,129,122.5,4.3,771,True,TOP
32,130,122.8,4.3,0,False,TOP
32,131,123.0,4.3,0,False,TOP
32,132,123.2,4.3,0,False,TOP
32,133,123.4,4.3,0,False,TOP
32,134,123.5,4.2,0,False,TOP
32,135,123.6,4.2,175,False,TOP
32,136,123.8,4.2,405,False,TOP
32,137,123.9,4.2,933,True,TOP
32,138,123.9,4.2,1553,True,TOP
32,139,123.9,4.2,2019,True,TOP
32,140,124.0,4.2,2546,True,TOP
32,141,124.0,4.1,3015,True,TOP
32,142,124.0,4.1,3287,True,TOP
32,143,124.1,4.1,4017,True,TOP
32,144,124.2,4.0,4095,True,TOP
32,145,124.2,4.0,3637,True,TOP
32,146,124.4,4.0,2706,True,TOP
32,147,124.5,4.0,2129,True,TOP
32,148,124.6,4.0,1426,True,TOP
32,149,124.7,4.0,727,True,TOP
32,150,124.7,4.0,187,False,TOP
32,151,124.8,4.0,0,False,TOP
32,152,124.7,4.0,0,False,TOP
32,153,124.5,4.0,0,False,TOP
32,154,124.3,3.9,0,False,TOP
32,155,124.0,3.9,107,False,TOP
32,156,123.6,3.9,377,False,TOP
32,157,122.9,3.9,925,True,TOP
32,158,122.1,3.6,1520,True,TOP
32,159,121.2,3.4,2047,True,TOP
32,160,120.3,3.5,2537,True,TOP
32,161,119.2,3.3,3105,True,TOP
32,162,118.2,3.0,3376,True,TOP
32,163,117.1,2.7,4051,True,TOP
32,164,116.0,2.4,4095,True,TOP
32,165,114.9,2.0,3615,True,TOP
32,166,113.7,1.8,2726,True,TOP
32,167,112.5,1.5,2189,True,TOP
32,168,111.1,1.3,1311,True,TOP
32,169,109.8,1.2,633,True,TOP
32,170,108.3,1.1,74,False,TOP
32,171,106.7,0.9,0,False,TOP
32,172,104.8,0.6,0,False,TOP
32,173,102.7,0.4,0,False,TOP
32,174,100.7,0.3,0,False,TOP
32,175,98.6,0.1,103,False,TOP
32,176,96.2,-0.1,401,False,TOP
32,177,93.9,-0.1,997,True,TOP
32,178,91.7,-0.4,1615,True,TOP
32,179,89.7,-0.6,2126,True,TOP
32,180,87.7,-1.0,2647,True,TOP
32,181,85.8,-1.5,3116,True,TOP
32,182,84.0,-1.8,3327,True,TOP
32,183,82.5,-2.0,4095,True,TOP
32,184,81.1,-2.3,4095,True,TOP
32,185,79.6,-2.4,3655,False,TOP
32,186,78.0,-2.4,2719,False,TOP
32,187,76.4,-2.4,1919,False,TOP
32,188,74.9,-2.4,1379,False,TOP
32,189,73.2,-2.4,692,False,TOP
32,190,71.6,-2.4,86,False,TOP
32,191,70.1,-2.4,0,False,TOP
32,192,68.8,-2.6,0,False,TOP
32,193,67.6,-3.0,0,False,TOP
32,194,66.4,-3.3,0,False,TOP
32,195,65.5,-3.4,64,False,TOP
32,196,64.8,-3.5,407,False,TOP
32,197,64.2,-3.6,949,False,TOP
32,198,63.7,-3.8,1584,False,TOP
32,199,63.3,-3.8,2071,False,TOP
32,200,62.9,-3.9,2556,False,TOP
32,201,62.6,-3.9,3088,False,TOP
32,202,62.2,-3.8,3358,False,TOP
32,203,61.8,-3.7,4095,False,TOP
32,204,61.3,-3.6,4095,False,TOP
32,205,60.8,-3.6,3786,False,TOP
32,206,60.3,-3.5,2975,False,TOP
32,207,59.8,-3.5,2125,False,TOP
32,208,59.4,-3.5,1410,False,TOP
32,209,58.9,-3.4,695,False,TOP
32,210,58.5,-3.5,83,False,TOP
32,211,58.1,-3.5,0,False,TOP
32,212,57.7,-3.6,0,False,TOP
32,213,57.3,-3.7,0,False,TOP
32,214,57.0,-3.8,0,False,TOP
32,215,56.7,-3.8,98,False,TOP
32,216,56.5,-3.8,387,False,TOP
32,217,56.3,-3.9,959,False,TOP
32,218,56.1,-3.9,1603,False,TOP
32,219,55.9,-3.9,2101,False,TOP
32,220,55.7,-3.9,2599,False,TOP
32,221,55.7,-3.9,3121,False,TOP
32,222,55.6,-4.0,3316,False,TOP
32,223,55.8,-4.0,4095,False,TOP
32,224,56.1,-4.1,4095,False,TOP
32,225,56.7,-4.2,3479,False,TOP
32,226,57.4,-4.2,2759,False,TOP
32,227,58.2,-4.0,2174,False,TOP
32,228,59.1,-3.8,1360,False,TOP
32,229,60.1,-3.6,686,False,TOP
32,230,61.0,-3.3,47,False,TOP
32,231,62.1,-3.1,0,False,TOP
32,232,63.1,-2.9,0,False,TOP
32,233,64.1,-2.7,0,False,TOP
32,234,65.2,-2.4,0,False,TOP
32,235,66.2,-2.1,140,False,TOP
32,236,67.3,-1.8,371,False,TOP
32,237,68.5,-1.7,975,False,TOP
32,238,69.6,-1.6,1579,False,TOP
32,239,70.7,-1.4,2099,False,TOP
32,240,71.8,-1.2,2546,False,TOP
32,241,73.0,-1.0,3169,False,TOP
32,242,74.2,-0.8,3350,False,TOP
32,243,75.4,-0.6,4087,False,TOP
32,244,76.6,-0.6,4095,False,TOP
32,245,77.9,-0.5,3673,False,TOP
32,246,79.2,-0.4,2917,False,TOP
32,247,80.5,-0.1,2186,True,TOP
32,248,81.9,-0.1,1427,True,TOP
32,249,83.2,0.1,767,True,TOP
32,250,84.5,0.2,16,False,TOP
32,251,86.0,0.3,0,False,TOP
32,252,87.4,0.5,0,False,TOP
32,253,88.9,0.7,0,False,TOP
32,254,90.5,0.9,0,False,TOP
32,255,92.2,1.2,123,False,TOP
32,256,93.8,1.5,341,False,TOP
32,257,95.5,1.8,881,True,TOP
32,258,97.2,2.0,1421,True,TOP
32,259,99.0,2.4,1808,True,TOP
32,260,100.7,2.6,2282,True,TOP
32,261,102.5,3.0,2679,True,TOP
32,262,104.2,3.2,2807,True,TOP
32,263,105.8,3.5,3360,True,TOP
32,264,107.5,3.7,3632,True,TOP
32,265,109.4,4.1,3113,True,TOP
32,266,111.0,4.4,2559,True,TOP
32,267,112.2,4.8,1872,True,TOP
32,268,113.5,4.9,1191,True,TOP
32,269,114.7,5.0,634,True,TOP
32,270,115.6,4.9,144,False,TOP
32,271,116.6,4.7,0,False,TOP
32,272,117.4,4.6,0,False,TOP
32,273,118.0,4.6,0,False,TOP
32,274,118.7,4.6,0,False,TOP
32,275,119.3,4.6,134,False,TOP
32,276,119.8,4.6,295,False,TOP
32,277,120.3,4.6,737,True,TOP
32,278,120.7,4.7,1202,True,TOP
32,279,121.1,4.8,1559,True,TOP
32,280,121.4,4.7,1938,True,TOP
32,281,121.7,4.7,2321,True,TOP
32,282,122.0,4.7,2503,True,TOP
32,283,122.3,4.7,3018,True,TOP
32,284,122.6,4.6,3264,True,TOP
32,285,122.9,4.7,2942,True,TOP
32,286,123.2,4.7,2461,True,TOP
32,287,123.5,4.6,1840,True,TOP
32,288,123.8,4.7,1203,True,TOP
32,289,124.1,4.7,695,True,TOP
32,290,124.3,4.6,128,False,TOP
32,291,124.5,4.6,0,False,TOP
32,292,124.7,4.6,0,False,TOP
32,293,125.0,4.5,0,False,TOP
32,294,125.1,4.5,0,False,TOP
32,295,125.3,4.4,122,False,TOP
32,296,125.4,4.4,320,False,TOP
32,297,125.6,4.4,800,True,TOP
32,298,125.7,4.3,1253,True,TOP
32,299,125.7,4.3,1688,True,TOP
32,300,125.7,4.3,2082,True,TOP
32,301,125.7,4.2,2532,True,TOP
32,302,125.6,4.2,2736,True,TOP
32,303,125.4,4.1,3310,True,TOP
32,304,125.1,4.0,3675,True,TOP
32,305,124.6,3.9,3215,True,TOP
32,306,124.1,3.8,2667,True,TOP
32,307,123.3,3.8,2019,True,TOP
32,308,122.2,3.6,1319,True,TOP
32,309,121.1,3.5,752,True,TOP
32,310,119.8,3.3,194,False,TOP
32,311,118.4,3.0,0,False,TOP
32,312,116.9,2.7,0,False,TOP
32,313,115.3,2.3,0,False,TOP
32,314,113.6,1.7,0,False,TOP
32,315,111.9,1.2,151,False,TOP
32,316,110.0,0.7,400,False,TOP
32,317,108.0,0.2,896,True,TOP
32,318,106.0,0.2,1403,True,TOP
32,319,104.2,0.1,1858,True,TOP
32,320,102.5,-0.2,2338,True,TOP
32,321,100.5,-0.6,2765,True,TOP
32,322,98.4,-0.9,2982,True,TOP
32,323,96.5,-1.1,3631,True,TOP
32,324,94.7,-1.3,3979,True,TOP
32,325,92.9,-1.8,3284,True,TOP
32,326,90.7,-2.2,2682,True,TOP
32,327,88.3,-2.5,2096,True,TOP
32,328,86.3,-2.5,1333,True,TOP
32,329,84.7,-2.7,687,True,TOP
32,330,82.8,-3.1,107,False,TOP
32,331,80.6,-3.3,0,False,TOP
32,332,78.8,-3.5,0,False,TOP
32,333,77.3,-3.7,0,False,TOP
32,334,75.8,-3.9,0,False,TOP
32,335,74.1,-4.1,146,False,TOP
32,336,72.3,-4.2,418,False,TOP
32,337,70.9,-4.3,927,False,TOP
32,338,69.6,-4.5,1559,False,TOP
32,339,68.1,-4.8,2032,False,TOP
32,340,66.8,-5.1,2551,False,TOP
32,341,65.5,-5.2,2987,False,TOP
32,342,64.5,-5.3,3191,False,TOP
32,343,63.5,-5.4,3876,False,TOP
32,344,62.3,-5.6,4095,False,TOP
32,345,61.3,-5.6,3603,False,TOP
32,346,60.4,-5.7,2875,False,TOP
32,347,59.6,-5.7,2134,False,TOP
32,348,58.8,-5.8,1392,False,TOP
32,349,58.0,-5.8,699,False,TOP
32,350,57.2,-5.8,87,False,TOP
32,351,56.6,-5.8,0,False,TOP
32,352,55.9,-5.9,0,False,TOP
32,353,55.2,-5.8,0,False,TOP
32,354,54.6,-5.8,0,False,TOP
32,355,54.0,-5.8,142,False,TOP
32,356,53.6,-5.8,453,False,TOP
32,357,53.1,-5.8,986,False,TOP
32,358,52.6,-5.8,1601,False,TOP
32,359,52.1,-5.8,2099,False,TOP
32,360,51.6,-5.8,2602,False,TOP
32,361,51.2,-5.7,3107,False,TOP
32,362,50.8,-5.7,3299,False,TOP
32,363,50.4,-5.8,4031,False,TOP
32,364,50.2,-5.9,4095,False,TOP
32,365,49.9,-6.0,3555,False,TOP
32,366,49.6,-6.1,2871,False,TOP
32,367,49.4,-6.1,1951,False,TOP
32,368,49.1,-6.1,1226,False,TOP
32,369,48.9,-6.0,647,False,TOP
32,370,48.7,-6.0,0,False,TOP
32,371,48.6,-6.1,0,False,TOP
32,372,48.4,-6.1,0,False,TOP
32,373,48.3,-6.1,0,False,TOP
32,374,48.2,-6.1,0,False,TOP
32,375,48.1,-6.0,167,False,TOP
32,376,48.0,-6.0,452,False,TOP
32,377,48.0,-6.0,1037,False,TOP
32,378,48.1,-6.0,1623,False,TOP
32,379,48.3,-6.0,2114,False,TOP
32,380,48.6,-6.0,2559,False,TOP
32,381,48.9,-6.0,3091,False,TOP
32,382,49.3,-6.0,3324,False,TOP
32,383,49.9,-6.1,4094,False,TOP
32,384,50.5,-6.1,4095,False,TOP
32,385,51.3,-6.1,3439,False,TOP
32,386,52.2,-6.0,2809,False,TOP
32,387,53.1,-6.0,2105,False,TOP
32,388,54.2,-5.9,1273,False,TOP
32,389,55.5,-5.6,699,False,TOP
32,390,56.8,-5.3,12,False,TOP
32,391,58.2,-5.0,0,False,TOP
32,392,59.9,-4.6,0,False,TOP
32,393,61.8,-4.3,0,False,TOP
32,394,63.8,-4.0,0,False,TOP
32,395,65.9,-3.6,181,False,TOP
32,396,68.0,-3.2,471,False,TOP
32,397,70.2,-2.9,1061,False,TOP
32,398,72.4,-2.4,1671,False,TOP
32,399,74.6,-2.0,2182,False,TOP
32,400,76.8,-1.6,2689,False,TOP
32,401,78.9,-1.2,3181,False,TOP
32,402,81.0,-0.7,3408,True,TOP
32,403,83.0,-0.4,4095,True,TOP
32,404,85.1,-0.2,4095,True,TOP
32,405,87.0,0.1,3574,True,TOP
32,406,88.7,0.3,2778,True,TOP
32,407,90.6,0.5,2029,True,TOP
32,408,92.5,0.7,1176,True,TOP
32,409,94.3,1.0,656,True,TOP
32,410,96.0,1.1,0,False,TOP
32,411,97.6,1.4,0,False,TOP
32,412,99.1,1.6,0,False,TOP
32,413,100.7,1.6,0,False,TOP
32,414,102.4,1.6,0,False,TOP
32,415,103.9,1.5,216,False,TOP
32,416,105.4,1.5,489,False,TOP
32,417,106.9,1.5,1059,True,TOP
32,418,108.4,1.6,1683,True,TOP
32,419,109.7,1.8,2173,True,TOP
32,420,111.1,1.9,2672,True,TOP
32,421,112.7,2.3,3195,True,TOP
32,422,114.0,2.5,3427,True,TOP
32,423,115.2,2.9,4095,True,TOP
32,424,116.2,3.2,4095,True,TOP
32,425,117.1,3.2,3559,True,TOP
32,426,117.6,3.0,2861,True,TOP
32,427,117.8,2.8,2047,True,TOP
32,428,117.7,2.7,1203,True,TOP
32,429,117.6,2.4,629,True,TOP
32,430,117.4,2.4,0,False,TOP
32,431,117.3,2.2,0,False,TOP
32,432,117.2,2.1,0,False,TOP
32,433,117.1,1.9,0,False,TOP
32,434,117.1,1.8,0,False,TOP
32,435,117.1,1.8,242,False,TOP
32,436,116.9,1.8,544,True,TOP
32,437,116.8,1.7,1168,True,TOP
32,438,116.6,1.6,1798,True,TOP
32,439,116.5,1.4,2313,True,TOP
32,440,116.1,1.3,2879,True,TOP
32,441,115.5,1.2,3344,True,TOP
32,442,114.9,1.1,3634,True,TOP
32,443,114.2,0.9,4095,True,TOP
32,444,113.4,0.8,4095,True,TOP
32,445,112.3,0.5,3542,True,TOP
32,446,111.2,0.2,2758,True,TOP
32,447,110.3,-0.2,1958,True,TOP
32,448,109.5,-0.8,1008,True,TOP
32,449,108.3,-1.1,487,False,TOP
32,450,106.8,-1.4,0,False,TOP
32,451,105.5,-1.5,0,False,TOP
32,452,104.4,-1.5,0,False,TOP
32,453,103.6,-1.7,0,False,TOP
32,454,102.7,-2.0,0,False,TOP
32,455,101.3,-2.2,266,False,TOP
32,456,99.8,-2.2,592,True,TOP
32,457,98.6,-2.2,1248,True,TOP
32,458,97.8,-2.3,1930,True,TOP
32,459,96.7,-2.6,2490,True,TOP
32,460,95.1,-2.7,2965,True,TOP
32,461,93.5,-2.8,3472,True,TOP
32,462,92.1,-2.8,3708,True,TOP
32,463,90.9,-3.0,4095,True,TOP
32,464,89.6,-3.2,4095,True,TOP
32,465,88.1,-3.3,3463,True,TOP
32,466,86.6,-3.3,2691,True,TOP
32,467,85.1,-3.2,1761,True,TOP
32,468,83.9,-3.3,1007,True,TOP
32,469,82.6,-3.6,368,False,TOP
32,470,81.2,-3.9,0,False,TOP
32,471,79.6,-4.1,0,False,TOP
32,472,78.1,-4.2,0,False,TOP
32,473,76.9,-4.3,0,False,TOP
32,474,75.6,-4.5,0,False,TOP
32,475,74.1,-4.5,283,False,TOP
32,476,72.6,-4.5,667,False,TOP
32,477,71.4,-4.6,1302,False,TOP
32,478,70.4,-4.8,1968,False,TOP
32,479,69.3,-5.0,2488,False,TOP
32,480,68.2,-5.2,2991,False,TOP
32,481,67.1,-5.2,3439,False,TOP
32,482,66.2,-5.2,3614,False,TOP
32,483,65.5,-5.2,4095,False,TOP
32,484,64.6,-5.2,4095,False,TOP
32,485,63.7,-5.1,3409,False,TOP
32,486,62.8,-5.0,2647,False,TOP
32,487,62.0,-4.9,1794,False,TOP
32,488,61.4,-4.9,928,False,TOP
32,489,60.9,-4.9,298,False,TOP
32,490,60.3,-4.9,0,False,TOP
32,491,59.7,-5.0,0,False,TOP
32,492,59.3,-5.0,0,False,TOP
32,493,58.8,-5.0,0,False,TOP
32,494,58.4,-5.0,0,False,TOP
32,495,57.9,-5.0,318,False,TOP
32,496,57.4,-5.0,718,False,TOP
32,497,57.0,-5.1,1389,False,TOP
32,498,56.6,-5.2,2039,False,TOP
32,499,56.2,-5.2,2548,False,TOP
32,500,55.8,-5.3,3093,False,TOP
32,501,55.4,-5.3,3483,False,TOP
32,502,55.1,-5.3,3664,False,TOP
32,503,54.8,-5.3,4095,False,TOP
32,504,54.5,-5.3,4095,False,TOP
32,505,54.2,-5.3,3274,False,TOP
32,506,54.0,-5.3,2550,False,TOP
32,507,53.8,-5.3,1675,False,TOP
32,508,53.8,-5.4,780,False,TOP
32,509,53.8,-5.4,177,False,TOP
32,510,53.9,-5.4,0,False,TOP
32,511,54.1,-5.4,0,False,TOP
32,512,54.5,-5.5,0,False,TOP
32,513,55.0,-5.6,0,False,TOP
32,514,56.0,-5.7,0,False,TOP
32,515,57.0,-5.6,341,False,TOP
32,516,58.1,-5.4,789,False,TOP
32,517,59.4,-5.3,1430,False,TOP
32,518,60.7,-5.0,2093,False,TOP
32,519,62.1,-4.7,2643,False,TOP
32,520,63.6,-4.4,3186,False,TOP
32,521,65.2,-4.1,3601,False,TOP
32,522,66.8,-3.9,4021,False,TOP
32,523,68.4,-3.5,4095,False,TOP
32,524,70.1,-3.2,4095,False,TOP
32,525,71.9,-3.0,3121,False,TOP
32,526,73.7,-2.9,2384,False,TOP
32,527,75.6,-2.7,1596,False,TOP
32,528,77.6,-2.6,799,False,TOP
32,529,79.8,-2.5,119,False,TOP
32,530,81.9,-2.2,0,False,TOP
32,531,84.0,-1.8,0,False,TOP
32,532,86.0,-1.4,0,False,TOP
32,533,88.2,-0.9,0,False,TOP
32,534,90.3,-0.7,0,False,TOP
32,535,92.3,-0.4,338,False,TOP
32,536,94.3,-0.1,855,True,TOP
32,537,96.1,-0.2,1555,True,TOP
32,538,97.9,0.0,2207,True,TOP
32,539,99.6,0.3,2809,True,TOP
32,540,101.3,0.3,3427,True,TOP
32,541,102.8,0.4,3856,True,TOP
32,542,104.3,0.3,4095,True,TOP
32,543,105.6,0.3,4095,True,TOP
32,544,106.9,0.4,3972,True,TOP
32,545,108.3,0.7,3214,True,TOP
32,546,109.8,1.0,2321,True,TOP
32,547,111.2,1.4,1555,True,TOP
32,548,112.4,1.5,619,True,TOP
32,549,113.6,1.8,9,False,TOP
32,550,114.9,2.0,0,False,TOP
32,551,116.0,2.3,0,False,TOP
32,552,117.1,2.6,0,False,TOP
32,553,117.9,2.9,0,False,TOP
32,554,118.7,3.1,63,False,TOP
32,555,119.4,3.2,342,False,TOP
32,556,120.0,3.4,994,True,TOP
32,557,120.5,3.5,1729,True,TOP
32,558,121.0,3.5,2380,True,TOP
32,559,121.5,3.6,3027,True,TOP
32,560,121.9,3.7,3756,True,TOP
32,561,122.2,3.7,4095,True,TOP
32,562,122.4,3.7,4095,True,TOP
32,563,122.7,3.7,4095,True,TOP
32,564,122.8,3.7,4002,True,TOP
32,565,123.0,3.6,3179,True,TOP
32,566,123.1,3.5,2235,True,TOP
32,567,123.2,3.4,1383,True,TOP
32,568,123.3,3.2,557,True,TOP
32,569,123.4,3.1,0,False,TOP
32,570,123.4,3.0,0,False,TOP
32,571,123.2,2.8,0,False,TOP
32,572,123.0,2.8,0,False,TOP
32,573,122.7,2.7,0,False,TOP
32,574,122.2,2.7,177,False,TOP
32,575,121.6,2.7,382,False,TOP
32,576,121.1,2.4,1113,True,TOP
32,577,120.5,2.1,1872,True,TOP
32,578,119.5,1.9,2581,True,TOP
32,579,118.4,1.7,3271,True,TOP
32,580,117.2,1.5,3981,True,TOP
32,581,116.0,1.3,4095,True,TOP
32,582,114.7,0.9,4095,True,TOP
32,583,113.2,0.8,4095,True,TOP
32,584,111.6,0.7,3822,True,TOP
32,585,110.0,0.5,2913,True,TOP
32,586,108.3,0.2,2082,True,TOP
32,587,106.5,-0.2,1160,True,TOP
32,588,104.6,-0.4,358,False,TOP
32,589,102.6,-0.4,0,False,TOP
32,590,100.6,-0.5,0,False,TOP
32,591,98.6,-0.7,0,False,TOP
32,592,96.4,-0.7,0,False,TOP
32,593,94.4,-0.7,0,False,TOP
32,594,92.5,-0.9,176,False,TOP
32,595,90.5,-1.2,574,True,TOP
32,596,88.3,-1.3,1257,True,TOP
32,597,86.3,-1.2,2029,True,TOP
32,598,84.3,-1.2,2688,True,TOP
32,599,82.2,-1.4,3251,True,TOP
32,600,80.2,-1.4,3955,True,TOP
32,601,78.4,-1.3,4095,False,TOP
32,602,76.7,-1.2,4095,False,TOP
32,603,74.9,-1.3,4095,False,TOP
32,604,73.0,-1.2,3622,False,TOP
32,605,71.2,-0.9,2630,False,TOP
32,606,69.6,-0.5,1969,False,TOP
32,607,68.0,-0.3,1035,False,TOP
32,608,66.3,-0.2,346,False,TOP
32,609,64.8,-0.2,0,False,TOP
32,610,63.5,-0.2,0,False,TOP
32,611,62.5,-0.3,0,False,TOP
32,612,61.5,-0.3,0,False,TOP
32,613,60.6,-0.1,0,False,TOP
32,614,59.7,-0.0,269,False,TOP
32,615,59.1,0.1,561,False,TOP
32,616,58.6,0.2,1282,False,TOP
32,617,58.0,0.2,1919,False,TOP
32,618,57.5,0.3,2416,False,TOP
32,619,57.1,0.5,2931,False,TOP
32,620,56.8,0.8,3434,False,TOP
32,621,56.5,1.0,3663,False,TOP
32,622,56.1,1.3,4095,False,TOP
32,623,55.7,1.5,4095,False,TOP
32,624,55.3,1.7,3437,False,TOP
32,625,55.0,1.9,2626,False,TOP
32,626,54.6,2.1,1935,False,TOP
32,627,54.2,2.2,1168,False,TOP
32,628,53.8,2.4,545,False,TOP
32,629,53.3,2.5,0,False,TOP
32,630,52.9,2.6,0,False,TOP
32,631,52.5,2.7,0,False,TOP
32,632,52.0,2.8,0,False,TOP
32,633,51.6,2.9,0,False,TOP
32,634,51.2,3.0,289,False,TOP
32,635,50.9,3.1,569,False,TOP
32,636,50.5,3.3,1159,False,TOP
32,637,50.1,3.5,1775,False,TOP
32,638,49.7,3.6,2227,False,TOP
32,639,49.3,3.8,2720,False,TOP
32,640,48.8,3.9,3132,False,TOP
32,641,48.4,4.0,3368,False,TOP
32,642,47.9,4.1,3963,False,TOP
32,643,47.4,4.3,4095,False,TOP
32,644,47.0,4.4,3237,False,TOP
32,645,46.6,4.4,2559,False,TOP
32,646,46.2,4.5,1761,False,TOP
32,647,45.8,4.8,1002,False,TOP
32,648,45.5,4.8,187,False,TOP
32,649,45.1,4.9,0,False,TOP
32,650,44.8,4.8,0,False,TOP
32,651,44.6,4.9,0,False,TOP
32,652,44.3,5.0,0,False,TOP
32,653,44.2,5.0,0,False,TOP
32,654,44.1,5.1,245,False,TOP
32,655,43.9,5.1,688,False,TOP
32,656,43.8,5.1,1296,False,TOP
32,657,43.8,5.1,1971,False,TOP
32,658,43.7,5.2,2471,False,TOP
32,659,43.7,5.2,3007,False,TOP
32,660,43.7,5.3,3421,False,TOP
32,661,43.6,5.3,3675,False,TOP
32,662,43.6,5.4,4095,False,TOP
32,663,43.6,5.5,4095,False,TOP
32,664,43.6,5.6,3234,False,TOP
32,665,43.5,5.7,2478,False,TOP
32,666,43.5,5.8,1600,False,TOP
32,667,43.5,5.9,838,False,TOP
32,668,43.7,6.0,140,False,TOP
32,669,43.7,6.0,0,False,TOP
32,670,43.8,6.1,0,False,TOP
32,671,43.8,6.1,0,False,TOP
32,672,43.9,6.1,0,False,TOP
32,673,43.9,6.1,0,False,TOP
32,674,43.8,6.2,356,False,TOP
32,675,44.0,6.2,871,False,TOP
32,676,44.0,6.2,1515,False,TOP
32,677,44.1,6.2,2141,False,TOP
32,678,44.2,6.2,2709,False,TOP
32,679,44.3,6.2,3330,False,TOP
32,680,44.4,6.2,3661,False,TOP
32,681,44.5,6.1,4095,False,TOP
32,682,44.5,6.1,4095,False,TOP
32,683,44.7,6.1,4095,False,TOP
32,684,44.6,6.1,3191,False,TOP
32,685,44.6,6.1,2240,False,TOP
32,686,44.6,6.2,1300,False,TOP
32,687,44.6,6.1,327,False,TOP
32,688,44.6,6.1,0,False,TOP
32,689,44.6,6.0,0,False,TOP
32,690,44.7,6.0,0,False,TOP
32,691,44.8,5.9,0,False,TOP
32,692,44.8,5.9,0,False,TOP
32,693,44.9,5.8,31,False,TOP
32,694,45.0,5.8,354,False,TOP
32,695,45.0,5.8,1138,False,TOP
32,696,45.1,5.9,2076,False,TOP
32,697,45.1,5.9,2930,False,TOP
32,698,45.2,5.9,3787,False,TOP
32,699,45.4,6.0,4095,False,TOP
32,700,45.4,6.0,4095,False,TOP
32,701,45.4,6.1,4095,False,TOP
32,702,45.5,6.1,4095,False,TOP
32,703,45.5,6.1,3920,False,TOP
32,704,45.7,6.1,3087,False,TOP
32,705,45.7,6.1,1959,False,TOP
32,706,45.9,6.1,1104,False,TOP
32,707,46.0,6.1,130,False,TOP
32,708,46.2,6.1,0,False,TOP
32,709,46.3,6.1,0,False,TOP
32,710,46.4,6.1,0,False,TOP
32,711,46.5,6.1,0,False,TOP
32,712,46.5,6.1,0,False,TOP
32,713,46.6,6.2,84,False,TOP
32,714,46.6,6.2,386,False,TOP
32,715,46.8,6.2,1119,False,TOP
32,716,46.7,6.2,1923,False,TOP
32,717,46.8,6.2,2665,False,TOP
32,718,46.8,6.2,3323,False,TOP
32,719,46.8,6.2,4095,False,TOP
32,720,46.8,6.1,4095,False,TOP
32,721,46.8,6.1,4095,False,TOP
32,722,46.8,6.1,4095,False,TOP
32,723,46.8,6.1,3870,False,TOP
32,724,46.7,6.1,2945,False,TOP
32,725,46.8,6.0,2173,False,TOP
33,0,1.1,-5.8,0,False,DOWN
33,1,1.1,-5.8,67,False,DOWN
33,2,0.9,-5.8,281,False,DOWN
33,3,0.8,-5.8,682,False,DOWN
33,4,0.7,-5.8,1126,False,DOWN
33,5,0.6,-5.8,1466,False,DOWN
33,6,0.5,-5.8,1792,False,DOWN
33,7,0.4,-5.8,2222,False,DOWN
33,8,0.3,-5.8,2439,False,DOWN
33,9,0.2,-5.8,2950,False,DOWN
33,10,0.1,-5.7,3286,False,DOWN
33,11,-0.0,-5.7,2873,False,DOWN
33,12,-0.2,-5.7,2368,False,DOWN
33,13,-0.3,-5.6,1791,False,DOWN
33,14,-0.4,-5.6,1213,False,DOWN
33,15,-0.5,-5.6,694,False,DOWN
33,16,-0.5,-5.6,221,False,DOWN
33,17,-0.6,-5.6,0,False,DOWN
33,18,-0.7,-5.6,0,False,DOWN
33,19,-0.7,-5.6,0,False,DOWN
33,20,-0.8,-5.6,0,False,DOWN
33,21,-0.8,-5.6,145,False,DOWN
33,22,-0.8,-5.6,391,False,DOWN
33,23,-0.9,-5.7,826,False,DOWN
33,24,-0.9,-5.7,1283,False,DOWN
33,25,-0.9,-5.8,1687,False,DOWN
33,26,-1.0,-5.7,2062,False,DOWN
33,27,-1.1,-5.7,2430,False,DOWN
33,28,-1.1,-5.7,2693,False,DOWN
33,29,-1.2,-5.7,3219,False,DOWN
33,30,-1.2,-5.7,3506,False,DOWN
33,31,-1.3,-5.7,2882,False,DOWN
33,32,-1.3,-5.7,2352,False,DOWN
33,33,-1.3,-5.7,1712,False,DOWN
33,34,-1.4,-5.8,1121,False,DOWN
33,35,-1.5,-5.8,584,False,DOWN
33,36,-1.5,-5.8,75,False,DOWN
33,37,-1.5,-5.7,0,False,DOWN
33,38,-1.5,-5.7,0,False,DOWN
33,39,-1.5,-5.8,0,False,DOWN
33,40,-1.5,-5.8,0,False,DOWN
33,41,-1.5,-5.8,125,False,DOWN
33,42,-1.6,-5.8,496,False,DOWN
33,43,-1.6,-5.8,943,False,DOWN
33,44,-1.6,-5.8,1385,False,DOWN
33,45,-1.6,-5.8,1792,False,DOWN
33,46,-1.5,-5.8,2203,False,DOWN
33,47,-1.4,-5.9,2479,False,DOWN
33,48,-1.2,-6.0,2892,False,DOWN
33,49,-1.0,-6.2,3330,False,DOWN
33,50,-0.8,-6.2,3283,False,DOWN
33,51,-0.5,-6.3,2725,False,DOWN
33,52,-0.3,-6.3,2167,False,DOWN
33,53,0.3,-6.3,1575,False,DOWN
33,54,1.0,-6.3,1010,False,DOWN
33,55,1.8,-6.4,416,False,DOWN
33,56,2.3,-6.5,0,False,DOWN
33,57,3.5,-6.4,0,False,DOWN
33,58,4.6,-6.4,0,False,DOWN
33,59,5.8,-6.3,0,False,DOWN
33,60,6.9,-6.2,17,False,DOWN
33,61,8.0,-6.0,177,False,DOWN
33,62,9.3,-5.7,634,False,DOWN
33,63,10.4,-5.6,1083,False,DOWN
33,64,11.6,-5.3,1520,False,DOWN
33,65,12.8,-5.2,1931,False,DOWN
33,66,14.0,-5.0,2372,False,DOWN
33,67,15.4,-5.0,2559,False,DOWN
33,68,16.9,-4.9,3112,False,DOWN
33,69,18.4,-4.8,3493,False,DOWN
33,70,19.9,-4.7,3171,False,DOWN
33,71,21.7,-4.6,2651,False,DOWN
33,72,23.3,-4.5,2047,False,DOWN
33,73,24.9,-4.3,1418,False,DOWN
33,74,26.7,-4.1,849,False,DOWN
33,75,28.5,-3.8,312,False,DOWN
33,76,30.2,-3.5,0,False,DOWN
33,77,31.9,-3.2,0,False,CURLING
33,78,33.5,-2.9,0,False,CURLING
33,79,35.1,-2.8,0,False,CURLING
33,80,36.7,-2.6,83,False,CURLING
33,81,38.3,-2.4,303,False,CURLING
33,82,40.0,-2.3,735,False,CURLING
33,83,41.6,-2.2,1179,False,CURLING
33,84,43.4,-2.0,1555,False,CURLING
33,85,45.2,-1.9,1909,False,CURLING
33,86,47.0,-1.8,2291,False,CURLING
33,87,48.8,-1.6,2487,False,CURLING
33,88,50.7,-1.5,2987,False,CURLING
33,89,52.6,-1.4,3311,False,CURLING
33,90,54.6,-1.3,2849,False,CURLING
33,91,56.5,-1.1,2346,False,CURLING
33,92,58.5,-0.8,1750,False,CURLING
33,93,60.2,-0.6,1161,False,CURLING
33,94,62.2,-0.0,688,False,CURLING
33,95,64.0,-0.0,190,False,CURLING
33,96,66.1,0.6,0,False,CURLING
33,97,68.2,0.8,0,False,CURLING
33,98,70.0,0.9,0,False,CURLING
33,99,71.8,1.2,0,False,CURLING
33,100,73.6,1.5,97,False,CURLING
33,101,75.5,1.7,338,False,CURLING
33,102,77.1,1.9,743,False,CURLING
33,103,78.7,2.1,1136,False,CURLING
33,104,80.4,2.3,1430,True,CURLING
33,105,81.9,2.4,1712,True,TOP
33,106,83.4,2.6,1927,True,TOP
33,107,84.9,2.8,2120,True,TOP
33,108,86.6,2.9,2542,True,TOP
33,109,88.2,3.1,2774,True,TOP
33,110,89.9,3.2,2310,True,TOP
33,111,91.3,3.3,1843,True,TOP
33,112,92.8,3.4,1307,True,TOP
33,113,94.3,3.6,781,True,TOP
33,114,95.7,3.5,364,False,TOP
33,115,97.2,3.7,0,False,TOP
33,116,98.6,3.9,0,False,TOP
33,117,99.9,4.1,0,False,TOP
33,118,101.3,4.3,0,False,TOP
33,119,102.7,4.3,0,False,TOP
33,120,104.1,4.5,112,False,TOP
33,121,105.4,4.7,373,False,TOP
33,122,106.7,4.8,695,True,TOP
33,123,107.9,4.9,1031,True,TOP
33,124,109.2,5.0,1327,True,TOP
33,125,110.3,5.2,1616,True,TOP
33,126,111.3,5.3,1833,True,TOP
33,127,112.2,5.5,2110,True,TOP
33,128,113.0,5.7,2477,True,TOP
33,129,113.7,5.8,2597,True,TOP
33,130,114.4,5.9,2207,True,TOP
33,131,115.0,5.8,1768,True,TOP
33,132,115.5,5.8,1305,True,TOP
33,133,115.9,5.8,839,True,TOP
33,134,116.3,5.7,275,False,TOP
33,135,116.6,5.6,0,False,TOP
33,136,116.9,5.6,0,False,TOP
33,137,117.3,5.5,0,False,TOP
33,138,117.6,5.4,0,False,TOP
33,139,117.9,5.4,5,False,TOP
33,140,118.2,5.4,179,False,TOP
33,141,118.5,5.3,625,True,TOP
33,142,118.8,5.3,1090,True,TOP
33,143,119.1,5.3,1472,True,TOP
33,144,119.4,5.3,1840,True,TOP
33,145,119.7,5.2,2191,True,TOP
33,146,120.0,5.3,2454,True,TOP
33,147,120.2,5.3,2906,True,TOP
33,148,120.4,5.3,3239,True,TOP
33,149,120.6,5.3,2989,True,TOP
33,150,120.8,5.3,2513,True,TOP
33,151,120.9,5.3,1863,True,TOP
33,152,121.0,5.3,1217,True,TOP
33,153,121.1,5.2,548,True,TOP
33,154,121.2,5.2,0,False,TOP
33,155,121.3,5.2,0,False,TOP
33,156,121.4,5.1,0,False,TOP
33,157,121.6,5.1,0,False,TOP
33,158,121.7,5.1,0,False,TOP
33,159,121.9,5.0,117,False,TOP
33,160,122.1,5.0,400,False,TOP
33,161,122.3,5.1,976,True,TOP
33,162,122.5,5.1,1591,True,TOP
33,163,122.6,5.1,2039,True,TOP
33,164,122.7,5.2,2547,True,TOP
33,165,122.7,5.1,3011,True,TOP
33,166,122.7,5.1,3275,True,TOP
33,167,122.6,5.1,4003,True,TOP
33,168,122.5,5.1,4095,True,TOP
33,169,122.2,4.9,3621,True,TOP
33,170,121.9,4.8,2736,True,TOP
33,171,121.3,4.8,2066,True,TOP
33,172,120.3,4.8,1207,True,TOP
33,173,119.1,4.4,291,False,TOP
33,174,118.0,4.1,0,False,TOP
33,175,116.6,3.7,0,False,TOP
33,176,114.8,3.4,0,False,TOP
33,177,113.1,3.1,0,False,TOP
33,178,111.7,2.8,0,False,TOP
33,179,110.1,2.5,173,False,TOP
33,180,108.2,2.2,503,True,TOP
33,181,106.5,1.9,1179,True,TOP
33,182,104.8,1.6,1827,True,TOP
33,183,103.2,1.5,2363,True,TOP
33,184,101.5,1.3,2842,True,TOP
33,185,99.9,0.9,3333,True,TOP
33,186,98.5,0.7,3540,True,TOP
33,187,97.2,0.6,4095,True,TOP
33,188,96.1,0.4,4095,True,TOP
33,189,95.0,0.3,3408,True,TOP
33,190,93.9,0.2,2603,True,TOP
33,191,93.0,0.2,1771,True,TOP
33,192,92.1,0.1,1002,True,TOP
33,193,91.2,0.1,256,False,TOP
33,194,90.2,0.0,0,False,TOP
33,195,89.3,0.1,0,False,TOP
33,196,88.2,0.1,0,False,TOP
33,197,87.1,0.1,0,False,TOP
33,198,86.0,0.1,0,False,TOP
33,199,84.9,0.1,217,False,TOP
33,200,83.7,0.0,594,True,TOP
33,201,82.5,0.0,1218,True,TOP
33,202,81.2,0.1,1850,True,TOP
33,203,79.4,0.1,2369,False,TOP
33,204,77.8,0.3,2839,False,TOP
33,205,76.4,0.4,3257,False,TOP
33,206,74.9,0.2,3507,False,TOP
33,207,73.2,-0.1,4095,False,TOP
33,208,71.7,-0.2,4095,False,TOP
33,209,70.4,-0.4,3286,False,TOP
33,210,69.0,-0.7,2379,False,TOP
33,211,67.7,-0.8,1685,False,TOP
33,212,66.5,-0.8,892,False,TOP
33,213,65.6,-1.0,247,False,TOP
33,214,64.8,-1.1,0,False,TOP
33,215,64.0,-1.3,0,False,TOP
33,216,63.3,-1.4,0,False,TOP
33,217,62.7,-1.4,0,False,TOP
33,218,62.3,-1.4,0,False,TOP
33,219,61.8,-1.4,262,False,TOP
33,220,61.4,-1.4,656,False,TOP
33,221,61.2,-1.3,1173,False,TOP
33,222,60.9,-1.3,1616,False,TOP
33,223,60.7,-1.3,1981,False,TOP
33,224,60.4,-1.2,2304,False,TOP
33,225,60.2,-1.2,2634,False,TOP
33,226,59.9,-1.0,2914,False,TOP
33,227,59.7,-1.0,3350,False,TOP
33,228,59.4,-0.9,3249,False,TOP
33,229,59.2,-0.9,2639,False,TOP
33,230,58.9,-0.9,1969,False,TOP
33,231,58.6,-0.9,1350,False,TOP
33,232,58.3,-0.9,715,False,TOP
33,233,58.1,-0.9,188,False,TOP
33,234,57.9,-1.0,0,False,TOP
33,235,57.6,-1.0,0,False,TOP
33,236,57.4,-1.0,0,False,TOP
33,237,57.2,-1.0,0,False,TOP
33,238,57.0,-1.0,0,False,TOP
33,239,56.8,-1.0,259,False,TOP
33,240,56.6,-1.0,714,False,TOP
33,241,56.4,-1.0,1170,False,TOP
33,242,56.3,-1.0,1591,False,TOP
33,243,56.2,-1.0,2014,False,TOP
33,244,56.0,-1.0,2366,False,TOP
33,245,55.9,-1.0,2585,False,TOP
33,246,55.8,-1.0,3030,False,TOP
33,247,55.8,-1.0,3359,False,TOP
33,248,55.8,-1.0,3239,False,TOP
33,249,55.8,-1.0,2624,False,TOP
33,250,55.8,-1.0,1904,False,TOP
33,251,55.8,-1.0,1264,False,TOP
33,252,55.9,-1.0,698,False,TOP
33,253,55.8,-1.0,176,False,TOP
33,254,56.1,-1.0,0,False,TOP
33,255,56.3,-0.9,0,False,TOP
33,256,56.6,-0.8,0,False,TOP
33,257,57.0,-0.6,0,False,TOP
33,258,57.5,-0.4,51,False,TOP
33,259,58.4,-0.2,288,False,TOP
33,260,59.1,-0.2,779,False,TOP
33,261,59.8,-0.2,1245,False,TOP
33,262,60.6,-0.2,1676,False,TOP
33,263,61.5,-0.2,2027,False,TOP
33,264,62.5,-0.0,2416,False,TOP
33,265,63.5,0.1,2615,False,TOP
33,266,64.5,0.3,3095,False,TOP
33,267,65.6,0.5,3379,False,TOP
33,268,66.7,0.6,3088,False,TOP
33,269,67.9,0.8,2544,False,TOP
33,270,69.1,1.0,1872,False,TOP
33,271,70.3,1.3,1222,False,TOP
33,272,71.6,1.5,701,False,TOP
33,273,73.0,1.7,176,False,TOP
33,274,74.3,1.9,0,False,TOP
33,275,75.6,2.0,0,False,TOP
33,276,76.9,2.4,0,False,TOP
33,277,78.2,2.7,0,False,TOP
33,278,79.6,2.9,80,False,TOP
33,279,81.0,3.2,291,False,TOP
33,280,82.3,3.3,713,True,TOP
33,281,83.7,3.6,1200,True,TOP
33,282,85.1,3.8,1610,True,TOP
33,283,86.4,3.9,1997,True,TOP
33,284,87.6,4.2,2411,True,TOP
33,285,88.9,4.4,2633,True,TOP
33,286,90.2,4.7,3083,True,TOP
33,287,91.4,4.9,3341,True,TOP
33,288,92.7,5.0,2921,True,TOP
33,289,93.9,5.1,2350,True,TOP
33,290,95.1,5.2,1755,True,TOP
33,291,96.4,5.3,1113,True,TOP
33,292,97.6,5.4,593,True,TOP
33,293,98.8,5.5,101,False,TOP
33,294,100.1,5.5,0,False,TOP
33,295,101.5,5.5,0,False,TOP
33,296,102.8,5.6,0,False,TOP
33,297,104.0,5.8,0,False,TOP
33,298,105.1,6.0,114,False,TOP
33,299,106.3,6.2,345,False,TOP
33,300,107.4,6.3,765,True,TOP
33,301,108.5,6.4,1234,True,TOP
33,302,109.5,6.5,1594,True,TOP
33,303,110.6,6.6,1945,True,TOP
33,304,111.8,6.8,2318,True,TOP
33,305,112.9,7.0,2497,True,TOP
33,306,113.9,7.1,2995,True,TOP
33,307,114.9,7.3,3249,True,TOP
33,308,115.9,7.4,2783,True,TOP
33,309,116.8,7.6,2246,True,TOP
33,310,117.6,7.8,1647,True,TOP
33,311,118.3,7.9,1021,True,TOP
33,312,119.0,8.0,547,True,TOP
33,313,119.7,8.0,66,False,TOP
33,314,120.3,8.2,0,False,TOP
33,315,120.8,8.1,0,False,TOP
33,316,121.2,8.2,0,False,TOP
33,317,121.5,8.2,0,False,TOP
33,318,121.7,8.2,119,False,TOP
33,319,122.0,8.2,373,False,TOP
33,320,122.2,8.1,822,True,TOP
33,321,122.3,8.1,1270,True,TOP
33,322,122.5,8.0,1607,True,TOP
33,323,122.8,7.9,1955,True,TOP
33,324,123.0,7.9,2337,True,TOP
33,325,123.3,7.8,2518,True,TOP
33,326,123.6,7.8,3026,True,TOP
33,327,123.8,7.8,3253,True,TOP
33,328,124.1,7.9,2753,True,TOP
33,329,124.3,7.9,2202,True,TOP
33,330,124.5,7.9,1601,True,TOP
33,331,124.7,7.9,966,True,TOP
33,332,124.9,7.9,449,False,TOP
33,333,125.0,7.9,0,False,TOP
33,334,125.2,7.9,0,False,TOP
33,335,125.3,7.9,0,False,TOP
33,336,125.4,7.9,0,False,TOP
33,337,125.5,7.9,0,False,TOP
33,338,125.6,7.9,146,False,TOP
33,339,125.7,7.9,431,False,TOP
33,340,125.9,7.8,886,True,TOP
33,341,125.9,7.8,1296,True,TOP
33,342,126.0,7.8,1678,True,TOP
33,343,126.0,7.8,2017,True,TOP
33,344,126.1,7.7,2352,True,TOP
33,345,126.1,7.7,2559,True,TOP
33,346,126.0,7.6,3059,True,TOP
33,347,126.0,7.6,3242,True,TOP
33,348,126.0,7.6,2649,True,TOP
33,349,125.8,7.6,2134,True,TOP
33,350,125.7,7.5,1473,True,TOP
33,351,125.4,7.4,895,True,TOP
33,352,125.2,7.4,394,False,TOP
33,353,124.8,7.3,0,False,TOP
33,354,124.4,7.2,0,False,TOP
33,355,123.9,7.1,0,False,TOP
33,356,123.4,7.0,0,False,TOP
33,357,122.8,6.8,0,False,TOP
33,358,122.1,6.6,204,False,TOP
33,359,121.4,6.4,493,False,TOP
33,360,120.6,6.2,948,True,TOP
33,361,119.6,5.8,1387,True,TOP
33,362,118.6,5.6,1769,True,TOP
33,363,117.6,5.3,2150,True,TOP
33,364,116.5,5.0,2448,True,TOP
33,365,115.2,4.7,2682,True,TOP
33,366,114.0,4.4,3132,True,TOP
33,367,112.7,4.2,3230,True,TOP
33,368,111.3,3.8,2682,True,TOP
33,369,109.9,3.5,2074,True,TOP
33,370,108.6,3.1,1438,True,TOP
33,371,107.0,2.8,834,True,TOP
33,372,105.6,2.6,295,False,TOP
33,373,104.2,2.5,0,False,TOP
33,374,102.9,2.3,0,False,TOP
33,375,101.3,2.1,0,False,TOP
33,376,99.6,2.0,0,False,TOP
33,377,98.2,1.9,0,False,TOP
33,378,96.9,1.8,183,False,TOP
33,379,95.5,1.6,528,True,TOP
33,380,93.8,1.5,973,True,TOP
33,381,92.0,1.3,1392,True,TOP
33,382,90.4,1.3,1779,True,TOP
33,383,88.9,1.3,2134,True,TOP
33,384,87.4,1.2,2374,True,TOP
33,385,85.6,1.1,2656,True,TOP
33,386,83.9,0.8,3088,True,TOP
33,387,82.3,0.6,3083,True,TOP
33,388,80.8,0.5,2559,True,TOP
33,389,79.2,0.4,1959,False,TOP
33,390,77.6,0.3,1351,False,TOP
33,391,76.2,0.2,784,False,TOP
33,392,74.8,0.0,263,False,TOP
33,393,73.5,-0.1,0,False,TOP
33,394,72.2,-0.2,0,False,TOP
33,395,70.9,-0.3,0,False,TOP
33,396,69.8,-0.4,0,False,TOP
33,397,68.8,-0.5,0,False,TOP
33,398,68.0,-0.6,179,False,TOP
33,399,67.1,-0.6,529,False,TOP
33,400,66.3,-0.6,991,False,TOP
33,401,65.6,-0.6,1402,False,TOP
33,402,65.0,-0.6,1776,False,TOP
33,403,64.3,-0.7,2144,False,TOP
33,404,63.7,-0.7,2373,False,TOP
33,405,63.2,-0.5,2762,False,TOP
33,406,62.7,-0.6,3089,False,TOP
33,407,62.3,-0.5,3010,False,TOP
33,408,61.7,-0.5,2524,False,TOP
33,409,61.2,-0.4,1876,False,TOP
33,410,60.8,-0.4,1253,False,TOP
33,411,60.3,-0.3,698,False,TOP
33,412,59.9,-0.3,224,False,TOP
33,413,59.4,-0.4,0,False,TOP
33,414,59.0,-0.3,0,False,TOP
33,415,58.6,-0.3,0,False,TOP
33,416,58.2,-0.4,0,False,TOP
33,417,57.9,-0.4,0,False,TOP
33,418,57.6,-0.4,203,False,TOP
33,419,57.3,-0.5,625,False,TOP
33,420,57.1,-0.5,1063,False,TOP
33,421,56.8,-0.5,1439,False,TOP
33,422,56.6,-0.5,1810,False,TOP
33,423,56.4,-0.6,2160,False,TOP
33,424,56.2,-0.6,2378,False,TOP
33,425,55.9,-0.5,2838,False,TOP
33,426,55.7,-0.5,3133,False,TOP
33,427,55.6,-0.5,2960,False,TOP
33,428,55.4,-0.5,2445,False,TOP
33,429,55.2,-0.5,1819,False,TOP
33,430,55.0,-0.5,1207,False,TOP
33,431,54.8,-0.5,688,False,TOP
33,432,54.6,-0.5,192,False,TOP
33,433,54.4,-0.5,0,False,TOP
33,434,54.3,-0.5,0,False,TOP
33,435,54.1,-0.5,0,False,TOP
33,436,53.9,-0.6,0,False,TOP
33,437,53.7,-0.6,4,False,TOP
33,438,53.6,-0.5,237,False,TOP
33,439,53.4,-0.5,670,False,TOP
33,440,53.3,-0.5,1090,False,TOP
33,441,53.3,-0.5,1456,False,TOP
33,442,53.2,-0.6,1826,False,TOP
33,443,53.2,-0.6,2211,False,TOP
33,444,53.1,-0.6,2406,False,TOP
33,445,53.2,-0.6,2848,False,TOP
33,446,53.2,-0.6,3149,False,TOP
33,447,53.3,-0.6,2911,False,TOP
33,448,53.5,-0.6,2403,False,TOP
33,449,53.7,-0.7,1760,False,TOP
33,450,54.1,-0.6,1167,False,TOP
33,451,54.4,-0.6,626,False,TOP
33,452,54.8,-0.6,126,False,TOP
33,453,55.3,-0.5,0,False,TOP
33,454,55.8,-0.4,0,False,TOP
33,455,56.2,-0.4,0,False,TOP
33,456,57.0,-0.3,0,False,TOP
33,457,57.7,-0.3,65,False,TOP
33,458,58.5,-0.2,259,False,TOP
33,459,59.3,-0.1,694,False,TOP
33,460,60.4,-0.1,1134,False,TOP
33,461,61.5,-0.1,1497,False,TOP
33,462,62.7,0.1,1840,False,TOP
33,463,64.0,0.2,2223,False,TOP
33,464,65.3,0.4,2417,False,TOP
33,465,66.6,0.6,2921,False,TOP
33,466,67.9,0.8,3135,False,TOP
33,467,69.3,1.1,2864,False,TOP
33,468,70.7,1.3,2354,False,TOP
33,469,72.0,1.6,1728,False,TOP
33,470,73.4,1.9,1122,False,TOP
33,471,74.8,2.1,598,False,TOP
33,472,76.3,2.4,89,False,TOP
33,473,77.7,2.5,0,False,TOP
33,474,79.1,2.8,0,False,TOP
33,475,80.4,3.1,0,False,TOP
33,476,81.7,3.4,0,False,TOP
33,477,83.2,3.7,112,False,TOP
33,478,84.5,4.0,352,False,TOP
33,479,85.9,4.2,763,True,TOP
33,480,87.3,4.5,1209,True,TOP
33,481,88.7,4.7,1563,True,TOP
33,482,90.0,4.8,1924,True,TOP
33,483,91.4,5.3,2256,True,TOP
33,484,92.8,5.5,2453,True,TOP
33,485,94.2,5.7,2945,True,TOP
33,486,95.6,5.9,3223,True,TOP
33,487,97.0,5.9,2775,True,TOP
33,488,98.4,6.3,2270,True,TOP
33,489,99.8,6.5,1685,True,TOP
33,490,101.1,6.6,1051,True,TOP
33,491,102.5,6.8,558,True,TOP
33,492,103.8,6.8,79,False,TOP
33,493,105.3,7.0,0,False,TOP
33,494,106.5,7.2,0,False,TOP
33,495,107.9,7.4,0,False,TOP
33,496,109.3,7.6,0,False,TOP
33,497,110.6,7.8,139,False,TOP
33,498,112.0,8.1,322,False,TOP
33,499,113.3,8.3,743,True,TOP
33,500,114.6,8.5,1167,True,TOP
33,501,115.8,8.8,1490,True,TOP
33,502,117.0,9.0,1818,True,TOP
33,503,118.0,9.1,2175,True,TOP
33,504,119.1,9.2,2359,True,TOP
33,505,120.0,9.3,2814,True,TOP
33,506,120.8,9.5,3120,True,TOP
33,507,121.6,9.5,2621,True,TOP
33,508,122.3,9.6,2179,True,TOP
33,509,122.9,9.6,1591,True,TOP
33,510,123.3,9.6,976,True,TOP
33,511,123.7,9.7,528,True,TOP
33,512,124.0,9.7,62,False,TOP
33,513,124.2,9.7,0,False,TOP
33,514,124.5,9.7,0,False,TOP
33,515,124.7,9.6,0,False,TOP
33,516,124.9,9.5,0,False,TOP
33,517,125.0,9.4,145,False,TOP
33,518,125.2,9.4,354,False,TOP
33,519,125.4,9.4,778,True,TOP
33,520,125.7,9.4,1222,True,TOP
33,521,125.9,9.4,1518,True,TOP
33,522,126.3,9.4,1876,True,TOP
33,523,126.6,9.4,2214,True,TOP
33,524,126.8,9.5,2375,True,TOP
33,525,127.1,9.6,2832,True,TOP
33,526,127.4,9.6,3089,True,TOP
33,527,127.7,9.7,2619,True,TOP
33,528,127.9,9.8,2118,True,TOP
33,529,128.1,9.8,1520,True,TOP
33,530,128.3,9.8,912,True,TOP
33,531,128.4,9.8,461,False,TOP
33,532,128.5,9.8,16,False,TOP
33,533,128.6,9.8,0,False,TOP
33,534,128.7,9.8,0,False,TOP
33,535,128.8,9.7,0,False,TOP
33,536,128.8,9.7,0,False,TOP
33,537,128.9,9.7,164,False,TOP
33,538,128.9,9.6,384,False,TOP
33,539,129.0,9.6,787,True,TOP
33,540,129.1,9.6,1227,True,TOP
33,541,129.2,9.6,1570,True,TOP
33,542,129.3,9.6,1859,True,TOP
33,543,129.4,9.6,2212,True,TOP
33,544,129.5,9.6,2401,True,TOP
33,545,129.6,9.6,2866,True,TOP
33,546,129.7,9.6,3099,True,TOP
33,547,129.8,9.7,2602,True,TOP
33,548,129.9,9.7,2083,True,TOP
33,549,129.9,9.7,1489,True,TOP
33,550,130.0,9.7,898,True,TOP
33,551,130.0,9.7,395,False,TOP
33,552,130.0,9.7,0,False,TOP
33,553,130.0,9.7,0,False,TOP
33,554,130.0,9.6,0,False,TOP
33,555,130.0,9.5,0,False,TOP
33,556,129.9,9.5,0,False,TOP
33,557,129.8,9.5,174,False,TOP
33,558,129.6,9.4,432,False,TOP
33,559,129.4,9.4,848,True,TOP
33,560,129.0,9.3,1296,True,TOP
33,561,128.5,9.2,1624,True,TOP
33,562,128.0,9.1,1951,True,TOP
33,563,127.3,8.9,2265,True,TOP
33,564,126.5,8.6,2469,True,TOP
33,565,125.5,8.5,2944,True,TOP
33,566,124.6,8.2,3163,True,TOP
33,567,123.6,7.9,2619,True,TOP
33,568,122.4,7.7,2054,True,TOP
33,569,121.0,7.3,1393,True,TOP
33,570,119.7,7.0,862,True,TOP
33,571,118.3,6.6,368,False,TOP
33,572,116.9,6.2,0,False,TOP
33,573,115.4,5.8,0,False,TOP
33,574,113.8,5.3,0,False,TOP
33,575,112.1,4.9,0,False,TOP
33,576,110.5,4.6,0,False,TOP
33,577,109.0,4.2,217,False,TOP
33,578,107.3,4.1,511,True,TOP
33,579,105.6,3.9,950,True,TOP
33,580,104.3,3.6,1350,True,TOP
33,581,102.8,3.3,1717,True,TOP
33,582,101.3,3.1,2066,True,TOP
33,583,99.8,3.0,2337,True,TOP
33,584,98.4,3.0,2554,True,TOP
33,585,97.3,2.8,3038,True,TOP
33,586,95.9,2.7,3221,True,TOP
33,587,94.2,2.5,2610,True,TOP
33,588,92.5,2.6,2034,True,TOP
33,589,91.2,2.6,1410,True,TOP
33,590,89.9,2.4,814,True,TOP
33,591,88.2,2.3,320,False,TOP
33,592,86.6,2.2,0,False,TOP
33,593,84.9,2.0,0,False,TOP
33,594,83.6,2.0,0,False,TOP
33,595,82.2,1.8,0,False,TOP
33,596,80.7,1.7,0,False,TOP
33,597,79.3,1.4,240,False,TOP
33,598,78.0,1.2,528,False,TOP
33,599,76.8,1.1,993,False,TOP
33,600,75.6,0.9,1405,False,TOP
33,601,74.3,0.8,1751,False,TOP
33,602,72.9,0.7,2118,False,TOP
33,603,71.6,0.8,2381,False,TOP
33,604,70.7,0.8,2594,False,TOP
33,605,69.5,0.6,3056,False,TOP
33,606,68.4,0.5,3170,False,TOP
33,607,67.5,0.4,2559,False,TOP
33,608,66.7,0.3,1983,False,TOP
33,609,66.0,0.2,1351,False,TOP
33,610,65.3,0.1,773,False,TOP
33,611,64.7,0.0,274,False,TOP
33,612,64.1,-0.1,0,False,TOP
33,613,63.6,-0.1,0,False,TOP
33,614,63.1,-0.1,0,False,TOP
33,615,62.6,-0.2,0,False,TOP
33,616,62.2,-0.2,0,False,TOP
33,617,61.9,-0.2,224,False,TOP
33,618,61.5,-0.2,576,False,TOP
33,619,61.1,-0.2,1014,False,TOP
33,620,60.8,-0.2,1411,False,TOP
33,621,60.5,-0.2,1801,False,TOP
33,622,60.2,-0.2,2166,False,TOP
33,623,59.9,-0.2,2357,False,TOP
33,624,59.6,-0.3,2735,False,TOP
33,625,59.4,-0.3,3095,False,TOP
33,626,59.2,-0.3,3071,False,TOP
33,627,58.9,-0.3,2532,False,TOP
33,628,58.7,-0.3,1861,False,TOP
33,629,58.5,-0.3,1326,False,TOP
33,630,58.3,-0.4,724,False,TOP
33,631,58.1,-0.4,206,False,TOP
33,632,58.0,-0.4,0,False,TOP
33,633,57.8,-0.4,0,False,TOP
33,634,57.7,-0.4,0,False,TOP
33,635,57.5,-0.4,0,False,TOP
33,636,57.4,-0.5,0,False,TOP
33,637,57.3,-0.4,191,False,TOP
33,638,57.1,-0.4,635,False,TOP
33,639,57.0,-0.4,1054,False,TOP
33,640,56.9,-0.4,1447,False,TOP
33,641,56.8,-0.4,1821,False,TOP
33,642,56.7,-0.4,2201,False,TOP
33,643,56.6,-0.4,2416,False,TOP
33,644,56.6,-0.4,2811,False,TOP
33,645,56.6,-0.4,3127,False,TOP
33,646,56.7,-0.4,2995,False,TOP
33,647,56.7,-0.4,2503,False,TOP
33,648,56.8,-0.4,1884,False,TOP
33,649,56.9,-0.4,1261,False,TOP
33,650,57.0,-0.4,721,False,TOP
33,651,57.2,-0.3,209,False,TOP
33,652,57.6,-0.3,0,False,TOP
33,653,58.1,-0.2,0,False,TOP
33,654,58.8,-0.0,0,False,TOP
33,655,59.6,0.2,0,False,TOP
33,656,60.5,0.1,61,False,TOP
33,657,61.4,0.3,234,False,TOP
33,658,62.3,0.4,678,False,TOP
33,659,63.3,0.6,1118,False,TOP
33,660,64.5,0.7,1471,False,TOP
33,661,65.6,1.0,1857,False,TOP
33,662,66.7,1.2,2235,False,TOP
33,663,68.0,1.4,2447,False,TOP
33,664,69.4,1.6,2877,False,TOP
33,665,70.6,1.8,3175,False,TOP
33,666,72.1,2.1,2975,False,TOP
33,667,73.5,2.3,2495,False,TOP
33,668,74.9,2.6,1843,False,TOP
33,669,76.3,2.9,1252,False,TOP
33,670,77.8,3.1,684,False,TOP
33,671,79.3,3.4,198,False,TOP
33,672,80.7,3.7,0,False,TOP
33,673,82.3,3.9,0,False,TOP
33,674,83.8,4.2,0,False,TOP
33,675,85.4,4.5,0,False,TOP
33,676,87.0,4.8,93,False,TOP
33,677,88.8,5.1,256,False,TOP
33,678,90.6,5.3,716,True,TOP
33,679,92.4,5.5,1171,True,TOP
33,680,94.2,5.9,1535,True,TOP
33,681,95.9,6.1,1884,True,TOP
33,682,97.4,6.5,2308,True,TOP
33,683,99.4,6.8,2501,True,TOP
33,684,101.2,7.2,2972,True,TOP
33,685,103.0,7.6,3234,True,TOP
33,686,104.8,8.0,2962,True,TOP
33,687,106.6,8.4,2465,True,TOP
33,688,108.3,8.6,1841,True,TOP
33,689,109.8,8.9,1200,True,TOP
33,690,111.4,9.1,656,True,TOP
33,691,113.0,9.4,130,False,TOP
33,692,114.5,9.5,0,False,TOP
33,693,115.8,9.6,0,False,TOP
33,694,117.1,9.7,0,False,TOP
33,695,118.4,9.7,0,False,TOP
33,696,119.5,9.8,102,False,TOP
33,697,120.7,9.9,320,False,TOP
33,698,121.6,10.0,731,True,TOP
33,699,122.4,10.2,1179,True,TOP
33,700,122.8,10.3,1535,True,TOP
33,701,123.1,10.3,1901,True,TOP
33,702,123.3,10.3,2294,True,TOP
33,703,123.4,10.2,2487,True,TOP
33,704,123.5,10.1,2992,True,TOP
33,705,123.7,9.9,3246,True,TOP
33,706,124.0,9.7,2880,True,TOP
33,707,124.2,9.6,2352,True,TOP
33,708,124.6,9.6,1729,True,TOP
33,709,124.9,9.7,1065,True,TOP
33,710,125.3,9.7,578,True,TOP
33,711,125.6,9.8,105,False,TOP
33,712,125.9,9.8,0,False,TOP
33,713,126.2,9.9,0,False,TOP
33,714,126.4,9.9,0,False,TOP
33,715,126.6,9.9,0,False,TOP
33,716,126.8,9.9,145,False,TOP
33,717,127.0,9.9,336,False,TOP
33,718,127.2,9.9,741,True,TOP
33,719,127.4,9.9,1199,True,TOP
33,720,127.6,10.0,1535,True,TOP
33,721,127.7,10.0,1939,True,TOP
33,722,127.8,9.9,2290,True,TOP
33,723,127.9,10.0,2439,True,TOP
33,724,128.0,9.9,2958,True,TOP
33,725,128.2,9.9,3231,True,TOP
33,726,128.3,9.9,2753,True,TOP
33,727,128.4,9.9,2238,True,TOP
33,728,128.5,9.9,1633,True,TOP
33,729,128.5,9.9,1037,True,TOP
33,730,128.6,9.8,541,True,TOP
33,731,128.6,9.9,64,False,TOP
33,732,128.7,9.8,0,False,TOP
33,733,128.7,9.9,0,False,TOP
33,734,128.7,9.8,0,False,TOP
33,735,128.7,9.9,0,False,TOP
33,736,128.7,9.9,163,False,TOP
33,737,128.6,10.0,383,False,TOP
33,738,128.4,10.1,809,True,TOP
33,739,128.2,10.0,1249,True,TOP
33,740,128.0,9.9,1598,True,TOP
33,741,127.8,9.7,1935,True,TOP
33,742,127.6,9.7,2375,True,TOP
33,743,127.4,9.7,2551,True,TOP
33,744,127.4,9.7,3051,True,TOP
33,745,127.2,9.6,3325,True,TOP
33,746,127.2,9.7,2791,True,TOP
33,747,127.0,9.7,2230,True,TOP
33,748,126.7,9.6,1612,True,TOP
33,749,126.4,9.6,1002,True,TOP
33,750,125.8,9.5,464,False,TOP
33,751,124.9,9.3,13,False,TOP
33,752,123.6,9.2,0,False,TOP
33,753,122.1,8.8,0,False,TOP
33,754,120.4,8.4,0,False,TOP
33,755,118.5,8.2,0,False,TOP
33,756,116.3,7.5,221,False,TOP
33,757,114.0,7.0,462,False,TOP
33,758,111.7,6.5,929,True,TOP
33,759,109.4,6.1,1403,True,TOP
33,760,107.1,5.6,1753,True,TOP
33,761,105.1,5.2,2102,True,TOP
33,762,103.3,4.9,2389,True,TOP
33,763,101.9,4.6,2587,True,TOP
33,764,100.6,4.2,3042,True,TOP
33,765,99.3,3.9,3280,True,TOP
33,766,98.0,3.7,2673,True,TOP
33,767,96.8,3.7,2128,True,TOP
33,768,95.8,3.7,1487,True,TOP
33,769,94.6,3.6,847,True,TOP
33,770,92.9,3.5,357,False,TOP
33,771,91.1,3.5,0,False,TOP
33,772,89.4,3.5,0,False,TOP
33,773,87.9,3.4,0,False,TOP
33,774,86.0,3.3,0,False,TOP
33,775,84.0,3.3,0,False,TOP
33,776,82.3,3.3,217,False,TOP
33,777,80.8,3.1,504,True,TOP
33,778,79.2,2.7,960,False,TOP
33,779,77.5,2.5,1385,False,TOP
33,780,75.8,2.3,1721,False,TOP
33,781,74.3,2.1,2065,False,TOP
33,782,73.1,2.0,2349,False,TOP
33,783,71.7,1.8,2555,False,TOP
33,784,70.4,1.6,3019,False,TOP
33,785,69.3,1.5,3155,False,TOP
33,786,68.4,1.3,2581,False,TOP
33,787,67.7,1.1,2025,False,TOP
33,788,66.8,1.0,1392,False,TOP
33,789,66.1,1.0,779,False,TOP
33,790,65.7,0.8,357,False,TOP
33,791,65.2,0.8,0,False,TOP
33,792,64.8,0.8,0,False,TOP
33,793,64.3,0.9,0,False,TOP
33,794,64.0,0.9,0,False,TOP
33,795,63.6,1.0,0,False,TOP
33,796,63.3,1.1,183,False,TOP
33,797,63.0,1.2,537,False,TOP
33,798,62.6,1.2,1055,False,TOP
33,799,62.3,1.3,1648,False,TOP
33,800,61.9,1.3,2178,False,TOP
33,801,61.5,1.3,2691,False,TOP
33,802,61.2,1.3,3059,False,TOP
33,803,60.9,1.2,3398,False,TOP
33,804,60.6,1.2,4095,False,TOP
33,805,60.4,1.1,4095,False,TOP
33,806,60.2,1.1,3186,False,TOP
33,807,60.1,1.0,2471,False,TOP
33,808,59.9,1.0,1424,False,TOP
33,809,59.7,1.0,684,False,TOP
33,810,59.5,1.0,121,False,TOP
33,811,59.3,1.0,0,False,TOP
33,812,59.0,1.0,0,False,TOP
33,813,58.8,1.0,0,False,TOP
33,814,58.6,1.0,0,False,TOP
33,815,58.4,1.0,0,False,TOP
33,816,58.1,1.0,291,False,TOP
33,817,57.9,1.0,768,False,TOP
33,818,57.8,1.0,1414,False,TOP
33,819,57.6,1.0,2007,False,TOP
33,820,57.5,0.9,2558,False,TOP
33,821,57.3,1.0,3038,False,TOP
33,822,57.2,0.9,3356,False,TOP
33,823,57.1,1.0,3807,False,TOP
33,824,57.0,1.0,4095,False,TOP
33,825,56.9,1.0,3902,False,TOP
33,826,56.8,1.0,3153,False,TOP
33,827,56.7,1.0,2241,False,TOP
33,828,56.7,1.0,1268,False,TOP
33,829,56.6,1.0,614,False,TOP
33,830,56.5,1.0,25,False,TOP
33,831,56.5,1.0,0,False,TOP
33,832,56.5,1.0,0,False,TOP
33,833,56.5,0.9,0,False,TOP
33,834,56.5,0.9,0,False,TOP
33,835,56.4,0.9,28,False,TOP
33,836,56.4,1.0,291,False,TOP
33,837,56.3,1.0,848,False,TOP
33,838,56.2,1.0,1450,False,TOP
33,839,56.1,1.0,2001,False,TOP
33,840,56.0,1.0,2559,False,TOP
33,841,55.9,1.0,3070,False,TOP
33,842,55.8,1.0,3302,False,TOP
33,843,55.7,1.0,3797,False,TOP
33,844,55.6,0.9,4095,False,TOP
33,845,55.6,0.9,3518,False,TOP
33,846,55.5,0.9,2958,False,TOP
33,847,55.4,0.9,2235,False,TOP
33,848,55.3,0.9,1302,False,TOP
33,849,55.3,0.9,496,False,TOP
33,850,55.2,0.9,0,False,TOP
33,851,55.2,1.0,0,False,TOP
33,852,55.1,1.0,0,False,TOP
33,853,55.0,1.0,0,False,TOP
33,854,55.0,0.9,0,False,TOP
33,855,54.9,0.9,63,False,TOP
33,856,54.9,0.9,304,False,TOP
33,857,54.9,0.9,905,False,TOP
33,858,54.9,0.9,1503,False,TOP
33,859,54.9,0.9,1990,False,TOP
33,860,54.8,0.9,2467,False,TOP
33,861,54.8,0.9,2945,False,TOP
33,862,54.7,0.9,3189,False,TOP
33,863,54.7,0.9,3754,False,TOP
33,864,54.7,0.9,4022,False,TOP
33,865,54.6,0.9,3518,False,TOP
33,866,54.6,0.8,2785,False,TOP
33,867,54.6,0.8,2090,False,TOP
33,868,54.5,0.8,1383,False,TOP
33,869,54.5,0.8,746,False,TOP
33,870,54.4,0.8,165,False,TOP
33,871,54.3,0.8,0,False,TOP
33,872,54.3,0.8,0,False,TOP
33,873,54.2,0.7,0,False,TOP
33,874,54.2,0.7,0,False,TOP
33,875,54.1,0.7,78,False,TOP
33,876,54.1,0.7,320,False,TOP
33,877,54.1,0.6,779,False,TOP
33,878,54.0,0.6,1264,False,TOP
33,879,54.0,0.6,1681,False,TOP
33,880,53.9,0.6,2091,False,TOP
33,881,53.9,0.6,2497,False,TOP
33,882,53.8,0.6,2694,False,TOP
33,883,53.8,0.6,3198,False,TOP
34,0,-2.4,-7.1,1515,False,DOWN
34,1,-2.4,-7.1,1887,False,DOWN
34,2,-2.5,-7.1,2252,False,DOWN
34,3,-2.5,-7.0,2463,False,DOWN
34,4,-2.5,-7.0,2939,False,DOWN
34,5,-2.5,-7.0,3217,False,DOWN
34,6,-2.6,-7.0,2774,False,DOWN
34,7,-2.6,-6.9,2278,False,DOWN
34,8,-2.3,-6.9,1687,False,DOWN
34,9,-2.5,-7.0,1074,False,DOWN
34,10,-2.5,-6.9,591,False,DOWN
34,11,-2.5,-7.0,156,False,DOWN
34,12,-2.5,-7.0,0,False,DOWN
34,13,-2.4,-7.0,0,False,DOWN
34,14,-2.3,-7.1,0,False,DOWN
34,15,-2.3,-7.1,0,False,DOWN
34,16,-2.2,-7.2,101,False,DOWN
34,17,-2.1,-7.2,368,False,DOWN
34,18,-1.9,-7.3,803,False,DOWN
34,19,-1.7,-7.3,1254,False,DOWN
34,20,-1.5,-7.4,1616,False,DOWN
34,21,-1.3,-7.4,1967,False,DOWN
34,22,-1.1,-7.4,2309,False,DOWN
34,23,-0.8,-7.4,2544,False,DOWN
34,24,-0.7,-7.4,3056,False,DOWN
34,25,-0.5,-7.2,3334,False,DOWN
34,26,-0.2,-7.2,2819,False,DOWN
34,27,-0.0,-7.1,2320,False,DOWN
34,28,0.3,-7.0,1706,False,DOWN
34,29,0.6,-6.9,1070,False,DOWN
34,30,0.7,-6.8,552,False,DOWN
34,31,1.1,-6.8,32,False,DOWN
34,32,1.3,-6.7,0,False,DOWN
34,33,1.5,-6.7,0,False,DOWN
34,34,1.9,-6.7,0,False,DOWN
34,35,2.0,-6.7,0,False,DOWN
34,36,2.3,-6.6,144,False,DOWN
34,37,2.7,-6.6,444,False,DOWN
34,38,3.0,-6.6,886,False,DOWN
34,39,3.3,-6.6,1310,False,DOWN
34,40,3.8,-6.6,1678,False,DOWN
34,41,4.4,-6.5,2086,False,DOWN
34,42,5.1,-6.5,2391,False,DOWN
34,43,5.9,-6.5,2643,False,DOWN
34,44,6.5,-6.4,3168,False,DOWN
34,45,7.3,-6.3,3328,False,DOWN
34,46,8.2,-6.1,2757,False,DOWN
34,47,9.1,-6.0,2185,False,DOWN
34,48,9.9,-5.9,1598,False,DOWN
34,49,11.0,-5.8,977,False,DOWN
34,50,12.0,-5.7,438,False,DOWN
34,51,13.1,-5.6,0,False,DOWN
34,52,14.1,-5.5,0,False,DOWN
34,53,15.2,-5.4,0,False,DOWN
34,54,16.4,-5.3,0,False,DOWN
34,55,17.6,-5.2,0,False,DOWN
34,56,18.8,-5.1,184,False,DOWN
34,57,20.0,-4.9,557,False,DOWN
34,58,21.3,-4.8,1057,False,DOWN
34,59,22.6,-4.7,1488,False,DOWN
34,60,23.9,-4.7,1910,False,DOWN
34,61,25.3,-4.6,2303,False,DOWN
34,62,26.6,-4.5,2544,False,DOWN
34,63,27.9,-4.4,2904,False,DOWN
34,64,29.2,-4.2,3311,False,DOWN
34,65,30.5,-3.9,3309,False,DOWN
34,66,31.7,-3.7,2764,False,CURLING
34,67,32.9,-3.6,2081,False,CURLING
34,68,34.1,-3.4,1462,False,CURLING
34,69,35.4,-3.2,881,False,CURLING
34,70,36.6,-3.1,322,False,CURLING
34,71,37.9,-3.1,0,False,CURLING
34,72,39.1,-2.9,0,False,CURLING
34,73,40.4,-2.9,0,False,CURLING
34,74,41.8,-2.8,0,False,CURLING
34,75,43.1,-2.7,7,False,CURLING
34,76,44.4,-2.6,205,False,CURLING
34,77,45.8,-2.4,617,False,CURLING
34,78,47.2,-2.3,1059,False,CURLING
34,79,48.5,-2.1,1478,False,CURLING
34,80,50.0,-2.1,1877,False,CURLING
34,81,51.4,-1.8,2288,False,CURLING
34,82,52.9,-1.5,2514,False,CURLING
34,83,54.2,-1.5,2948,False,CURLING
34,84,55.6,-1.3,3296,False,CURLING
34,85,57.0,-1.1,3097,False,CURLING
34,86,58.4,-1.0,2660,False,CURLING
34,87,59.9,-0.7,1954,False,CURLING
34,88,61.3,-0.6,1351,False,CURLING
34,89,62.6,-0.4,802,False,CURLING
34,90,63.9,-0.3,304,False,CURLING
34,91,65.2,-0.1,0,False,CURLING
34,92,66.5,0.1,0,False,CURLING
34,93,67.9,0.3,0,False,CURLING
34,94,69.3,0.5,0,False,CURLING
34,95,70.7,0.7,48,False,CURLING
34,96,72.0,0.7,230,False,CURLING
34,97,73.4,0.8,652,False,CURLING
34,98,74.9,0.9,1106,False,CURLING
34,99,76.3,1.0,1484,False,CURLING
34,100,77.8,1.2,1836,False,CURLING
34,101,79.1,1.3,2183,False,CURLING
34,102,80.5,1.5,2367,True,CURLING
34,103,81.8,1.7,2854,True,TOP
34,104,83.2,1.8,3122,True,TOP
34,105,84.7,2.0,2837,True,TOP
34,106,86.1,2.1,2349,True,TOP
34,107,88.0,2.3,1779,True,TOP
34,108,89.6,2.3,1175,True,TOP
34,109,90.9,2.5,662,True,TOP
34,110,92.3,2.7,177,False,TOP
34,111,93.7,2.8,0,False,TOP
34,112,94.9,2.9,0,False,TOP
34,113,96.2,3.2,0,False,TOP
34,114,97.5,3.4,0,False,TOP
34,115,98.8,3.7,79,False,TOP
34,116,100.0,3.8,277,False,TOP
34,117,101.1,4.0,675,True,TOP
34,118,102.3,4.2,1101,True,TOP
34,119,103.4,4.3,1439,True,TOP
34,120,104.6,4.5,1789,True,TOP
34,121,105.7,4.7,2149,True,TOP
34,122,106.9,4.8,2323,True,TOP
34,123,108.1,4.9,2767,True,TOP
34,124,109.4,5.0,3070,True,TOP
34,125,110.7,5.3,2703,True,TOP
34,126,112.0,5.5,2253,True,TOP
34,127,113.1,5.6,1673,True,TOP
34,128,114.0,5.9,1083,True,TOP
34,129,115.0,6.1,605,True,TOP
34,130,116.0,6.1,131,False,TOP
34,131,116.9,6.2,0,False,TOP
34,132,117.7,6.3,0,False,TOP
34,133,118.4,6.4,0,False,TOP
34,134,119.1,6.4,0,False,TOP
34,135,119.6,6.5,118,False,TOP
34,136,120.1,6.4,296,False,TOP
34,137,120.6,6.5,715,True,TOP
34,138,121.0,6.5,1143,True,TOP
34,139,121.4,6.5,1452,True,TOP
34,140,121.7,6.5,1797,True,TOP
34,141,122.0,6.5,2125,True,TOP
34,142,122.3,6.5,2309,True,TOP
34,143,122.6,6.5,2779,True,TOP
34,144,122.9,6.4,3081,True,TOP
34,145,123.3,6.4,2617,True,TOP
34,146,123.6,6.4,2164,True,TOP
34,147,123.9,6.4,1583,True,TOP
34,148,124.2,6.5,1018,True,TOP
34,149,124.4,6.5,522,True,TOP
34,150,124.7,6.5,87,False,TOP
34,151,124.8,6.5,0,False,TOP
34,152,124.9,6.5,0,False,TOP
34,153,125.0,6.5,0,False,TOP
34,154,124.9,6.5,0,False,TOP
34,155,124.7,6.5,130,False,TOP
34,156,124.6,6.4,346,False,TOP
34,157,124.4,6.3,756,True,TOP
34,158,124.1,6.3,1171,True,TOP
34,159,123.7,6.2,1519,True,TOP
34,160,123.3,6.0,1838,True,TOP
34,161,123.0,5.7,2166,True,TOP
34,162,122.5,5.6,2373,True,TOP
34,163,121.9,5.5,2860,True,TOP
34,164,121.4,5.3,3092,True,TOP
34,165,120.8,5.2,2611,True,TOP
34,166,120.1,5.0,2103,True,TOP
34,167,119.5,4.8,1520,True,TOP
34,168,118.7,4.6,961,True,TOP
34,169,118.0,4.4,464,False,TOP
34,170,117.1,4.2,2,False,TOP
34,171,116.2,4.0,0,False,TOP
34,172,115.4,3.8,0,False,TOP
34,173,114.5,3.7,0,False,TOP
34,174,113.6,3.5,0,False,TOP
34,175,112.6,3.1,146,False,TOP
34,176,111.4,2.9,425,False,TOP
34,177,110.3,2.6,832,True,TOP
34,178,109.2,2.4,1265,True,TOP
34,179,108.1,2.3,1627,True,TOP
34,180,107.1,2.2,1954,True,TOP
34,181,106.0,2.1,2250,True,TOP
34,182,105.0,1.8,2465,True,TOP
34,183,104.0,1.7,2943,True,TOP
34,184,102.9,1.7,3109,True,TOP
34,185,102.0,1.5,2585,True,TOP
34,186,101.1,1.4,2053,True,TOP
34,187,100.1,1.1,1457,True,TOP
34,188,99.0,1.0,893,True,TOP
34,189,97.9,1.0,385,False,TOP
34,190,96.8,0.8,0,False,TOP
34,191,95.8,0.9,0,False,TOP
34,192,94.6,0.7,0,False,TOP
34,193,93.5,0.7,0,False,TOP
34,194,92.3,0.6,0,False,TOP
34,195,91.3,0.5,180,False,TOP
34,196,90.2,0.4,497,False,TOP
34,197,89.0,0.3,912,True,TOP
34,198,87.8,0.2,1302,True,TOP
34,199,86.7,0.1,1695,True,TOP
34,200,85.6,-0.1,2037,True,TOP
34,201,84.5,-0.3,2288,True,TOP
34,202,83.3,-0.4,2608,True,TOP
34,203,82.3,-0.6,3016,True,TOP
34,204,81.2,-0.7,3050,True,TOP
34,205,80.1,-0.8,2545,True,TOP
34,206,79.0,-0.9,1970,False,TOP
34,207,78.0,-1.1,1362,False,TOP
34,208,76.8,-1.1,837,False,TOP
34,209,75.8,-1.1,322,False,TOP
34,210,74.8,-1.3,0,False,TOP
34,211,73.8,-1.5,0,False,TOP
34,212,72.9,-1.5,0,False,TOP
34,213,72.2,-1.7,0,False,TOP
34,214,71.3,-1.7,0,False,TOP
34,215,70.5,-1.8,176,False,TOP
34,216,69.7,-1.8,558,False,TOP
34,217,68.8,-1.8,959,False,TOP
34,218,68.0,-1.8,1354,False,TOP
34,219,67.1,-1.9,1730,False,TOP
34,220,66.3,-1.9,2111,False,TOP
34,221,65.5,-2.0,2326,False,TOP
34,222,64.8,-2.0,2727,False,TOP
34,223,64.1,-2.1,3051,False,TOP
34,224,63.4,-2.2,2960,False,TOP
34,225,62.8,-2.3,2525,False,TOP
34,226,62.1,-2.3,1897,False,TOP
34,227,61.5,-2.3,1295,False,TOP
34,228,60.8,-2.3,776,False,TOP
34,229,60.3,-2.4,266,False,TOP
34,230,59.8,-2.5,0,False,TOP
34,231,59.3,-2.6,0,False,TOP
34,232,58.9,-2.6,0,False,TOP
34,233,58.4,-2.6,0,False,TOP
34,234,57.9,-2.6,35,False,TOP
34,235,57.5,-2.6,144,False,TOP
34,236,57.1,-2.6,622,False,TOP
34,237,56.5,-2.7,1043,False,TOP
34,238,56.0,-2.8,1398,False,TOP
34,239,55.7,-2.8,1758,False,TOP
34,240,55.4,-2.8,2149,False,TOP
34,241,54.9,-2.9,2333,False,TOP
34,242,54.8,-2.9,2785,False,TOP
34,243,54.6,-3.0,3069,False,TOP
34,244,54.4,-3.0,2873,False,TOP
34,245,54.3,-3.1,2414,False,TOP
34,246,54.2,-3.1,1821,False,TOP
34,247,54.1,-3.1,1209,False,TOP
34,248,54.1,-3.1,688,False,TOP
34,249,54.1,-3.1,192,False,TOP
34,250,54.2,-3.1,0,False,TOP
34,251,54.3,-3.1,0,False,TOP
34,252,54.4,-3.1,0,False,TOP
34,253,54.7,-3.2,0,False,TOP
34,254,55.0,-3.2,48,False,TOP
34,255,55.5,-3.3,240,False,TOP
34,256,56.1,-3.3,649,False,TOP
34,257,56.9,-3.4,1082,False,TOP
34,258,57.8,-3.4,1467,False,TOP
34,259,58.8,-3.4,1792,False,TOP
34,260,59.9,-3.2,2151,False,TOP
34,261,61.1,-3.1,2360,False,TOP
34,262,62.4,-2.9,2815,False,TOP
34,263,63.7,-2.6,3120,False,TOP
34,264,65.0,-2.4,2792,False,TOP
34,265,66.3,-2.1,2342,False,TOP
34,266,67.6,-1.9,1763,False,TOP
34,267,68.9,-1.7,1162,False,TOP
34,268,70.1,-1.4,656,False,TOP
34,269,71.2,-1.1,176,False,TOP
34,270,72.4,-0.9,0,False,TOP
34,271,73.5,-0.7,0,False,TOP
34,272,74.8,-0.5,0,False,TOP
34,273,76.1,-0.5,0,False,TOP
34,274,77.5,-0.5,64,False,TOP
34,275,78.9,-0.4,289,False,TOP
34,276,80.5,-0.2,679,True,TOP
34,277,82.0,-0.1,1108,True,TOP
34,278,83.5,0.0,1456,True,TOP
34,279,85.0,0.2,1775,True,TOP
34,280,86.5,0.3,2130,True,TOP
34,281,88.0,0.5,2314,True,TOP
34,282,89.4,0.8,2770,True,TOP
34,283,90.8,1.0,3056,True,TOP
34,284,91.9,1.0,2689,True,TOP
34,285,93.3,1.3,2251,True,TOP
34,286,94.6,1.3,1662,True,TOP
34,287,96.1,1.1,1071,True,TOP
34,288,97.6,1.3,588,True,TOP
34,289,99.0,1.4,140,False,TOP
34,290,100.6,1.6,0,False,TOP
34,291,101.9,1.6,0,False,TOP
34,292,103.4,1.8,0,False,TOP
34,293,104.8,2.0,0,False,TOP
34,294,106.3,2.2,97,False,TOP
34,295,107.6,2.4,276,False,TOP
34,296,109.0,2.6,679,True,TOP
34,297,110.1,2.7,1088,True,TOP
34,298,111.3,2.8,1408,True,TOP
34,299,112.3,2.9,1744,True,TOP
34,300,113.4,3.0,2063,True,TOP
34,301,114.5,3.0,2256,True,TOP
34,302,115.6,3.0,2721,True,TOP
34,303,116.7,2.9,2991,True,TOP
34,304,117.7,2.8,2593,True,TOP
34,305,118.7,3.0,2143,True,TOP
34,306,119.5,3.1,1574,True,TOP
34,307,120.3,3.3,999,True,TOP
34,308,120.8,3.3,535,True,TOP
34,309,121.2,3.4,83,False,TOP
34,310,121.5,3.5,0,False,TOP
34,311,121.7,3.5,0,False,TOP
34,312,121.7,3.4,0,False,TOP
34,313,121.7,3.2,0,False,TOP
34,314,121.7,3.1,119,False,TOP
34,315,121.7,2.9,312,False,TOP
34,316,121.8,2.8,713,True,TOP
34,317,121.9,2.8,1134,True,TOP
34,318,122.0,2.8,1466,True,TOP
34,319,122.2,2.8,1776,True,TOP
34,320,122.4,2.8,2095,True,TOP
34,321,122.6,2.9,2299,True,TOP
34,322,122.8,2.9,2767,True,TOP
34,323,123.0,3.0,3018,True,TOP
34,324,123.1,3.1,2549,True,TOP
34,325,123.1,3.1,2096,True,TOP
34,326,123.1,3.1,1514,True,TOP
34,327,123.0,3.0,946,True,TOP
34,328,122.8,3.0,477,False,TOP
34,329,122.6,2.9,45,False,TOP
34,330,122.2,2.9,0,False,TOP
34,331,121.7,2.8,0,False,TOP
34,332,121.1,2.7,0,False,TOP
34,333,120.4,2.5,0,False,TOP
34,334,119.6,2.4,149,False,TOP
34,335,118.5,2.3,381,False,TOP
34,336,117.1,2.2,788,True,TOP
34,337,116.1,2.2,1200,True,TOP
34,338,114.7,1.9,1535,True,TOP
34,339,112.9,1.7,1887,True,TOP
34,340,111.1,1.4,2203,True,TOP
34,341,109.5,1.0,2409,True,TOP
34,342,107.9,0.4,2895,True,TOP
34,343,106.1,0.0,3126,True,TOP
34,344,104.3,-0.2,2608,True,TOP
34,345,102.6,-0.2,2101,True,TOP
34,346,100.7,-0.4,1520,True,TOP
34,347,98.9,-0.6,924,True,TOP
34,348,96.9,-0.8,439,False,TOP
34,349,94.9,-0.9,0,False,TOP
34,350,92.7,-1.2,0,False,TOP
34,351,90.5,-1.3,0,False,TOP
34,352,88.4,-1.2,0,False,TOP
34,353,86.2,-1.4,0,False,TOP
34,354,83.9,-1.5,149,False,TOP
34,355,82.0,-1.4,432,False,TOP
34,356,80.3,-1.5,861,True,TOP
34,357,78.6,-1.7,1287,False,TOP
34,358,77.0,-2.1,1647,False,TOP
34,359,75.6,-2.2,1970,False,TOP
34,360,74.2,-2.2,2257,False,TOP
34,361,72.8,-2.2,2481,False,TOP
34,362,71.3,-2.2,2966,False,TOP
34,363,69.8,-2.2,3149,False,TOP
34,364,68.5,-2.1,2591,False,TOP
34,365,66.8,-2.2,2070,False,TOP
34,366,65.3,-2.2,1473,False,TOP
34,367,63.5,-2.2,897,False,TOP
34,368,62.3,-2.2,421,False,TOP
34,369,61.1,-2.3,0,False,TOP
34,370,60.0,-2.5,0,False,TOP
34,371,59.1,-2.5,0,False,TOP
34,372,58.0,-2.5,0,False,TOP
34,373,57.2,-2.5,0,False,TOP
34,374,56.1,-2.5,165,False,TOP
34,375,60.6,-2.3,462,False,TOP
34,376,60.2,-2.1,891,False,TOP
34,377,59.9,-2.2,1301,False,TOP
34,378,59.0,-2.1,1666,False,TOP
34,379,58.0,-2.1,2011,False,TOP
34,380,58.1,-2.0,2285,False,TOP
34,381,57.8,-2.0,2508,False,TOP
34,382,57.1,-2.1,3018,False,TOP
34,383,57.0,-2.1,3113,False,TOP
34,384,55.8,-2.1,2559,False,TOP
34,385,55.3,-2.1,2033,False,TOP
34,386,54.8,-2.1,1441,False,TOP
34,387,54.3,-2.1,863,False,TOP
34,388,53.9,-2.0,369,False,TOP
34,389,53.5,-2.0,0,False,TOP
34,390,54.0,-2.0,0,False,TOP
34,391,54.3,-1.9,0,False,TOP
34,392,55.0,-1.9,0,False,TOP
34,393,51.9,-1.8,0,False,TOP
34,394,51.6,-1.8,165,False,TOP
34,395,48.3,-1.9,467,False,TOP
34,396,48.1,-1.9,900,False,TOP
34,397,48.1,-1.9,1312,False,TOP
34,398,47.9,-2.0,1663,False,TOP
34,399,47.7,-2.0,2018,False,TOP
34,400,44.4,-2.1,2263,False,TOP
34,401,44.4,-2.1,2529,False,TOP
34,402,44.5,-2.1,3013,False,TOP
34,403,44.4,-2.1,3046,False,TOP
34,404,44.3,-2.2,2541,False,TOP
34,405,43.6,-2.2,1973,False,TOP
34,406,43.8,-2.2,1391,False,TOP
34,407,44.3,-2.2,811,False,TOP
34,408,44.1,-2.2,341,False,TOP
34,409,44.6,-2.2,0,False,TOP
34,410,44.7,-2.2,0,False,TOP
34,411,45.3,-2.3,0,False,TOP
34,412,45.7,-2.4,0,False,TOP
34,413,46.3,-2.5,0,False,TOP
34,414,47.0,-2.5,178,False,TOP
34,415,47.7,-2.5,483,False,TOP
34,416,48.5,-2.4,910,False,TOP
34,417,49.4,-2.3,1299,False,TOP
34,418,50.4,-2.2,1661,False,TOP
34,419,51.4,-2.1,2007,False,TOP
34,420,52.5,-2.0,2262,False,TOP
34,421,53.6,-1.7,2581,False,TOP
34,422,54.8,-1.6,2974,False,TOP
34,423,56.0,-1.4,3018,False,TOP
34,424,57.2,-1.2,2550,False,TOP
34,425,58.6,-0.9,1968,False,TOP
34,426,59.8,-0.6,1392,False,TOP
34,427,61.2,-0.5,816,False,TOP
34,428,62.5,-0.4,325,False,TOP
34,429,63.9,-0.1,0,False,TOP
34,430,65.4,0.0,0,False,TOP
34,431,66.7,0.2,0,False,TOP
34,432,68.2,0.3,0,False,TOP
34,433,69.8,0.5,0,False,TOP
34,434,71.6,0.7,144,False,TOP
34,435,73.2,1.0,499,False,TOP
34,436,74.7,1.2,895,False,TOP
34,437,76.0,1.4,1296,False,TOP
34,438,77.4,1.6,1668,False,TOP
34,439,78.9,1.6,2006,False,TOP
34,440,80.4,1.9,2254,True,TOP
34,441,81.8,2.0,2586,True,TOP
34,442,83.1,2.1,2944,True,TOP
34,443,84.4,2.3,2998,True,TOP
34,444,85.7,2.3,2501,True,TOP
34,445,87.0,2.4,1923,True,TOP
34,446,88.2,2.6,1351,True,TOP
34,447,89.6,2.7,803,True,TOP
34,448,91.0,2.8,301,False,TOP
34,449,92.6,3.0,0,False,TOP
34,450,94.1,3.2,0,False,TOP
34,451,95.6,3.3,0,False,TOP
34,452,97.1,3.5,0,False,TOP
34,453,98.7,3.7,0,False,TOP
34,454,100.3,3.9,144,False,TOP
34,455,101.7,4.1,491,False,TOP
34,456,103.2,4.4,887,True,TOP
34,457,104.7,4.7,1258,True,TOP
34,458,106.2,5.0,1631,True,TOP
34,459,107.8,5.3,1962,True,TOP
34,460,109.3,5.8,2195,True,TOP
34,461,110.9,5.8,2559,True,TOP
34,462,112.3,6.1,2881,True,TOP
34,463,113.7,6.2,2901,True,TOP
34,464,115.2,6.5,2416,True,TOP
34,465,116.6,6.8,1861,True,TOP
34,466,117.9,7.2,1326,True,TOP
34,467,119.0,7.5,780,True,TOP
34,468,119.9,7.6,293,False,TOP
34,469,120.6,7.7,0,False,TOP
34,470,121.1,7.7,0,False,TOP
34,471,121.4,7.7,0,False,TOP
34,472,121.5,7.6,0,False,TOP
34,473,121.6,7.4,0,False,TOP
34,474,121.6,7.3,154,False,TOP
34,475,121.8,7.0,479,False,TOP
34,476,121.9,6.7,880,True,TOP
34,477,122.3,6.6,1259,True,TOP
34,478,122.5,6.5,1613,True,TOP
34,479,122.9,6.5,1964,True,TOP
34,480,123.2,6.5,2187,True,TOP
34,481,123.6,6.6,2550,True,TOP
34,482,123.9,6.6,2896,True,TOP
34,483,124.2,6.7,2887,True,TOP
34,484,124.5,6.7,2422,True,TOP
34,485,124.8,6.8,1856,True,TOP
34,486,125.0,6.8,1280,True,TOP
34,487,125.2,6.8,766,True,TOP
34,488,125.5,6.8,272,False,TOP
34,489,125.6,6.8,0,False,TOP
34,490,125.8,6.8,0,False,TOP
34,491,126.0,6.8,0,False,TOP
34,492,126.1,6.8,0,False,TOP
34,493,126.2,6.8,0,False,TOP
34,494,126.3,6.7,146,False,TOP
34,495,126.3,6.7,504,True,TOP
34,496,126.3,6.7,910,True,TOP
34,497,126.3,6.6,1265,True,TOP
34,498,126.2,6.6,1641,True,TOP
34,499,126.0,6.5,1981,True,TOP
34,500,125.6,6.5,2201,True,TOP
34,501,125.1,6.4,2590,True,TOP
34,502,124.6,6.1,2923,True,TOP
34,503,123.9,6.0,2898,True,TOP
34,504,123.0,5.8,2432,True,TOP
34,505,122.1,5.4,1872,True,TOP
34,506,121.2,5.0,1285,True,TOP
34,507,120.2,4.7,771,True,TOP
34,508,119.1,4.2,279,False,TOP
34,509,118.1,3.9,0,False,TOP
34,510,116.8,3.7,0,False,TOP
34,511,115.3,3.4,0,False,TOP
34,512,113.7,3.1,0,False,TOP
34,513,112.3,2.8,0,False,TOP
34,514,110.6,2.8,162,False,TOP
34,515,108.9,2.6,538,True,TOP
34,516,107.1,2.4,931,True,TOP
34,517,105.2,2.1,1299,True,TOP
34,518,103.3,1.9,1683,True,TOP
34,519,101.2,1.6,2036,True,TOP
34,520,99.2,1.5,2266,True,TOP
34,521,97.2,1.4,2663,True,TOP
34,522,95.2,1.2,2995,True,TOP
34,523,93.0,1.0,2950,True,TOP
34,524,91.2,0.8,2475,True,TOP
34,525,89.5,0.6,1872,True,TOP
34,526,87.8,0.3,1296,True,TOP
34,527,86.1,-0.1,766,True,TOP
34,528,84.2,-0.1,263,False,TOP
34,529,82.7,-0.1,0,False,TOP
34,530,81.2,-0.2,0,False,TOP
34,531,79.6,-0.4,0,False,TOP
34,532,77.9,-0.5,0,False,TOP
34,533,76.6,-0.5,0,False,TOP
34,534,75.5,-0.6,155,False,TOP
34,535,74.3,-0.8,555,False,TOP
34,536,73.1,-1.0,946,False,TOP
34,537,71.9,-1.1,1356,False,TOP
34,538,70.8,-1.0,1667,False,TOP
34,539,69.9,-0.9,2084,False,TOP
34,540,68.9,-1.0,2270,False,TOP
34,541,67.7,-1.0,2682,False,TOP
34,542,66.6,-0.9,3009,False,TOP
34,543,65.5,-0.7,2902,False,TOP
34,544,64.5,-0.7,2482,False,TOP
34,545,63.3,-0.7,1889,False,TOP
34,546,62.4,-0.6,1289,False,TOP
34,547,61.7,-0.7,755,False,TOP
34,548,60.9,-0.9,272,False,TOP
34,549,60.4,-1.1,0,False,TOP
34,550,60.0,-1.2,0,False,TOP
34,551,59.5,-1.3,0,False,TOP
34,552,59.1,-1.4,0,False,TOP
34,553,58.8,-1.4,0,False,TOP
34,554,58.4,-1.4,167,False,TOP
34,555,58.1,-1.4,541,False,TOP
34,556,57.8,-1.4,951,False,TOP
34,557,57.5,-1.3,1333,False,TOP
34,558,57.1,-1.3,1716,False,TOP
34,559,56.8,-1.2,2082,False,TOP
34,560,56.4,-1.2,2304,False,TOP
34,561,56.1,-1.2,2692,False,TOP
34,562,55.8,-1.2,3024,False,TOP
34,563,55.5,-1.2,2960,False,TOP
34,564,55.3,-1.3,2487,False,TOP
34,565,55.0,-1.3,1888,False,TOP
34,566,54.8,-1.3,1270,False,TOP
34,567,54.6,-1.3,762,False,TOP
34,568,54.4,-1.3,249,False,TOP
34,569,54.3,-1.3,0,False,TOP
34,570,54.2,-1.3,0,False,TOP
34,571,54.2,-1.4,0,False,TOP
34,572,54.1,-1.4,0,False,TOP
34,573,54.2,-1.5,0,False,TOP
34,574,54.3,-1.5,163,False,TOP
34,575,54.8,-1.6,538,False,TOP
34,576,55.1,-1.7,945,False,TOP
34,577,55.5,-1.8,1333,False,TOP
34,578,56.2,-1.8,1709,False,TOP
34,579,57.3,-1.9,2055,False,TOP
34,580,58.6,-2.0,2251,False,TOP
34,581,60.1,-2.1,2655,False,TOP
34,582,61.7,-2.2,2992,False,TOP
34,583,63.4,-2.0,2951,False,TOP
34,584,65.3,-1.8,2487,False,TOP
34,585,67.1,-1.4,1891,False,TOP
34,586,68.9,-1.0,1307,False,TOP
34,587,70.6,-0.6,769,False,TOP
34,588,72.3,-0.1,272,False,TOP
34,589,73.9,0.4,0,False,TOP
34,590,75.3,0.7,0,False,TOP
34,591,76.8,1.2,0,False,TOP
34,592,78.1,1.5,0,False,TOP
34,593,79.4,1.9,0,False,TOP
34,594,80.7,2.1,156,False,TOP
34,595,81.9,2.2,560,True,TOP
34,596,83.2,2.3,949,True,TOP
34,597,84.3,2.5,1326,True,TOP
34,598,85.3,2.6,1686,True,TOP
34,599,86.5,2.9,2057,True,TOP
34,600,87.7,3.0,2256,True,TOP
34,601,88.6,3.0,2691,True,TOP
34,602,89.8,3.2,3006,True,TOP
34,603,90.8,3.3,2992,True,TOP
34,604,92.0,3.4,2494,True,TOP
34,605,92.9,3.5,1879,True,TOP
34,606,93.9,3.6,1315,True,TOP
34,607,95.0,3.7,768,True,TOP
34,608,96.0,3.8,269,False,TOP
34,609,97.0,3.8,0,False,TOP
34,610,98.0,3.9,0,False,TOP
34,611,99.1,4.2,0,False,TOP
34,612,100.3,4.4,0,False,TOP
34,613,101.3,4.7,0,False,TOP
34,614,102.5,4.9,159,False,TOP
34,615,103.6,4.9,537,True,TOP
34,616,104.7,5.1,925,True,TOP
34,617,105.9,5.3,1315,True,TOP
34,618,107.1,5.6,1655,True,TOP
34,619,108.1,5.8,2027,True,TOP
34,620,109.3,5.9,2229,True,TOP
34,621,110.4,6.2,2609,True,TOP
34,622,111.7,6.2,2928,True,TOP
34,623,112.9,6.3,2874,True,TOP
34,624,114.0,6.3,2416,True,TOP
34,625,115.3,6.3,1839,True,TOP
34,626,116.5,6.5,1266,True,TOP
34,627,117.7,6.6,739,True,TOP
34,628,118.8,6.8,271,False,TOP
34,629,119.9,7.0,0,False,TOP
34,630,121.1,7.1,0,False,TOP
34,631,122.1,7.4,0,False,TOP
34,632,123.0,7.6,0,False,TOP
34,633,123.7,7.8,0,False,TOP
34,634,124.1,8.0,154,False,TOP
34,635,124.4,8.1,537,True,TOP
34,636,124.5,8.1,925,True,TOP
34,637,124.6,8.0,1298,True,TOP
34,638,124.6,7.9,1664,True,TOP
34,639,124.7,7.6,1989,True,TOP
34,640,124.9,7.4,2239,True,TOP
34,641,125.0,7.3,2591,True,TOP
34,642,125.2,7.2,2916,True,TOP
34,643,125.5,7.1,2878,True,TOP
34,644,125.8,7.2,2416,True,TOP
34,645,126.1,7.2,1840,True,TOP
34,646,126.4,7.2,1293,True,TOP
34,647,126.6,7.2,755,True,TOP
34,648,126.7,7.2,262,False,TOP
34,649,126.9,7.2,0,False,TOP
34,650,127.0,7.2,0,False,TOP
34,651,127.1,7.1,0,False,TOP
34,652,127.2,7.1,0,False,TOP
34,653,127.3,7.0,0,False,TOP
34,654,127.4,7.0,184,False,TOP
34,655,127.5,7.0,544,True,TOP
34,656,127.5,7.0,915,True,TOP
34,657,127.6,6.9,1287,True,TOP
34,658,127.6,6.9,1648,True,TOP
34,659,127.6,6.8,1981,True,TOP
34,660,127.6,6.6,2213,True,TOP
34,661,127.6,6.5,2559,True,TOP
34,662,127.6,6.4,2922,True,TOP
34,663,127.5,6.3,2880,True,TOP
34,664,127.4,6.2,2426,True,TOP
34,665,127.2,6.1,1850,True,TOP
34,666,126.8,5.9,1287,True,TOP
34,667,126.3,5.8,770,True,TOP
34,668,125.6,5.7,272,False,TOP
34,669,124.7,5.5,0,False,TOP
34,670,123.7,5.3,0,False,TOP
34,671,122.5,5.0,0,False,TOP
34,672,121.0,4.7,0,False,TOP
34,673,119.5,4.5,0,False,TOP
34,674,118.0,4.4,191,False,TOP
34,675,116.2,4.0,557,True,TOP
34,676,114.2,3.7,949,True,TOP
34,677,112.1,3.3,1341,True,TOP
34,678,110.0,2.7,1696,True,TOP
34,679,107.8,2.3,2063,True,TOP
34,680,105.6,2.1,2287,True,TOP
34,681,103.3,1.8,2647,True,TOP
34,682,101.1,1.6,2992,True,TOP
34,683,99.0,1.6,2992,True,TOP
34,684,96.9,1.4,2496,True,TOP
34,685,94.9,1.2,1921,True,TOP
34,686,92.9,1.2,1353,True,TOP
34,687,90.8,1.1,784,True,TOP
34,688,88.7,0.9,304,False,TOP
34,689,86.6,0.9,0,False,TOP
34,690,84.5,0.7,0,False,TOP
34,691,82.4,0.5,0,False,TOP
34,692,80.2,0.4,0,False,TOP
34,693,78.1,0.4,1,False,TOP
34,694,76.2,0.4,183,False,TOP
34,695,74.2,0.3,557,False,TOP
34,696,72.2,0.2,960,False,TOP
34,697,70.3,0.2,1354,False,TOP
34,698,68.5,0.1,1765,False,TOP
34,699,66.8,0.0,2090,False,TOP
34,700,65.0,-0.1,2306,False,TOP
34,701,63.5,-0.3,2673,False,TOP
34,702,62.2,-0.5,3054,False,TOP
34,703,61.2,-0.8,3013,False,TOP
34,704,60.1,-1.1,2518,False,TOP
34,705,59.2,-1.3,1949,False,TOP
34,706,58.3,-1.3,1455,False,TOP
34,707,57.5,-1.5,880,False,TOP
34,708,56.9,-1.5,339,False,TOP
34,709,56.1,-1.6,0,False,TOP
34,710,55.3,-1.6,0,False,TOP
34,711,54.7,-1.6,0,False,TOP
34,712,54.1,-1.6,0,False,TOP
34,713,53.6,-1.7,0,False,TOP
34,714,53.0,-1.7,198,False,TOP
34,715,52.5,-1.7,599,False,TOP
34,716,51.9,-1.8,1018,False,TOP
34,717,51.6,-1.8,1444,False,TOP
34,718,51.3,-1.8,1866,False,TOP
34,719,51.0,-1.9,2226,False,TOP
34,720,50.8,-1.9,2464,False,TOP
34,721,50.7,-2.0,2820,False,TOP
34,722,50.7,-2.1,3209,False,TOP
34,723,50.8,-2.2,3159,False,TOP
34,724,51.0,-2.3,2645,False,TOP
34,725,51.2,-2.4,2059,False,TOP
34,726,51.5,-2.5,1450,False,TOP
34,727,51.9,-2.5,869,False,TOP
34,728,52.5,-2.6,326,False,TOP
34,729,53.1,-2.5,0,False,TOP
34,730,53.8,-2.5,0,False,TOP
34,731,54.4,-2.5,0,False,TOP
34,732,55.0,-2.4,0,False,TOP
34,733,55.7,-2.3,0,False,TOP
34,734,56.3,-2.2,176,False,TOP
34,735,57.1,-1.8,545,False,TOP
34,736,58.0,-1.6,981,False,TOP
34,737,59.1,-1.3,1410,False,TOP
34,738,60.1,-1.3,1781,False,TOP
34,739,61.4,-1.3,2175,False,TOP
34,740,62.8,-1.4,2421,False,TOP
34,741,64.2,-1.3,2800,False,TOP
34,742,65.6,-1.2,3186,False,TOP
34,743,67.2,-1.1,3214,False,TOP
34,744,68.7,-0.9,2639,False,TOP
34,745,70.4,-0.6,2064,False,TOP
34,746,72.2,-0.5,1445,False,TOP
34,747,74.1,-0.2,854,False,TOP
34,748,75.9,0.2,338,False,TOP
34,749,77.9,0.5,0,False,TOP
34,750,79.7,0.9,0,False,TOP
34,751,81.5,1.2,0,False,TOP
34,752,83.3,1.6,0,False,TOP
34,753,85.0,1.8,0,False,TOP
34,754,86.7,2.3,165,False,TOP
34,755,88.5,2.7,509,True,TOP
34,756,90.2,2.9,854,True,TOP
34,757,91.8,3.1,1232,True,TOP
34,758,93.4,3.5,1584,True,TOP
34,759,95.1,3.7,1905,True,TOP
34,760,96.6,3.9,2127,True,TOP
34,761,98.1,4.2,2429,True,TOP
34,762,99.8,4.5,2803,True,TOP
34,763,101.5,4.7,2864,True,TOP
34,764,102.9,4.9,2396,True,TOP
34,765,104.4,5.3,1866,True,TOP
34,766,106.0,5.6,1314,True,TOP
34,767,107.3,5.9,788,True,TOP
34,768,108.6,6.2,334,False,TOP
34,769,109.8,6.4,0,False,TOP
34,770,111.1,6.8,0,False,TOP
34,771,112.4,7.1,0,False,TOP
34,772,113.8,7.4,0,False,TOP
34,773,115.1,7.6,0,False,TOP
34,774,116.3,7.7,128,False,TOP
34,775,117.5,7.9,432,False,TOP
34,776,118.5,8.0,795,True,TOP
34,777,119.6,8.0,1145,True,TOP
34,778,120.5,7.9,1441,True,TOP
34,779,121.3,7.9,1760,True,TOP
34,780,122.1,7.9,1968,True,TOP
34,781,122.6,7.9,2267,True,TOP
34,782,123.1,8.0,2640,True,TOP
34,783,123.3,8.0,2715,True,TOP
34,784,123.6,7.9,2288,True,TOP
34,785,123.6,7.8,1807,True,TOP
34,786,123.7,7.7,1263,True,TOP
34,787,123.8,7.5,740,True,TOP
34,788,123.9,7.3,315,False,TOP
34,789,124.0,7.1,0,False,TOP
34,790,124.1,6.9,0,False,TOP
34,791,124.3,6.8,0,False,TOP
34,792,124.5,6.8,0,False,TOP
34,793,124.7,6.8,0,False,TOP
34,794,125.0,6.8,160,False,TOP
34,795,125.3,6.8,462,False,TOP
34,796,125.6,6.8,862,True,TOP
34,797,125.8,6.8,1270,True,TOP
34,798,126.1,6.8,1630,True,TOP
34,799,126.2,6.8,1968,True,TOP
34,800,126.4,6.8,2211,True,TOP
34,801,126.5,6.7,2470,True,TOP
34,802,126.6,6.7,2896,True,TOP
34,803,126.6,6.7,3007,True,TOP
34,804,126.5,6.7,2519,True,TOP
34,805,126.4,6.6,1987,True,TOP
34,806,126.2,6.5,1392,True,TOP
34,807,125.9,6.4,834,True,TOP
34,808,125.4,6.2,352,False,TOP
34,809,124.8,6.1,0,False,TOP
34,810,124.1,5.9,0,False,TOP
34,811,123.4,5.6,0,False,TOP
34,812,122.4,5.4,0,False,TOP
34,813,121.2,5.1,0,False,TOP
34,814,120.0,4.6,162,False,TOP
34,815,118.9,4.2,445,False,TOP
34,816,117.6,3.6,865,True,TOP
34,817,116.3,3.2,1262,True,TOP
34,818,115.1,3.1,1603,True,TOP
34,819,113.8,2.8,1925,True,TOP
34,820,112.5,2.5,2175,True,TOP
34,821,111.1,2.3,2405,True,TOP
34,822,109.6,2.0,2839,True,TOP
34,823,108.2,1.6,2970,True,TOP
34,824,106.6,1.4,2487,True,TOP
34,825,105.0,1.4,1961,True,TOP
34,826,103.5,1.5,1370,True,TOP
34,827,102.0,1.0,815,True,TOP
34,828,100.1,0.7,347,False,TOP
34,829,98.3,0.8,0,False,TOP
34,830,96.8,0.9,0,False,TOP
34,831,95.5,0.7,0,False,TOP
34,832,93.8,0.4,0,False,TOP
34,833,91.8,0.2,0,False,TOP
34,834,90.2,0.2,153,False,TOP
34,835,88.9,0.1,445,False,TOP
34,836,87.6,-0.0,854,True,TOP
34,837,85.9,-0.2,1245,True,TOP
34,838,84.1,-0.2,1599,True,TOP
34,839,82.9,-0.1,1919,True,TOP
34,840,81.5,-0.4,2137,True,TOP
34,841,80.0,-0.6,2399,False,TOP
34,842,78.3,-0.7,2866,False,TOP
34,843,76.8,-0.8,3014,False,TOP
34,844,75.7,-0.8,2486,False,TOP
34,845,74.4,-1.0,1942,False,TOP
34,846,72.8,-1.0,1370,False,TOP
34,847,71.4,-1.1,824,False,TOP
34,848,70.2,-1.1,347,False,TOP
34,849,69.2,-1.1,0,False,TOP
34,850,68.1,-1.1,0,False,TOP
34,851,66.9,-1.1,0,False,TOP
34,852,65.8,-1.2,0,False,TOP
34,853,64.9,-1.3,0,False,TOP
34,854,64.1,-1.3,144,False,TOP
34,855,63.2,-1.3,446,False,TOP
34,856,62.3,-1.3,851,False,TOP
34,857,61.6,-1.4,1239,False,TOP
34,858,60.9,-1.5,1585,False,TOP
34,859,60.4,-1.4,1928,False,TOP
34,860,59.7,-1.5,2166,False,TOP
34,861,59.0,-1.6,2396,False,TOP
34,862,58.3,-1.6,2864,False,TOP
34,863,57.7,-1.6,2983,False,TOP
34,864,57.3,-1.6,2499,False,TOP
34,865,56.9,-1.7,1957,False,TOP
34,866,56.4,-1.7,1361,False,TOP
34,867,56.0,-1.7,827,False,TOP
34,868,55.8,-1.7,341,False,TOP
34,869,55.6,-1.8,0,False,TOP
34,870,55.4,-1.7,0,False,TOP
34,871,55.3,-1.7,0,False,TOP
34,872,55.2,-1.7,0,False,TOP
34,873,55.1,-1.6,0,False,TOP
34,874,55.1,-1.6,138,False,TOP
34,875,55.0,-1.5,435,False,TOP
34,876,54.9,-1.5,847,False,TOP
34,877,54.8,-1.4,1232,False,TOP
34,878,54.7,-1.4,1566,False,TOP
34,879,54.5,-1.3,1889,False,TOP
34,880,54.3,-1.3,2147,False,TOP
34,881,54.1,-1.2,2382,False,TOP
34,882,54.0,-1.2,2842,False,TOP
34,883,53.8,-1.2,2955,False,TOP
34,884,53.7,-1.2,2510,False,TOP
34,885,53.5,-1.2,1968,False,TOP
34,886,53.4,-1.2,1358,False,TOP
34,887,53.4,-1.3,822,False,TOP
34,888,53.4,-1.3,352,False,TOP
34,889,53.5,-1.4,0,False,TOP
34,890,53.5,-1.4,0,False,TOP
34,891,53.6,-1.4,0,False,TOP
34,892,53.6,-1.3,0,False,TOP
34,893,53.7,-1.3,0,False,TOP
34,894,53.7,-1.3,141,False,TOP
34,895,53.6,-1.2,432,False,TOP
34,896,53.6,-1.2,831,False,TOP
34,897,53.5,-1.2,1203,False,TOP
34,898,53.5,-1.2,1533,False,TOP
34,899,53.4,-1.2,1877,False,TOP
34,900,53.2,-1.2,2143,False,TOP
34,901,53.1,-1.2,2351,False,TOP
34,902,53.0,-1.2,2832,False,TOP
34,903,52.8,-1.2,2935,False,TOP
34,904,52.8,-1.3,2497,False,TOP
34,905,52.7,-1.4,1959,False,TOP
34,906,52.7,-1.5,1386,False,TOP
34,907,52.7,-1.6,835,False,TOP
34,908,52.7,-1.7,352,False,TOP
34,909,52.7,-1.7,0,False,TOP
34,910,52.7,-1.7,0,False,TOP
34,911,52.7,-1.6,0,False,TOP
34,912,52.6,-1.5,0,False,TOP
34,913,52.5,-1.5,0,False,TOP
34,914,52.4,-1.5,127,False,TOP
34,915,52.3,-1.5,402,False,TOP
34,916,52.2,-1.5,799,False,TOP
34,917,52.2,-1.5,1217,False,TOP
34,918,52.1,-1.6,1554,False,TOP
34,919,52.0,-1.6,1888,False,TOP
34,920,51.9,-1.6,2131,False,TOP
34,921,51.9,-1.6,2355,False,TOP
34,922,51.9,-1.6,2824,False,TOP
34,923,51.8,-1.6,2943,False,TOP
34,924,51.8,-1.6,2464,False,TOP
34,925,51.8,-1.6,1951,False,TOP
34,926,51.8,-1.6,1370,False,TOP
34,927,51.8,-1.6,814,False,TOP
34,928,51.8,-1.6,342,False,TOP
34,929,51.8,-1.7,0,False,TOP
34,930,51.8,-1.7,0,False,TOP
34,931,51.7,-1.8,0,False,TOP
34,932,51.7,-1.8,0,False,TOP
34,933,51.7,-1.7,0,False,TOP
34,934,51.6,-1.7,128,False,TOP
34,935,51.6,-1.7,417,False,TOP
34,936,51.6,-1.7,826,False,TOP
34,937,51.6,-1.7,1218,False,TOP
34,938,51.7,-1.7,1535,False,TOP
34,939,51.6,-1.6,1878,False,TOP
34,940,51.5,-1.6,2128,False,TOP
34,941,51.5,-1.6,2352,False,TOP
34,942,51.4,-1.7,2819,False,TOP
34,943,51.4,-1.6,2950,False,TOP
34,944,51.3,-1.6,2493,False,TOP
34,945,51.2,-1.6,1941,False,TOP
34,946,51.2,-1.7,1377,False,TOP
34,947,51.1,-1.7,823,False,TOP
34,948,51.1,-1.7,338,False,TOP
34,949,51.0,-1.8,0,False,TOP
34,950,51.0,-1.8,0,False,TOP
34,951,51.0,-1.7,0,False,TOP
34,952,51.1,-1.7,0,False,TOP
34,953,51.1,-1.7,0,False,TOP
34,954,51.1,-1.7,139,False,TOP
34,955,51.1,-1.7,425,False,TOP
34,956,51.1,-1.7,817,False,TOP
34,957,51.1,-1.7,1215,False,TOP
34,958,51.1,-1.6,1530,False,TOP
34,959,51.1,-1.6,1872,False,TOP
34,960,51.1,-1.6,2119,False,TOP
35,0,10.9,-4.3,1395,False,DOWN
35,1,10.6,-4.2,2251,False,DOWN
35,2,10.2,-4.2,2880,False,DOWN
35,3,9.9,-4.3,3481,False,DOWN
35,4,9.5,-4.3,4048,False,DOWN
35,5,9.3,-4.2,4078,False,DOWN
35,6,9.0,-4.2,4095,False,DOWN
35,7,8.8,-4.2,4095,False,DOWN
35,8,8.6,-4.3,3615,False,DOWN
35,9,8.5,-4.3,2638,False,DOWN
35,10,8.5,-4.4,1731,False,DOWN
35,11,8.5,-4.4,729,False,DOWN
35,12,8.4,-4.4,9,False,DOWN
35,13,8.3,-4.4,0,False,DOWN
35,14,8.2,-4.3,0,False,DOWN
35,15,8.1,-4.3,0,False,DOWN
35,16,8.0,-4.3,0,False,DOWN
35,17,8.0,-4.3,0,False,DOWN
35,18,8.0,-4.3,251,False,DOWN
35,19,8.0,-4.3,667,False,DOWN
35,20,8.0,-4.4,1446,False,DOWN
35,21,8.1,-4.5,2283,False,DOWN
35,22,8.2,-4.6,2914,False,DOWN
35,23,8.3,-4.8,3552,False,DOWN
35,24,8.5,-5.0,4042,False,DOWN
35,25,8.7,-5.1,4095,False,DOWN
35,26,9.2,-5.1,4095,False,DOWN
35,27,9.6,-5.1,4095,False,DOWN
35,28,10.1,-5.1,3458,False,DOWN
35,29,10.6,-5.2,2631,False,DOWN
35,30,11.3,-5.2,1693,False,DOWN
35,31,12.1,-5.3,705,False,DOWN
35,32,13.1,-5.4,0,False,DOWN
35,33,14.0,-5.4,0,False,DOWN
35,34,14.8,-5.3,0,False,DOWN
35,35,15.7,-5.3,0,False,DOWN
35,36,16.7,-5.3,0,False,DOWN
35,37,17.7,-5.3,0,False,DOWN
35,38,18.6,-5.3,283,False,DOWN
35,39,19.6,-5.3,702,False,DOWN
35,40,20.6,-5.3,1530,False,DOWN
35,41,21.8,-5.2,2391,False,DOWN
35,42,22.9,-5.1,3031,False,DOWN
35,43,24.0,-5.1,3706,False,DOWN
35,44,25.3,-5.1,4095,False,DOWN
35,45,26.7,-5.1,4095,False,DOWN
35,46,28.0,-5.0,4095,False,DOWN
35,47,29.4,-4.8,4095,False,DOWN
35,48,31.0,-4.7,3564,False,DOWN
35,49,32.6,-4.7,2691,False,CURLING
35,50,34.2,-4.6,1694,False,CURLING
35,51,36.0,-4.4,705,False,CURLING
35,52,37.7,-4.4,0,False,CURLING
35,53,39.5,-4.3,0,False,CURLING
35,54,41.2,-4.1,0,False,CURLING
35,55,43.1,-3.8,0,False,CURLING
35,56,45.0,-3.6,0,False,CURLING
35,57,46.8,-3.3,0,False,CURLING
35,58,48.7,-3.0,276,False,CURLING
35,59,50.6,-2.8,752,False,CURLING
35,60,52.4,-2.6,1628,False,CURLING
35,61,54.3,-2.5,2508,False,CURLING
35,62,56.1,-2.4,3203,False,CURLING
35,63,58.0,-2.2,3824,False,CURLING
35,64,59.9,-2.0,4095,False,CURLING
35,65,61.9,-1.9,4095,False,CURLING
35,66,63.7,-1.7,4095,False,CURLING
35,67,65.6,-1.5,4095,False,CURLING
35,68,67.5,-1.3,3408,False,CURLING
35,69,69.3,-1.2,2587,False,CURLING
35,70,71.1,-1.2,1404,False,CURLING
35,71,72.9,-1.1,367,False,CURLING
35,72,74.6,-0.9,0,False,CURLING
35,73,76.2,-0.8,0,False,CURLING
35,74,77.9,-0.7,0,False,CURLING
35,75,79.5,-0.6,0,False,CURLING
35,76,81.0,-0.5,0,False,CURLING
35,77,82.6,-0.5,0,False,TOP
35,78,84.1,-0.3,285,False,TOP
35,79,85.4,-0.3,762,True,TOP
35,80,86.8,-0.5,1630,True,TOP
35,81,88.1,-0.6,2510,True,TOP
35,82,89.5,-0.4,3197,True,TOP
35,83,90.8,-0.2,3787,True,TOP
35,84,92.3,-0.2,4095,True,TOP
35,85,93.7,-0.1,4095,True,TOP
35,86,95.0,0.1,4095,True,TOP
35,87,96.3,0.2,4095,True,TOP
35,88,97.7,0.2,3442,True,TOP
35,89,98.9,0.3,2608,True,TOP
35,90,100.3,0.5,1509,True,TOP
35,91,101.5,0.5,569,True,TOP
35,92,102.6,0.6,0,False,TOP
35,93,103.7,0.8,0,False,TOP
35,94,104.9,0.9,0,False,TOP
35,95,106.1,1.0,0,False,TOP
35,96,107.1,1.1,0,False,TOP
35,97,108.1,1.2,0,False,TOP
35,98,109.1,1.2,309,False,TOP
35,99,110.1,1.1,748,True,TOP
35,100,111.2,1.1,1603,True,TOP
35,101,112.4,1.0,2455,True,TOP
35,102,113.5,0.9,3107,True,TOP
35,103,114.6,0.8,3739,True,TOP
35,104,115.7,0.7,4095,True,TOP
35,105,116.7,0.8,4095,True,TOP
35,106,117.6,0.7,4095,True,TOP
35,107,118.5,0.7,4095,True,TOP
35,108,119.4,0.8,3375,True,TOP
35,109,120.3,0.8,2522,True,TOP
35,110,121.2,0.9,1615,True,TOP
35,111,122.1,1.1,611,True,TOP
35,112,122.9,1.1,0,False,TOP
35,113,123.6,1.1,0,False,TOP
35,114,124.3,1.2,0,False,TOP
35,115,124.8,1.3,0,False,TOP
35,116,125.2,1.4,0,False,TOP
35,117,125.6,1.4,0,False,TOP
35,118,125.8,1.4,236,False,TOP
35,119,126.1,1.3,727,True,TOP
35,120,126.4,1.3,1535,True,TOP
35,121,126.6,1.2,2397,True,TOP
35,122,126.7,1.1,3087,True,TOP
35,123,126.9,1.0,3682,True,TOP
35,124,127.0,1.0,4095,True,TOP
35,125,127.2,0.9,4095,True,TOP
35,126,127.5,0.9,4095,True,TOP
35,127,127.7,0.9,4095,True,TOP
35,128,127.9,0.8,3433,True,TOP
35,129,128.1,0.8,2508,True,TOP
35,130,128.3,0.8,1488,True,TOP
35,131,128.6,0.7,535,True,TOP
35,132,128.8,0.7,0,False,TOP
35,133,129.1,0.7,0,False,TOP
35,134,129.3,0.7,0,False,TOP
35,135,129.5,0.8,0,False,TOP
35,136,129.7,0.8,0,False,TOP
35,137,129.9,0.8,0,False,TOP
35,138,130.0,0.9,280,False,TOP
35,139,130.2,0.8,737,True,TOP
35,140,130.4,0.8,1585,True,TOP
35,141,130.5,0.8,2431,True,TOP
35,142,130.5,0.8,3133,True,TOP
35,143,130.6,0.7,3741,True,TOP
35,144,130.6,0.6,4095,True,TOP
35,145,130.6,0.6,4094,True,TOP
35,146,130.7,0.5,4095,True,TOP
35,147,130.7,0.5,4095,True,TOP
35,148,130.6,0.5,3322,True,TOP
35,149,130.7,0.4,2486,True,TOP
35,150,130.7,0.4,1514,True,TOP
35,151,130.7,0.4,535,True,TOP
35,152,130.7,0.4,0,False,TOP
35,153,130.7,0.4,0,False,TOP
35,154,130.7,0.3,0,False,TOP
35,155,130.7,0.2,0,False,TOP
35,156,130.5,0.2,0,False,TOP
35,157,130.4,0.3,0,False,TOP
35,158,130.2,0.3,314,False,TOP
35,159,129.9,0.4,793,True,TOP
35,160,129.6,0.4,1653,True,TOP
35,161,129.2,0.3,2492,True,TOP
35,162,128.5,0.2,3184,True,TOP
35,163,127.9,0.1,3847,True,TOP
35,164,127.3,-0.1,4095,True,TOP
35,165,126.6,-0.2,4095,True,TOP
35,166,125.8,-0.3,4095,True,TOP
35,167,125.2,-0.6,4095,True,TOP
35,168,124.5,-0.8,3385,True,TOP
35,169,124.0,-1.0,2409,True,TOP
35,170,123.3,-1.1,1457,True,TOP
35,171,122.4,-1.2,323,False,TOP
35,172,121.5,-1.4,0,False,TOP
35,173,120.6,-1.7,0,False,TOP
35,174,119.6,-1.8,0,False,TOP
35,175,118.6,-2.0,0,False,TOP
35,176,117.6,-2.1,0,False,TOP
35,177,116.7,-2.2,0,False,TOP
35,178,115.6,-2.4,333,False,TOP
35,179,114.4,-2.6,899,True,TOP
35,180,113.4,-2.8,1750,True,TOP
35,181,112.3,-3.0,2630,True,TOP
35,182,111.2,-3.1,3338,True,TOP
35,183,110.1,-3.0,4086,True,TOP
35,184,109.1,-2.9,4095,True,TOP
35,185,108.1,-2.9,4095,True,TOP
35,186,107.2,-2.8,4095,True,TOP
35,187,106.4,-2.9,4095,True,TOP
35,188,105.6,-2.8,3263,True,TOP
35,189,104.8,-2.7,2433,True,TOP
35,190,103.8,-2.6,1407,True,TOP
35,191,102.9,-2.6,323,False,TOP
35,192,102.1,-2.7,0,False,TOP
35,193,101.3,-2.7,0,False,TOP
35,194,100.4,-2.7,0,False,TOP
35,195,99.5,-2.7,0,False,TOP
35,196,98.7,-2.8,0,False,TOP
35,197,97.9,-3.0,0,False,TOP
35,198,97.1,-3.1,340,False,TOP
35,199,96.2,-3.1,860,True,TOP
35,200,95.2,-3.1,1738,True,TOP
35,201,94.4,-3.2,2595,True,TOP
35,202,93.4,-3.3,3290,True,TOP
35,203,92.4,-3.5,4016,True,TOP
35,204,91.4,-3.6,4095,True,TOP
35,205,90.5,-3.6,4095,True,TOP
35,206,89.6,-3.7,4095,True,TOP
35,207,88.7,-3.9,4095,True,TOP
35,208,87.9,-4.0,3299,True,TOP
35,209,87.1,-4.0,2389,True,TOP
35,210,86.3,-4.1,1297,True,TOP
35,211,85.6,-4.1,323,False,TOP
35,212,84.8,-4.1,0,False,TOP
35,213,84.1,-4.1,0,False,TOP
35,214,83.3,-4.1,0,False,TOP
35,215,82.5,-4.2,0,False,TOP
35,216,81.7,-4.3,0,False,TOP
35,217,81.0,-4.3,0,False,TOP
35,218,80.4,-4.3,315,False,TOP
35,219,79.7,-4.4,907,False,TOP
35,220,79.1,-4.5,1792,False,TOP
35,221,78.6,-4.5,2644,False,TOP
35,222,78.0,-4.6,3334,False,TOP
35,223,77.6,-4.6,4080,False,TOP
35,224,77.2,-4.7,4095,False,TOP
35,225,76.7,-4.8,4095,False,TOP
35,226,76.3,-4.8,4095,False,TOP
35,227,76.0,-4.8,4095,False,TOP
35,228,75.6,-4.9,3195,False,TOP
35,229,75.3,-5.0,2343,False,TOP
35,230,75.1,-5.1,1255,False,TOP
35,231,74.8,-5.1,304,False,TOP
35,232,74.6,-5.0,0,False,TOP
35,233,74.4,-5.0,0,False,TOP
35,234,74.1,-5.0,0,False,TOP
35,235,74.0,-5.0,0,False,TOP
35,236,73.8,-5.0,0,False,TOP
35,237,73.6,-5.0,0,False,TOP
35,238,73.5,-5.0,375,False,TOP
35,239,73.3,-4.9,903,False,TOP
35,240,73.2,-4.9,1802,False,TOP
35,241,73.1,-4.9,2654,False,TOP
35,242,73.0,-4.9,3315,False,TOP
35,243,72.8,-4.9,4071,False,TOP
35,244,72.7,-4.8,4095,False,TOP
35,245,72.5,-4.9,4095,False,TOP
35,246,72.4,-4.9,4095,False,TOP
35,247,72.4,-4.9,4095,False,TOP
35,248,72.3,-4.9,3154,False,TOP
35,249,72.2,-4.9,2286,False,TOP
35,250,72.1,-4.9,1315,False,TOP
35,251,72.1,-4.9,310,False,TOP
35,252,72.3,-4.9,0,False,TOP
35,253,72.6,-4.9,0,False,TOP
35,254,73.0,-4.9,0,False,TOP
35,255,73.4,-5.1,0,False,TOP
35,256,74.0,-5.3,0,False,TOP
35,257,74.5,-5.3,0,False,TOP
35,258,75.0,-5.1,353,False,TOP
35,259,75.5,-4.9,957,False,TOP
35,260,76.1,-4.7,1801,False,TOP
35,261,76.7,-4.5,2666,False,TOP
35,262,77.2,-4.4,3344,False,TOP
35,263,77.8,-4.3,3963,False,TOP
35,264,78.4,-4.2,4095,False,TOP
35,265,79.0,-4.1,4095,False,TOP
35,266,79.7,-4.0,4095,False,TOP
35,267,80.3,-4.0,4095,True,TOP
35,268,81.0,-4.1,3131,True,TOP
35,269,81.8,-4.1,2322,True,TOP
35,270,82.5,-4.1,1197,True,TOP
35,271,83.3,-4.0,226,False,TOP
35,272,84.1,-3.9,0,False,TOP
35,273,84.8,-3.7,0,False,TOP
35,274,85.7,-3.5,0,False,TOP
35,275,86.4,-3.3,0,False,TOP
35,276,87.2,-3.1,0,False,TOP
35,277,87.9,-2.9,0,False,TOP
35,278,88.7,-2.7,365,False,TOP
35,279,89.5,-2.5,918,True,TOP
35,280,90.3,-2.4,1783,True,TOP
35,281,91.3,-2.3,2559,True,TOP
35,282,92.3,-2.1,3217,True,TOP
35,283,93.4,-1.9,3828,True,TOP
35,284,94.4,-1.8,4095,True,TOP
35,285,95.5,-1.7,4081,True,TOP
35,286,96.6,-1.6,4095,True,TOP
35,287,97.6,-1.6,4095,True,TOP
35,288,98.6,-1.4,3162,True,TOP
35,289,99.6,-1.2,2271,True,TOP
35,290,100.6,-0.9,1296,True,TOP
35,291,101.5,-0.7,378,False,TOP
35,292,102.4,-0.4,0,False,TOP
35,293,103.3,-0.3,0,False,TOP
35,294,104.2,-0.1,0,False,TOP
35,295,105.2,0.0,0,False,TOP
35,296,106.1,0.1,0,False,TOP
35,297,107.0,0.0,0,False,TOP
35,298,108.0,0.1,368,False,TOP
35,299,108.9,0.2,897,True,TOP
35,300,109.7,0.3,1711,True,TOP
35,301,110.7,0.4,2527,True,TOP
35,302,111.5,0.5,3163,True,TOP
35,303,112.5,0.6,3723,True,TOP
35,304,113.3,0.7,4027,True,TOP
35,305,114.2,0.9,4095,True,TOP
35,306,114.9,1.0,4095,True,TOP
35,307,115.8,1.2,4095,True,TOP
35,308,116.6,1.2,3231,True,TOP
35,309,117.3,1.1,2128,True,TOP
35,310,118.0,1.0,1296,True,TOP
35,311,118.7,1.0,240,False,TOP
35,312,119.4,0.9,0,False,TOP
35,313,120.0,0.9,0,False,TOP
35,314,120.8,0.8,0,False,TOP
35,315,121.5,0.9,0,False,TOP
35,316,122.3,0.9,0,False,TOP
35,317,123.1,1.1,0,False,TOP
35,318,123.9,1.3,310,False,TOP
35,319,124.6,1.3,912,True,TOP
35,320,125.4,1.2,1717,True,TOP
35,321,126.0,1.1,2461,True,TOP
35,322,126.4,1.0,3081,True,TOP
35,323,126.7,0.8,3699,True,TOP
35,324,127.0,0.7,4095,True,TOP
35,325,127.3,0.6,4095,True,TOP
35,326,127.4,0.6,4095,True,TOP
35,327,127.6,0.7,4095,True,TOP
35,328,127.9,0.7,3203,True,TOP
35,329,128.0,0.7,2288,True,TOP
35,330,128.3,0.7,1264,True,TOP
35,331,128.4,0.7,369,False,TOP
35,332,128.5,0.7,0,False,TOP
35,333,128.7,0.6,0,False,TOP
35,334,128.8,0.5,0,False,TOP
35,335,129.0,0.4,0,False,TOP
35,336,129.0,0.3,0,False,TOP
35,337,129.1,0.2,0,False,TOP
35,338,129.2,0.1,372,False,TOP
35,339,129.2,0.0,935,True,TOP
35,340,129.2,0.0,1735,True,TOP
35,341,129.2,-0.0,2419,True,TOP
35,342,129.2,-0.1,3152,True,TOP
35,343,129.3,-0.2,3764,True,TOP
35,344,129.2,-0.2,4095,True,TOP
35,345,129.1,-0.1,4095,True,TOP
35,346,129.0,-0.1,4095,True,TOP
35,347,128.8,0.0,4095,True,TOP
35,348,128.5,0.1,3120,True,TOP
35,349,128.1,0.2,2261,True,TOP
35,350,127.8,0.1,1274,True,TOP
35,351,127.4,-0.2,346,False,TOP
35,352,126.8,-0.4,0,False,TOP
35,353,126.1,-0.6,0,False,TOP
35,354,125.3,-0.8,0,False,TOP
35,355,124.5,-0.9,0,False,TOP
35,356,123.6,-1.1,0,False,TOP
35,357,122.7,-1.4,0,False,TOP
35,358,121.9,-1.7,397,False,TOP
35,359,120.7,-1.8,1071,True,TOP
35,360,119.8,-2.1,1895,True,TOP
35,361,119.0,-2.5,2685,True,TOP
35,362,117.9,-2.7,3392,True,TOP
35,363,116.8,-2.8,4085,True,TOP
35,364,115.7,-3.0,4095,True,TOP
35,365,114.6,-3.2,4095,True,TOP
35,366,113.6,-3.4,4095,True,TOP
35,367,112.4,-3.6,4095,True,TOP
35,368,111.4,-3.8,3071,True,TOP
35,369,110.5,-3.9,2160,True,TOP
35,370,109.5,-4.0,1129,True,TOP
35,371,108.5,-3.9,180,False,TOP
35,372,107.5,-3.8,0,False,TOP
35,373,106.6,-3.7,0,False,TOP
35,374,105.6,-3.6,0,False,TOP
35,375,104.5,-3.5,0,False,TOP
35,376,103.3,-3.5,0,False,TOP
35,377,102.3,-3.5,0,False,TOP
35,378,101.1,-3.5,432,False,TOP
35,379,99.9,-3.5,1133,True,TOP
35,380,98.8,-3.4,1971,True,TOP
35,381,97.7,-3.6,2820,True,TOP
35,382,96.5,-3.6,3536,True,TOP
35,383,95.4,-3.6,4095,True,TOP
35,384,94.2,-3.7,4095,True,TOP
35,385,93.2,-3.7,4095,True,TOP
35,386,92.0,-3.7,4095,True,TOP
35,387,90.8,-3.8,4001,True,TOP
35,388,89.6,-3.9,2929,True,TOP
35,389,88.4,-4.0,2096,True,TOP
35,390,87.3,-4.1,1123,True,TOP
35,391,86.0,-4.1,26,False,TOP
35,392,84.6,-4.1,0,False,TOP
35,393,83.2,-4.1,0,False,TOP
35,394,81.8,-4.2,0,False,TOP
35,395,80.3,-4.5,0,False,TOP
35,396,79.1,-4.7,0,False,TOP
35,397,77.8,-4.6,0,False,TOP
35,398,76.6,-4.7,454,False,TOP
35,399,75.5,-4.8,1182,False,TOP
35,400,74.4,-4.9,2037,False,TOP
35,401,73.5,-5.0,2823,False,TOP
35,402,72.7,-5.0,3553,False,TOP
35,403,72.0,-5.0,4095,False,TOP
35,404,71.2,-4.9,4095,False,TOP
35,405,70.5,-4.8,4095,False,TOP
35,406,69.9,-4.9,4095,False,TOP
35,407,69.4,-4.8,4095,False,TOP
35,408,68.8,-4.8,3082,False,TOP
35,409,68.4,-4.6,2055,False,TOP
35,410,68.1,-4.6,997,False,TOP
35,411,67.8,-4.5,134,False,TOP
35,412,67.5,-4.5,0,False,TOP
35,413,67.3,-4.5,0,False,TOP
35,414,67.1,-4.4,0,False,TOP
35,415,66.9,-4.4,0,False,TOP
35,416,66.6,-4.3,0,False,TOP
35,417,66.4,-4.3,0,False,TOP
35,418,66.2,-4.2,474,False,TOP
35,419,66.0,-4.2,1215,False,TOP
35,420,65.8,-4.2,2021,False,TOP
35,421,65.6,-4.2,2849,False,TOP
35,422,65.5,-4.1,3557,False,TOP
35,423,65.3,-4.1,4095,False,TOP
35,424,65.2,-4.1,4095,False,TOP
35,425,65.1,-4.1,4095,False,TOP
35,426,65.1,-4.1,4095,False,TOP
35,427,65.1,-4.1,4095,False,TOP
35,428,65.2,-4.1,3071,False,TOP
35,429,65.3,-4.1,1898,False,TOP
35,430,65.5,-4.2,1012,False,TOP
35,431,65.9,-4.3,144,False,TOP
35,432,66.4,-4.2,0,False,TOP
35,433,66.9,-4.1,0,False,TOP
35,434,67.5,-3.9,0,False,TOP
35,435,68.3,-3.8,0,False,TOP
35,436,69.1,-3.7,0,False,TOP
35,437,70.0,-3.5,31,False,TOP
35,438,70.9,-3.4,400,False,TOP
35,439,71.9,-3.2,1232,False,TOP
35,440,73.0,-3.1,2058,False,TOP
35,441,74.1,-2.9,2818,False,TOP
35,442,75.3,-2.7,3574,False,TOP
35,443,76.5,-2.5,4095,False,TOP
35,444,77.6,-2.4,4095,False,TOP
35,445,78.9,-2.3,4095,False,TOP
35,446,80.2,-2.1,4095,True,TOP
35,447,81.5,-1.9,3997,True,TOP
35,448,82.8,-1.8,3063,True,TOP
35,449,84.2,-1.6,1961,True,TOP
35,450,85.5,-1.4,937,True,TOP
35,451,86.8,-1.2,70,False,TOP
35,452,88.2,-1.1,0,False,TOP
35,453,89.5,-1.0,0,False,TOP
35,454,90.8,-0.9,0,False,TOP
35,455,92.3,-0.8,0,False,TOP
35,456,93.8,-0.7,0,False,TOP
35,457,95.3,-0.5,48,False,TOP
35,458,96.8,-0.2,458,False,TOP
35,459,98.3,-0.0,1261,True,TOP
35,460,99.9,0.4,2090,True,TOP
35,461,101.5,0.7,2848,True,TOP
35,462,102.9,0.9,3533,True,TOP
35,463,104.4,1.1,4095,True,TOP
35,464,105.8,1.4,4095,True,TOP
35,465,107.2,1.7,4095,True,TOP
35,466,108.6,2.1,4095,True,TOP
35,467,109.9,2.3,3975,True,TOP
35,468,111.2,2.7,2961,True,TOP
35,469,112.5,2.9,2002,True,TOP
35,470,113.7,3.2,1071,True,TOP
35,471,115.0,3.4,189,False,TOP
35,472,116.3,3.4,0,False,TOP
35,473,117.5,3.6,0,False,TOP
35,474,118.8,3.5,0,False,TOP
35,475,120.0,3.5,0,False,TOP
35,476,121.3,3.5,0,False,TOP
35,477,122.6,3.7,31,False,TOP
35,478,123.9,3.8,429,False,TOP
35,479,125.1,4.0,1173,True,TOP
35,480,126.1,4.3,1901,True,TOP
35,481,126.8,4.4,2688,True,TOP
35,482,127.3,4.5,3324,True,TOP
35,483,127.7,4.6,4095,True,TOP
35,484,127.9,4.5,4095,True,TOP
35,485,128.0,4.3,4095,True,TOP
35,486,128.2,4.1,4095,True,TOP
35,487,128.3,3.9,3925,True,TOP
35,488,128.7,3.7,2979,True,TOP
35,489,129.0,3.6,2032,True,TOP
35,490,129.4,3.6,1010,True,TOP
35,491,129.8,3.6,18,False,TOP
35,492,130.2,3.5,0,False,TOP
35,493,130.5,3.6,0,False,TOP
35,494,130.9,3.6,0,False,TOP
35,495,131.3,3.6,0,False,TOP
35,496,131.5,3.5,0,False,TOP
35,497,131.8,3.5,106,False,TOP
35,498,132.0,3.5,433,False,TOP
35,499,132.1,3.5,1200,True,TOP
35,500,132.3,3.4,1996,True,TOP
35,501,132.4,3.3,2723,True,TOP
35,502,132.6,3.3,3371,True,TOP
35,503,132.8,3.2,4095,True,TOP
35,504,132.9,3.1,4095,True,TOP
35,505,133.1,3.1,4095,True,TOP
35,506,133.2,3.1,4095,True,TOP
35,507,133.3,3.1,3624,True,TOP
35,508,133.4,3.1,2985,True,TOP
35,509,133.4,3.1,1958,True,TOP
35,510,133.4,3.0,972,True,TOP
35,511,133.3,2.9,0,False,TOP
35,512,133.2,2.8,0,False,TOP
35,513,132.7,2.7,0,False,TOP
35,514,132.1,2.6,0,False,TOP
35,515,131.4,2.4,0,False,TOP
35,516,130.6,1.9,0,False,TOP
35,517,129.7,1.3,128,False,TOP
35,518,128.6,0.9,480,False,TOP
35,519,127.6,0.5,1315,True,TOP
35,520,126.5,0.1,2151,True,TOP
35,521,125.4,-0.3,2887,True,TOP
35,522,124.3,-0.8,3571,True,TOP
35,523,123.1,-1.0,4095,True,TOP
35,524,121.9,-1.3,4095,True,TOP
35,525,120.7,-1.7,4095,True,TOP
35,526,119.7,-1.8,4095,True,TOP
35,527,118.5,-1.9,3719,True,TOP
35,528,117.1,-2.1,2802,True,TOP
35,529,115.9,-2.5,1755,True,TOP
35,530,114.6,-2.7,761,True,TOP
35,531,113.1,-2.9,0,False,TOP
35,532,111.5,-3.0,0,False,TOP
35,533,109.9,-3.1,0,False,TOP
35,534,108.4,-3.3,0,False,TOP
35,535,107.0,-3.5,0,False,TOP
35,536,105.6,-3.8,0,False,TOP
35,537,104.2,-3.9,176,False,TOP
35,538,102.9,-4.2,549,True,TOP
35,539,101.7,-4.3,1415,True,TOP
35,540,100.5,-4.5,2271,True,TOP
35,541,99.1,-4.5,3023,True,TOP
35,542,97.9,-4.6,3786,True,TOP
35,543,96.7,-4.7,4095,True,TOP
35,544,95.4,-4.6,4095,True,TOP
35,545,94.1,-4.7,4095,True,TOP
35,546,93.0,-4.7,4095,True,TOP
35,547,91.8,-4.9,3679,True,TOP
35,548,90.6,-4.9,2689,True,TOP
35,549,89.4,-4.9,1664,True,TOP
35,550,88.3,-4.9,704,True,TOP
35,551,87.3,-5.1,0,False,TOP
35,552,86.2,-5.2,0,False,TOP
35,553,85.2,-5.3,0,False,TOP
35,554,84.2,-5.3,0,False,TOP
35,555,83.3,-5.4,0,False,TOP
35,556,82.4,-5.4,0,False,TOP
35,557,81.4,-5.5,237,False,TOP
35,558,80.3,-5.6,622,True,TOP
35,559,79.4,-5.7,1478,False,TOP
35,560,78.4,-5.8,2384,False,TOP
35,561,77.4,-5.9,3094,False,TOP
35,562,76.4,-5.9,3792,False,TOP
35,563,75.4,-5.9,4095,False,TOP
35,564,74.5,-6.0,4095,False,TOP
35,565,73.6,-6.1,4095,False,TOP
35,566,72.8,-6.2,4095,False,TOP
35,567,72.2,-6.3,3430,False,TOP
35,568,71.8,-6.4,2727,False,TOP
35,569,71.4,-6.4,1695,False,TOP
35,570,71.2,-6.4,634,False,TOP
35,571,71.0,-6.4,0,False,TOP
35,572,70.7,-6.3,0,False,TOP
35,573,70.5,-6.2,0,False,TOP
35,574,70.3,-6.0,0,False,TOP
35,575,70.1,-5.9,0,False,TOP
35,576,70.0,-5.7,0,False,TOP
35,577,69.8,-5.6,213,False,TOP
35,578,69.6,-5.5,690,False,TOP
35,579,69.5,-5.4,1495,False,TOP
35,580,69.3,-5.3,2403,False,TOP
35,581,69.2,-5.2,3119,False,TOP
35,582,69.1,-5.2,3775,False,TOP
35,583,68.9,-5.1,4095,False,TOP
35,584,68.9,-5.1,4095,False,TOP
35,585,68.9,-5.1,4095,False,TOP
35,586,68.9,-5.1,4095,False,TOP
35,587,69.0,-5.1,3472,False,TOP
35,588,69.0,-5.2,2641,False,TOP
35,589,69.1,-5.2,1503,False,TOP
35,590,69.3,-5.1,485,False,TOP
35,591,69.7,-5.0,0,False,TOP
35,592,70.0,-5.0,0,False,TOP
35,593,70.4,-4.9,0,False,TOP
35,594,70.8,-4.8,0,False,TOP
35,595,71.3,-4.7,0,False,TOP
35,596,72.0,-4.6,0,False,TOP
35,597,72.6,-4.5,228,False,TOP
35,598,73.4,-4.4,690,False,TOP
35,599,74.3,-4.2,1529,False,TOP
35,600,75.3,-4.1,2397,False,TOP
35,601,76.3,-3.9,3118,False,TOP
35,602,77.3,-3.8,3756,False,TOP
35,603,78.4,-3.6,4095,False,TOP
35,604,79.6,-3.3,4095,False,TOP
35,605,80.8,-3.2,4095,True,TOP
35,606,82.1,-2.9,4095,True,TOP
35,607,83.3,-2.6,3429,True,TOP
35,608,84.6,-2.4,2630,True,TOP
35,609,85.8,-2.0,1456,True,TOP
35,610,87.1,-1.9,589,True,TOP
35,611,88.3,-1.5,0,False,TOP
35,612,89.6,-1.2,0,False,TOP
35,613,90.8,-0.9,0,False,TOP
35,614,92.0,-0.7,0,False,TOP
35,615,93.2,-0.5,0,False,TOP
35,616,94.6,-0.3,0,False,TOP
35,617,95.8,-0.2,257,False,TOP
35,618,97.0,0.0,731,True,TOP
35,619,98.3,0.3,1584,True,TOP
35,620,99.4,0.4,2431,True,TOP
35,621,100.5,0.6,3090,True,TOP
35,622,101.7,0.8,3719,True,TOP
35,623,102.8,1.0,4095,True,TOP
35,624,104.0,1.2,4095,True,TOP
35,625,105.3,1.4,4095,True,TOP
35,626,106.5,1.4,4095,True,TOP
35,627,107.7,1.7,3359,True,TOP
35,628,108.7,2.0,2615,True,TOP
35,629,109.9,2.4,1578,True,TOP
35,630,111.0,2.6,528,True,TOP
35,631,112.2,2.8,0,False,TOP
35,632,113.3,3.0,0,False,TOP
35,633,114.5,3.2,0,False,TOP
35,634,115.5,3.4,0,False,TOP
35,635,116.6,3.5,0,False,TOP
35,636,117.7,3.7,0,False,TOP
35,637,118.9,3.8,303,False,TOP
35,638,120.0,3.9,745,True,TOP
35,639,121.1,4.0,1579,True,TOP
35,640,122.3,4.3,2415,True,TOP
35,641,123.5,4.5,3088,True,TOP
35,642,124.4,4.7,3730,True,TOP
35,643,125.5,4.7,4095,True,TOP
35,644,126.4,4.9,4095,True,TOP
35,645,127.2,5.0,4095,True,TOP
35,646,128.1,5.1,4095,True,TOP
35,647,128.9,5.2,3436,True,TOP
35,648,129.6,5.3,2544,True,TOP
35,649,130.3,5.4,1574,True,TOP
35,650,130.9,5.5,476,False,TOP
35,651,131.4,5.5,0,False,TOP
35,652,131.8,5.6,0,False,TOP
35,653,132.2,5.6,0,False,TOP
35,654,132.5,5.5,0,False,TOP
35,655,132.7,5.5,0,False,TOP
35,656,132.9,5.5,0,False,TOP
35,657,133.2,5.5,321,False,TOP
35,658,133.3,5.4,770,True,TOP
35,659,133.5,5.4,1619,True,TOP
35,660,133.7,5.3,2458,True,TOP
35,661,133.8,5.4,3135,True,TOP
35,662,133.9,5.4,3779,True,TOP
35,663,134.3,5.3,4095,True,TOP
35,664,134.4,5.3,4095,True,TOP
35,665,134.5,5.2,4095,True,TOP
35,666,134.7,5.0,4095,True,TOP
35,667,134.7,5.0,3341,True,TOP
35,668,134.9,4.9,2458,True,TOP
35,669,134.9,4.8,1483,True,TOP
35,670,135.0,4.8,509,True,TOP
35,671,135.1,4.7,0,False,TOP
35,672,135.2,4.6,0,False,TOP
35,673,135.3,4.6,0,False,TOP
35,674,135.3,4.5,0,False,TOP
35,675,135.3,4.5,0,False,TOP
35,676,135.3,4.4,0,False,TOP
35,677,135.3,4.4,251,False,TOP
35,678,135.2,4.4,799,True,TOP
35,679,135.0,4.4,1650,True,TOP
35,680,134.6,4.3,2495,True,TOP
35,681,134.1,4.3,3219,True,TOP
35,682,133.4,4.1,3773,True,TOP
35,683,132.5,3.9,4095,True,TOP
35,684,131.6,3.5,4095,True,TOP
35,685,130.5,3.3,4095,True,TOP
35,686,129.3,3.0,4095,True,TOP
35,687,128.1,2.7,3150,True,TOP
35,688,126.8,2.4,2272,True,TOP
35,689,125.6,2.0,1366,True,TOP
35,690,124.4,1.5,243,False,TOP
35,691,123.1,1.2,0,False,TOP
35,692,121.7,1.0,0,False,TOP
35,693,120.5,0.6,0,False,TOP
35,694,119.3,0.3,0,False,TOP
35,695,118.0,-0.0,0,False,TOP
35,696,116.5,-0.1,0,False,TOP
35,697,115.2,-0.3,397,False,TOP
35,698,114.1,-0.4,948,True,TOP
35,699,112.9,-0.7,1814,True,TOP
35,700,111.5,-0.8,2699,True,TOP
35,701,110.2,-0.9,3408,True,TOP
35,702,108.9,-0.9,4095,True,TOP
35,703,107.8,-1.1,4095,True,TOP
35,704,106.4,-1.3,4095,True,TOP
35,705,104.8,-1.4,4095,True,TOP
35,706,103.4,-1.5,4095,True,TOP
35,707,102.0,-1.5,3270,True,TOP
35,708,100.7,-1.7,2301,True,TOP
35,709,99.2,-1.7,1292,True,TOP
35,710,97.7,-1.8,257,False,TOP
35,711,96.4,-1.9,0,False,TOP
35,712,95.1,-2.0,0,False,TOP
35,713,93.7,-2.1,0,False,TOP
35,714,92.2,-2.1,0,False,TOP
35,715,90.8,-2.1,0,False,TOP
35,716,89.5,-2.2,0,False,TOP
35,717,88.2,-2.1,404,False,TOP
35,718,86.9,-2.3,981,True,TOP
35,719,85.5,-2.3,1883,True,TOP
35,720,84.2,-2.2,2762,True,TOP
35,721,82.9,-2.0,3468,True,TOP
35,722,81.5,-2.1,4016,True,TOP
35,723,80.2,-2.1,4095,True,TOP
35,724,78.7,-1.9,4095,False,TOP
35,725,77.5,-1.7,4095,False,TOP
35,726,76.2,-1.6,4095,False,TOP
35,727,74.8,-1.6,3114,False,TOP
35,728,73.6,-1.4,2192,False,TOP
35,729,72.7,-1.4,1065,False,TOP
35,730,71.8,-1.6,155,False,TOP
35,731,70.8,-1.7,0,False,TOP
35,732,70.0,-1.7,0,False,TOP
35,733,69.3,-1.7,0,False,TOP
35,734,68.6,-1.7,0,False,TOP
35,735,68.1,-1.7,0,False,TOP
35,736,67.5,-1.7,0,False,TOP
35,737,67.0,-1.7,413,False,TOP
35,738,66.6,-1.7,1056,False,TOP
35,739,66.2,-1.7,1983,False,TOP
35,740,65.8,-1.7,2821,False,TOP
35,741,65.5,-1.6,3520,False,TOP
35,742,65.2,-1.6,4075,False,TOP
35,743,65.0,-1.5,4095,False,TOP
35,744,64.7,-1.4,4095,False,TOP
35,745,64.4,-1.4,4095,False,TOP
35,746,64.1,-1.3,4095,False,TOP
35,747,63.7,-1.3,3149,False,TOP
35,748,63.4,-1.2,2183,False,TOP
35,749,63.1,-1.2,1123,False,TOP
35,750,62.7,-1.2,112,False,TOP
35,751,62.4,-1.2,0,False,TOP
35,752,62.1,-1.2,0,False,TOP
35,753,61.9,-1.3,0,False,TOP
35,754,61.7,-1.3,0,False,TOP
35,755,61.6,-1.3,0,False,TOP
35,756,61.4,-1.3,0,False,TOP
35,757,61.3,-1.2,433,False,TOP
35,758,61.2,-1.2,1115,False,TOP
35,759,61.1,-1.2,2011,False,TOP
35,760,61.0,-1.2,2815,False,TOP
35,761,61.1,-1.3,3543,False,TOP
35,762,61.3,-1.3,4095,False,TOP
35,763,61.5,-1.4,4095,False,TOP
35,764,61.8,-1.4,4095,False,TOP
35,765,62.1,-1.6,4095,False,TOP
35,766,62.5,-1.6,4095,False,TOP
35,767,63.1,-1.6,3120,False,TOP
35,768,63.7,-1.5,2102,False,TOP
35,769,64.4,-1.5,1023,False,TOP
35,770,65.1,-1.4,50,False,TOP
35,771,65.9,-1.3,0,False,TOP
35,772,66.8,-1.1,0,False,TOP
35,773,67.7,-0.9,0,False,TOP
35,774,68.7,-0.8,0,False,TOP
35,775,69.7,-0.7,0,False,TOP
35,776,70.8,-0.6,0,False,TOP
35,777,72.0,-0.4,432,False,TOP
35,778,73.3,-0.2,1113,False,TOP
35,779,74.6,-0.0,2000,False,TOP
35,780,76.0,0.2,2720,False,TOP
35,781,77.3,0.5,3443,False,TOP
35,782,78.7,0.8,4095,False,TOP
35,783,80.1,0.9,4095,True,TOP
35,784,81.5,1.2,4095,True,TOP
35,785,82.9,1.3,4095,True,TOP
35,786,84.4,1.5,3957,True,TOP
35,787,86.0,1.8,3057,True,TOP
35,788,87.7,2.2,2153,True,TOP
35,789,89.4,2.4,1155,True,TOP
35,790,91.0,2.6,336,False,TOP
35,791,92.7,2.8,0,False,TOP
35,792,94.5,3.0,0,False,TOP
35,793,96.4,3.3,0,False,TOP
35,794,98.1,3.7,0,False,TOP
35,795,99.8,3.9,0,False,TOP
35,796,101.6,4.2,0,False,TOP
35,797,103.2,4.4,349,False,TOP
35,798,104.8,4.6,973,True,TOP
35,799,106.4,4.7,1680,True,TOP
35,800,107.8,5.0,2241,True,TOP
35,801,109.2,5.0,2605,True,TOP
35,802,110.6,5.2,3005,True,TOP
35,803,112.1,5.4,3326,True,TOP
35,804,113.4,5.3,3833,True,TOP
35,805,115.0,5.5,4095,True,TOP
35,806,116.4,5.7,4087,True,TOP
35,807,117.8,5.9,3139,True,TOP
35,808,119.1,5.9,2320,True,TOP
35,809,120.4,5.7,1535,True,TOP
35,810,121.6,5.8,903,True,TOP
35,811,122.8,5.9,254,False,TOP
35,812,124.1,5.8,0,False,TOP
35,813,125.4,5.8,0,False,TOP
35,814,126.5,5.9,0,False,TOP
35,815,127.6,5.8,0,False,TOP
35,816,128.5,6.0,3,False,TOP
35,817,129.3,6.1,255,False,TOP
35,818,129.8,6.3,740,True,TOP
35,819,130.2,6.4,1294,True,TOP
35,820,130.4,6.4,1790,True,TOP
35,821,130.6,6.3,2313,True,TOP
35,822,130.8,6.1,2791,True,TOP
35,823,131.0,5.9,3071,True,TOP
35,824,131.3,5.7,3491,True,TOP
35,825,131.6,5.6,3984,True,TOP
35,826,131.9,5.5,3633,True,TOP
35,827,132.2,5.4,2912,True,TOP
35,828,132.5,5.4,2282,True,TOP
35,829,132.9,5.3,1633,True,TOP
35,830,133.1,5.4,1008,True,TOP
35,831,133.5,5.3,387,False,TOP
35,832,133.6,5.3,0,False,TOP
35,833,133.8,5.2,0,False,TOP
35,834,133.9,5.1,0,False,TOP
35,835,133.9,5.1,0,False,TOP
35,836,134.0,5.0,14,False,TOP
35,837,134.0,4.9,208,False,TOP
35,838,134.0,4.8,634,True,TOP
35,839,134.0,4.7,1114,True,TOP
35,840,134.0,4.7,1571,True,TOP
35,841,134.0,4.5,2015,True,TOP
35,842,133.9,4.4,2469,True,TOP
35,843,133.7,4.4,2758,True,TOP
35,844,133.7,4.3,3251,True,TOP
35,845,133.5,4.2,3622,True,TOP
35,846,133.2,4.2,3491,True,TOP
35,847,132.8,4.0,2779,True,TOP
35,848,132.4,4.0,2110,True,TOP
35,849,131.9,3.8,1556,True,TOP
35,850,131.3,3.6,882,True,TOP
35,851,130.6,3.5,320,False,TOP
35,852,129.9,3.3,0,False,TOP
35,853,129.0,3.1,0,False,TOP
35,854,128.0,2.8,0,False,TOP
35,855,126.8,2.7,0,False,TOP
35,856,125.6,2.2,15,False,TOP
35,857,124.5,2.0,210,False,TOP
35,858,123.0,1.4,714,True,TOP
35,859,121.4,1.4,1205,True,TOP
35,860,120.0,1.3,1685,True,TOP
35,861,118.5,1.1,2134,True,TOP
35,862,117.2,0.7,2559,True,TOP
35,863,115.4,0.3,2830,True,TOP
35,864,113.5,0.3,3319,True,TOP
35,865,111.8,0.3,3695,True,TOP
35,866,110.4,0.1,3297,True,TOP
35,867,108.8,-0.1,2809,True,TOP
35,868,106.9,-0.1,2125,True,TOP
35,869,105.4,-0.1,1470,True,TOP
35,870,104.1,-0.2,851,True,TOP
35,871,102.3,-0.2,289,False,TOP
35,872,100.3,-0.2,0,False,TOP
35,873,98.3,-0.1,0,False,TOP
35,874,96.7,-0.0,0,False,TOP
35,875,95.0,0.0,0,False,TOP
35,876,93.2,-0.1,37,False,TOP
35,877,91.4,-0.1,220,False,TOP
35,878,89.7,-0.1,702,True,TOP
35,879,88.3,0.1,1176,True,TOP
35,880,86.6,-0.0,1621,True,TOP
35,881,84.9,-0.1,2032,True,TOP
35,882,83.4,-0.1,2455,True,TOP
35,883,82.2,-0.1,2671,True,TOP
35,884,81.1,-0.1,3152,True,TOP
35,885,79.7,-0.3,3479,False,TOP
35,886,78.6,-0.2,3247,False,TOP
35,887,77.4,-0.3,2686,False,TOP
35,888,76.6,-0.2,2032,False,TOP
35,889,75.6,-0.2,1361,False,TOP
35,890,74.5,-0.1,773,False,TOP
35,891,73.6,-0.1,251,False,TOP
35,892,72.9,-0.1,0,False,TOP
35,893,72.3,-0.1,0,False,TOP
35,894,71.5,-0.1,0,False,TOP
35,895,70.8,-0.0,0,False,TOP
35,896,70.3,0.0,57,False,TOP
35,897,69.9,0.1,253,False,TOP
35,898,69.4,0.1,742,False,TOP
35,899,68.9,0.1,1200,False,TOP
35,900,68.5,0.2,1623,False,TOP
35,901,68.2,0.3,2023,False,TOP
35,902,67.8,0.4,2426,False,TOP
35,903,67.4,0.4,2643,False,TOP
35,904,67.1,0.5,3151,False,TOP
35,905,66.8,0.5,3484,False,TOP
35,906,66.4,0.6,3187,False,TOP
35,907,66.2,0.6,2633,False,TOP
35,908,65.9,0.6,1979,False,TOP
35,909,65.6,0.7,1313,False,TOP
35,910,65.3,0.7,746,False,TOP
35,911,65.0,0.7,214,False,TOP
35,912,64.7,0.7,0,False,TOP
35,913,64.4,0.7,0,False,TOP
35,914,64.2,0.7,0,False,TOP
35,915,63.9,0.7,0,False,TOP
35,916,63.7,0.7,56,False,TOP
35,917,63.5,0.7,273,False,TOP
35,918,63.3,0.7,720,False,TOP
35,919,63.1,0.7,1214,False,TOP
35,920,62.9,0.7,1616,False,TOP
35,921,62.7,0.7,2005,False,TOP
35,922,62.5,0.8,2416,False,TOP
35,923,62.2,0.8,2635,False,TOP
35,924,62.0,0.8,3168,False,TOP
35,925,61.8,0.9,3472,False,TOP
35,926,61.6,0.9,3104,False,TOP
35,927,61.4,1.0,2608,False,TOP
35,928,61.2,1.0,1947,False,TOP
35,929,61.0,1.0,1306,False,TOP
35,930,60.9,1.0,736,False,TOP
35,931,60.8,0.9,183,False,TOP
35,932,60.6,0.9,0,False,TOP
35,933,60.5,0.9,0,False,TOP
35,934,60.5,1.0,0,False,TOP
